Image,Component,Origin,License,Distributed by you?,Comments
init-tests,busybox,Ubuntu,collection of licenses,N,base image
scenescape-autocalibration,curl:7.88.1-10+deb12u14,Ubuntu,?MIT,Y,?used
scenescape-autocalibration,libbrotli1:amd64:1.0.9-2+b6,Ubuntu,?MIT,Y,?indirect dependency automatically installed
scenescape-autocalibration,libbsd0:amd64:0.11.7-2,Ubuntu,?BSD-3-Clause,Y,?indirect dependency automatically installed
scenescape-autocalibration,libcurl4:amd64:7.88.1-10+deb12u14,Ubuntu,?BSD-3-Clause,Y,?indirect dependency automatically installed
scenescape-autocalibration,libdrm-amdgpu1:amd64:2.4.114-1+b1,Ubuntu,?MIT,Y,?linked
scenescape-autocalibration,libdrm-common:2.4.114-1,Ubuntu,?MIT,Y,?linked
scenescape-autocalibration,libdrm-intel1:amd64:2.4.114-1+b1,Ubuntu,?MIT,Y,?linked
scenescape-autocalibration,libdrm-nouveau2:amd64:2.4.114-1+b1,Ubuntu,?MIT,Y,?linked
scenescape-autocalibration,libdrm-radeon1:amd64:2.4.114-1+b1,Ubuntu,?MIT,Y,?linked
scenescape-autocalibration,libdrm2:amd64:2.4.114-1+b1,Ubuntu,?MIT,Y,?linked
scenescape-autocalibration,libedit2:amd64:3.1-20221030-2,Ubuntu,?BSD-3-Clause,Y,?indirect dependency automatically installed
scenescape-autocalibration,libegl-mesa0:amd64:22.3.6-1+deb12u1,Ubuntu,?MIT,Y,?used by open3d
scenescape-autocalibration,libegl1:amd64:1.6.0-1,Ubuntu,?MIT,Y,?indirect dependency automatically installed
scenescape-autocalibration,libelf1:amd64:0.188-2.1,Ubuntu,?LGPL-3.0,Y,?imported
scenescape-autocalibration,libexpat1:amd64:2.5.0-1+deb12u2,Ubuntu,?MIT,Y,?indirect dependency automatically installed
scenescape-autocalibration,libgbm1:amd64:22.3.6-1+deb12u1,Ubuntu,?MIT,Y,?indirect dependency automatically installed
scenescape-autocalibration,libgl1-mesa-dri:amd64:22.3.6-1+deb12u1,Ubuntu,?MIT,Y,?indirect dependency automatically installed
scenescape-autocalibration,libgl1:amd64:1.6.0-1,Ubuntu,?MIT,Y,?indirect dependency automatically installed
scenescape-autocalibration,libglapi-mesa:amd64:22.3.6-1+deb12u1,Ubuntu,?MIT,Y,?indirect dependency automatically installed
scenescape-autocalibration,libglib2.0-0:amd64:2.74.6-2+deb12u8,Ubuntu,?LGPL-2.1,Y,?linked
scenescape-autocalibration,libglvnd0:amd64:1.6.0-1,Ubuntu,?MIT,Y,?indirect dependency automatically installed
scenescape-autocalibration,libglx-mesa0:amd64:22.3.6-1+deb12u1,Ubuntu,?MIT,Y,?indirect dependency automatically installed
scenescape-autocalibration,libglx0:amd64:1.6.0-1,Ubuntu,?MIT,Y,?indirect dependency automatically installed
scenescape-autocalibration,libgomp1:amd64:12.2.0-14+deb12u1,Ubuntu,?GPL-3.0,Y,?indirect dependency automatically installed
scenescape-autocalibration,libicu72:amd64:72.1-3+deb12u1,Ubuntu,GPL-3.0-only AND MIT,Y,?
scenescape-autocalibration,libldap-2.5-0:amd64:2.5.13+dfsg-5,Ubuntu,?OpenLDAP Public License,Y,?indirect dependency automatically installed
scenescape-autocalibration,libllvm15:amd64:1:15.0.6-4+b1,Ubuntu,?Apache-2.0 and BSD-3-Clause and MIT,Y,?used by openvino
scenescape-autocalibration,libnghttp2-14:amd64:1.52.0-1+deb12u2,Ubuntu,?MIT,Y,?indirect dependency automatically installed
scenescape-autocalibration,libpciaccess0:amd64:0.17-2,Ubuntu,?MIT,Y,?indirect dependency automatically installed
scenescape-autocalibration,libpsl5:amd64:0.21.2-1,Ubuntu,?MIT,Y,?indirect dependency automatically installed
scenescape-autocalibration,libpython3-stdlib:amd64:3.11.2-1+b1,Ubuntu,?PSF,Y,?indirect dependency automatically installed
scenescape-autocalibration,libpython3.11-minimal:amd64:3.11.2-6+deb12u6,Ubuntu,LicenseRef-By AND GPL-2.0-only AND LicenseRef-Permission AND LicenseRef-Redistribution AND LicenseRef-This,Y,?
scenescape-autocalibration,libpython3.11-stdlib:amd64:3.11.2-6+deb12u6,Ubuntu,LicenseRef-By AND GPL-2.0-only AND LicenseRef-Permission AND LicenseRef-Redistribution AND LicenseRef-This,Y,?
scenescape-autocalibration,librtmp1:amd64:2.4+20151223.gitfa8646d.1-2+b2,Ubuntu,?LGPL-2.1,Y,?indirect dependency automatically installed
scenescape-autocalibration,libsasl2-2:amd64:2.1.28+dfsg-10,Ubuntu,?BSD-4-Clause,Y,?indirect dependency automatically installed
scenescape-autocalibration,libsasl2-modules-db:amd64:2.1.28+dfsg-10,Ubuntu,?BSD-4-Clause,Y,?indirect dependency automatically installed
scenescape-autocalibration,libsensors-config:1:3.6.0-7.1,Ubuntu,?GPL-2.0,Y,?indirect dependency automatically installed
scenescape-autocalibration,libsensors5:amd64:1:3.6.0-7.1,Ubuntu,?GPL-2.0,Y,?indirect dependency automatically installed
scenescape-autocalibration,libssh2-1:amd64:1.10.0-3+b1,Ubuntu,LicenseRef-BSD3,Y,?
scenescape-autocalibration,libwayland-client0:amd64:1.21.0-1,Ubuntu,?X11,Y,?indirect dependency automatically installed
scenescape-autocalibration,libwayland-server0:amd64:1.21.0-1,Ubuntu,?X11,Y,?indirect dependency automatically installed
scenescape-autocalibration,libx11-6:amd64:2:1.8.4-2+deb12u2,Ubuntu,?MIT,Y,?indirect dependency automatically installed
scenescape-autocalibration,libx11-data:2:1.8.4-2+deb12u2,Ubuntu,?MIT,Y,?indirect dependency automatically installed
scenescape-autocalibration,libx11-xcb1:amd64:2:1.8.4-2+deb12u2,Ubuntu,?MIT,Y,?indirect dependency automatically installed
scenescape-autocalibration,libxau6:amd64:1:1.0.9-1,Ubuntu,?MIT,Y,?indirect dependency automatically installed
scenescape-autocalibration,libxcb-dri2-0:amd64:1.15-1,Ubuntu,?MIT,Y,?indirect dependency automatically installed
scenescape-autocalibration,libxcb-dri3-0:amd64:1.15-1,Ubuntu,?MIT,Y,?indirect dependency automatically installed
scenescape-autocalibration,libxcb-glx0:amd64:1.15-1,Ubuntu,?MIT,Y,?indirect dependency automatically installed
scenescape-autocalibration,libxcb-present0:amd64:1.15-1,Ubuntu,?MIT,Y,?indirect dependency automatically installed
scenescape-autocalibration,libxcb-randr0:amd64:1.15-1,Ubuntu,?MIT,Y,?indirect dependency automatically installed
scenescape-autocalibration,libxcb-shm0:amd64:1.15-1,Ubuntu,?MIT,Y,?indirect dependency automatically installed
scenescape-autocalibration,libxcb-sync1:amd64:1.15-1,Ubuntu,?MIT,Y,?indirect dependency automatically installed
scenescape-autocalibration,libxcb-xfixes0:amd64:1.15-1,Ubuntu,?MIT,Y,?indirect dependency automatically installed
scenescape-autocalibration,libxcb1:amd64:1.15-1,Ubuntu,?MIT,Y,?indirect dependency automatically installed
scenescape-autocalibration,libxdmcp6:amd64:1:1.1.2-3,Ubuntu,?MIT,Y,?indirect dependency automatically installed
scenescape-autocalibration,libxext6:amd64:2:1.3.4-1+b1,Ubuntu,?MIT,Y,?indirect dependency automatically installed
scenescape-autocalibration,libxfixes3:amd64:1:6.0.0-2,Ubuntu,?MIT,Y,?indirect dependency automatically installed
scenescape-autocalibration,libxml2:amd64:2.9.14+dfsg-1.3~deb12u5,Ubuntu,?MIT,Y,?indirect dependency automatically installed
scenescape-autocalibration,libxshmfence1:amd64:1.3-1,Ubuntu,?MIT,Y,?indirect dependency automatically installed
scenescape-autocalibration,libxxf86vm1:amd64:1:1.1.4-1+b2,Ubuntu,?MIT,Y,?indirect dependency automatically installed
scenescape-autocalibration,libz3-4:amd64:4.8.12-3.1,Ubuntu,?LicenseRef-Expat AND GPL-2.0-only AND GPL-2.0-or-later,Y,?indirect dependency automatically installed
scenescape-autocalibration,media-types:10.0.0,Ubuntu,?GPL-2.0,Y,?indirect dependency automatically installed
scenescape-autocalibration,python3:3.11.2-1+b1,Ubuntu,?PSF,Y,?indirect dependency automatically installed
scenescape-autocalibration,python3-distutils:3.11.2-3,Ubuntu,?PSF,Y,?indirect dependency automatically installed
scenescape-autocalibration,python3-lib2to3:3.11.2-3,Ubuntu,?PSF,Y,?indirect dependency automatically installed
scenescape-autocalibration,python3-minimal:3.11.2-1+b1,Ubuntu,?PSF,Y,?indirect dependency automatically installed
scenescape-autocalibration,python3-pip:23.0.1+dfsg-1,Ubuntu,?Apache-2.0,Y,?indirect dependency automatically installed
scenescape-autocalibration,python3-pkg-resources:66.1.1-1+deb12u2,Ubuntu,?MIT,Y,?indirect dependency automatically installed
scenescape-autocalibration,python3-setuptools:66.1.1-1+deb12u2,Ubuntu,?MIT,Y,?indirect dependency automatically installed
scenescape-autocalibration,python3-wheel:0.38.4-2,Ubuntu,?Apache-2.0,Y,?indirect dependency automatically installed
scenescape-autocalibration,python3.11:3.11.2-6+deb12u6,Ubuntu,LicenseRef-By AND GPL-2.0-only AND LicenseRef-Permission AND LicenseRef-Redistribution AND LicenseRef-This,Y,?
scenescape-autocalibration,python3.11-minimal:3.11.2-6+deb12u6,Ubuntu,LicenseRef-By AND GPL-2.0-only AND LicenseRef-Permission AND LicenseRef-Redistribution AND LicenseRef-This,Y,?
scenescape-autocalibration,python:3.11-slim-bookworm@sha256:65a93d69fa75478d554f4ad27c85c1e69fa184956261b4301ebaf6dbb0a3543d,Ubuntu,collection of licenses,N,base image
scenescape-autocalibration,wget:1.21.3-1+deb12u1,Ubuntu,?GPL-3.0,Y,?used
scenescape-autocalibration,ConfigArgParse==1.7.1,pypi,?MIT,Y,?indirect dependency. auto installed
scenescape-autocalibration,Flask==3.1.3,pypi,?BSD-3-Clause,Y,?indirect dependency. auto installed
scenescape-autocalibration,Flask-SocketIO==5.6.1,pypi,?MIT,Y,?imported
scenescape-autocalibration,Jinja2==3.1.6,pypi,?BSD-3-Clause,Y,?indirect dependency. auto installed
scenescape-autocalibration,MarkupSafe==3.0.3,pypi,?BSD-3-Clause,Y,?indirect dependency. auto installed
scenescape-autocalibration,PySocks==1.7.1,pypi,?BSD-3-Clause,Y,?indirect dependency. auto installed
scenescape-autocalibration,PyYAML==6.0.3,pypi,?MIT,Y,?imported
scenescape-autocalibration,Pygments==2.19.2,pypi,?BSD-3-Clause,Y,?indirect dependency. auto installed
scenescape-autocalibration,Werkzeug==3.1.6,pypi,?BSD-3-Clause,Y,?indirect dependency. auto installed
scenescape-autocalibration,addict==2.4.0,pypi,?MIT,Y,?imported
scenescape-autocalibration,asttokens==3.0.1,pypi,?Apache-2.0,Y,?indirect dependency. auto installed
scenescape-autocalibration,attrs==25.4.0,pypi,?MIT,Y,?indirect dependency. auto installed
scenescape-autocalibration,beautifulsoup4==4.14.3,pypi,?MIT,Y,?indirect dependency. auto installed
scenescape-autocalibration,bidict==0.23.1,pypi,?LicenseRef-MPL-2.0,Y,?indirect dependency. auto installed
scenescape-autocalibration,blinker==1.9.0,pypi,?MIT,Y,?indirect dependency. auto installed
scenescape-autocalibration,certifi==2026.2.25,pypi,?MPL-2.0,Y,?indirect dependency. auto installed
scenescape-autocalibration,cffi==2.0.0,pypi,?MIT,Y,?indirect dependency. auto installed
scenescape-autocalibration,charset-normalizer==3.4.5,pypi,?MIT,Y,?indirect dependency. auto installed
scenescape-autocalibration,click==8.3.1,pypi,?BSD-3-Clause,Y,?indirect dependency. auto installed
scenescape-autocalibration,comm==0.2.3,pypi,?BSD-3-Clause,Y,?indirect dependency. auto installed
scenescape-autocalibration,contourpy==1.3.3,pypi,?MIT,Y,?indirect dependency. auto installed
scenescape-autocalibration,cryptography==46.0.5,pypi,(Apache-2.0 OR BSD-3-Clause),Y,?
scenescape-autocalibration,cycler==0.12.1,pypi,?BSD-3-Clause,Y,?indirect dependency. auto installed
scenescape-autocalibration,dash==4.0.0,pypi,?MIT,Y,?indirect dependency. auto installed
scenescape-autocalibration,decorator==5.2.1,pypi,?BSD-2-Clause,Y,?indirect dependency. auto installed
scenescape-autocalibration,dnspython==2.8.0,pypi,?ISC,Y,?indirect dependency. auto installed
scenescape-autocalibration,dt_apriltags @ file:///tmp/dt_apriltags-3.3.0-py3-none-any.whl#sha256=9ef40ac8fa5b2129da7bcf5d81863c4f137a7d4e03af3463d1d4650dd07ba346,pypi,?,Y,?
scenescape-autocalibration,durationpy==0.10,pypi,?MIT,Y,?indirect dependency. auto installed
scenescape-autocalibration,eventlet==0.40.3,pypi,?MIT,Y,?imported
scenescape-autocalibration,executing==2.2.1,pypi,?MIT,Y,?indirect dependency. auto installed
scenescape-autocalibration,fastjsonschema==2.21.2,pypi,?MIT,Y,?imported
scenescape-autocalibration,filelock==3.25.0,pypi,?Unlicense,Y,?indirect dependency. auto installed
scenescape-autocalibration,fonttools==4.61.1,pypi,?MIT,Y,?indirect dependency. auto installed
scenescape-autocalibration,fsspec==2026.2.0,pypi,?BSD-3-Clause,Y,?indirect dependency. auto installed
scenescape-autocalibration,gdown==5.2.1,pypi,?MIT,Y,?imported
scenescape-autocalibration,google-auth==2.48.0,pypi,?Apache-2.0,Y,?indirect dependency. auto installed
scenescape-autocalibration,greenlet==3.3.2,pypi,?(MIT AND Python-2.0),Y,?indirect dependency. auto installed
scenescape-autocalibration,h11==0.16.0,pypi,?MIT,Y,?indirect dependency. auto installed
scenescape-autocalibration,h5py==3.15.1,pypi,?BSD-3-Clause,Y,?imported
scenescape-autocalibration,hloc @ file:///tmp/hloc-1.3-py3-none-any.whl#sha256=1a42f9b258f7d01bf81a801181dd066e5ad3dbdb83695f906b0e41129827f67f,pypi,?Apache-2.0,Y,?imported
scenescape-autocalibration,idna==3.11,pypi,?BSD-3-Clause,Y,?indirect dependency. auto installed
scenescape-autocalibration,importlib_metadata==8.7.1,pypi,?Apache-2.0,Y,?indirect dependency. auto installed
scenescape-autocalibration,ipython==9.10.0,pypi,?BSD-3-Clause,Y,?indirect dependency. auto installed
scenescape-autocalibration,ipython_pygments_lexers==1.1.1,pypi,?BSD-3-Clause,Y,?indirect dependency. auto installed
scenescape-autocalibration,ipywidgets==8.1.8,pypi,?BSD-3-Clause,Y,?indirect dependency. auto installed
scenescape-autocalibration,isodate==0.7.2,pypi,?BSD-3-Clause,Y,?indirect dependency. auto installed
scenescape-autocalibration,itsdangerous==2.2.0,pypi,?BSD-3-Clause,Y,?indirect dependency. auto installed
scenescape-autocalibration,jedi==0.19.2,pypi,?MIT,Y,?indirect dependency. auto installed
scenescape-autocalibration,joblib==1.5.3,pypi,?BSD-3-Clause,Y,?indirect dependency. auto installed
scenescape-autocalibration,jsonschema==4.26.0,pypi,?MIT,Y,?imported
scenescape-autocalibration,jsonschema-specifications==2025.9.1,pypi,?MIT,Y,?indirect dependency. auto installed
scenescape-autocalibration,jupyter_core==5.9.1,pypi,?BSD-3-Clause,Y,?indirect dependency. auto installed
scenescape-autocalibration,jupyterlab_widgets==3.0.16,pypi,?BSD-3-Clause,Y,?indirect dependency. auto installed
scenescape-autocalibration,kiwisolver==1.4.9,pypi,?BSD License,Y,?indirect dependency. auto installed
scenescape-autocalibration,kornia==0.8.2,pypi,?Apache-2.0,Y,?imported
scenescape-autocalibration,kornia_rs==0.1.10,pypi,?Apache-2.0,Y,?indirect dependency. auto installed
scenescape-autocalibration,kubernetes==34.1.0,pypi,?Apache-2.0,Y,?unused
scenescape-autocalibration,lxml==6.0.2,pypi,?BSD-3-Clause,Y,?indirect dependency. auto installed
scenescape-autocalibration,matplotlib==3.10.8,pypi,?PSF,Y,?imported
scenescape-autocalibration,matplotlib-inline==0.2.1,pypi,?MIT,Y,?indirect dependency. auto installed
scenescape-autocalibration,mpmath==1.3.0,pypi,?BSD-3-Clause,Y,?indirect dependency. auto installed
scenescape-autocalibration,narwhals==2.17.0,pypi,?MIT,Y,?indirect dependency. auto installed
scenescape-autocalibration,nbformat==5.10.4,pypi,?BSD-3-Clause,Y,?indirect dependency. auto installed
scenescape-autocalibration,nest-asyncio==1.6.0,pypi,?BSD-3-Clause,Y,?indirect dependency. auto installed
scenescape-autocalibration,networkx==3.6.1,pypi,?BSD-3-Clause,Y,?indirect dependency. auto installed
scenescape-autocalibration,numpy==2.2.6,pypi,?BSD-3-Clause,Y,?imported
scenescape-autocalibration,oauthlib==3.3.1,pypi,?BSD-3-Clause,Y,?indirect dependency. auto installed
scenescape-autocalibration,onvif_zeep==0.2.12,pypi,?,Y,?
scenescape-autocalibration,open3d-cpu==0.19.0,pypi,?MIT,Y,?imported
scenescape-autocalibration,opencv-python-headless==4.12.0.88,pypi,?MIT,Y,?imported
scenescape-autocalibration,packaging==26.0,pypi,?Apache-2.0,Y,?imported
scenescape-autocalibration,paho-mqtt==2.1.0,pypi,?EPL-1.0,Y,?imported
scenescape-autocalibration,pandas==3.0.1,pypi,?BSD-3-Clause,Y,?indirect dependency. auto installed
scenescape-autocalibration,parso==0.8.6,pypi,?MIT,Y,?indirect dependency. auto installed
scenescape-autocalibration,pexpect==4.9.0,pypi,?ISC,Y,?indirect dependency. auto installed
scenescape-autocalibration,pillow==12.1.1,pypi,?MIT,Y,?imported
scenescape-autocalibration,pip==26.0.1,pypi,?MIT,Y,?used
scenescape-autocalibration,platformdirs==4.9.4,pypi,?MIT,Y,?indirect dependency. auto installed
scenescape-autocalibration,plotly==6.6.0,pypi,?MIT,Y,?indirect dependency. auto installed
scenescape-autocalibration,prompt_toolkit==3.0.52,pypi,?BSD-3-Clause,Y,?indirect dependency. auto installed
scenescape-autocalibration,ptyprocess==0.7.0,pypi,?ISC,Y,?indirect dependency. auto installed
scenescape-autocalibration,pure_eval==0.2.3,pypi,?MIT,Y,?indirect dependency. auto installed
scenescape-autocalibration,pyasn1==0.6.2,pypi,?BSD-2-Clause,Y,?indirect dependency. auto installed
scenescape-autocalibration,pyasn1_modules==0.4.2,pypi,?BSD-2-Clause,Y,?indirect dependency. auto installed
scenescape-autocalibration,pycolmap==0.6.0,pypi,?BSD-3-Clause,Y,?imported
scenescape-autocalibration,pycparser==3.0,pypi,?BSD-3-Clause,Y,?indirect dependency. auto installed
scenescape-autocalibration,pyparsing==3.3.2,pypi,?MIT,Y,?indirect dependency. auto installed
scenescape-autocalibration,pyquaternion==0.9.9,pypi,?MIT,Y,?indirect dependency. auto installed
scenescape-autocalibration,python-dateutil==2.9.0.post0,pypi,?BSD-3-Clause,Y,?indirect dependency. auto installed
scenescape-autocalibration,python-engineio==4.13.1,pypi,?MIT,Y,?indirect dependency. auto installed
scenescape-autocalibration,python-socketio==5.16.1,pypi,?MIT,Y,?indirect dependency. auto installed
scenescape-autocalibration,pytz==2026.1.post1,pypi,?MIT,Y,?imported
scenescape-autocalibration,referencing==0.37.0,pypi,?MIT,Y,?indirect dependency. auto installed
scenescape-autocalibration,requests==2.32.5,pypi,?Apache-2.0,Y,?imported
scenescape-autocalibration,requests-file==3.0.1,pypi,?ISC,Y,?indirect dependency. auto installed
scenescape-autocalibration,requests-oauthlib==2.0.0,pypi,?ISC,Y,?indirect dependency. auto installed
scenescape-autocalibration,requests-toolbelt==1.0.0,pypi,?Apache-2.0,Y,?indirect dependency. auto installed
scenescape-autocalibration,retrying==1.4.2,pypi,?Apache-2.0,Y,?indirect dependency. auto installed
scenescape-autocalibration,rpds-py==0.30.0,pypi,?MIT,Y,?indirect dependency. auto installed
scenescape-autocalibration,rsa==4.9.1,pypi,?Apache-2.0,Y,?indirect dependency. auto installed
scenescape-autocalibration,scikit-learn==1.8.0,pypi,?BSD-3-Clause,Y,?indirect dependency. auto installed
scenescape-autocalibration,scipy==1.16.3,pypi,?BSD-3-Clause,Y,?imported
scenescape-autocalibration,setuptools==82.0.0,pypi,?MIT,Y,?imported
scenescape-autocalibration,simple-websocket==1.1.0,pypi,?MIT,Y,?indirect dependency. auto installed
scenescape-autocalibration,six==1.17.0,pypi,?MIT,Y,?indirect dependency. auto installed
scenescape-autocalibration,soupsieve==2.8.3,pypi,?MIT,Y,?indirect dependency. auto installed
scenescape-autocalibration,stack-data==0.6.3,pypi,?MIT,Y,?indirect dependency. auto installed
scenescape-autocalibration,sympy==1.14.0,pypi,?BSD-3-Clause,Y,?imported
scenescape-autocalibration,third_party @ file:///tmp/third_party-1.0.0-py3-none-any.whl#sha256=65cb8471ae6d684ef84c42b66e3f266b25c71aaf762e77d59890690016ea97c5,pypi,?,Y,?
scenescape-autocalibration,threadpoolctl==3.6.0,pypi,?BSD-3-Clause,Y,?indirect dependency. auto installed
scenescape-autocalibration,torch==2.10.0+cpu,pypi,?BSD-3-Clause,Y,?imported
scenescape-autocalibration,torchvision==0.25.0+cpu,pypi,?BSD-3-Clause,Y,?imported
scenescape-autocalibration,tqdm==4.67.3,pypi,?MPL-2.0,Y,?imported
scenescape-autocalibration,traitlets==5.14.3,pypi,?BSD-3-Clause,Y,?indirect dependency. auto installed
scenescape-autocalibration,trimesh==4.11.2,pypi,?MIT,Y,?imported
scenescape-autocalibration,typing_extensions==4.15.0,pypi,?PSF,Y,?indirect dependency. auto installed
scenescape-autocalibration,urllib3==2.3.0,pypi,?MIT,Y,?imported
scenescape-autocalibration,wcwidth==0.6.0,pypi,?MIT,Y,?indirect dependency. auto installed
scenescape-autocalibration,websocket-client==1.9.0,pypi,?BSD-3-Clause,Y,?indirect dependency. auto installed
scenescape-autocalibration,wheel==0.46.3,pypi,?MIT,Y,?indirect dependency. auto installed
scenescape-autocalibration,widgetsnbextension==4.0.15,pypi,?BSD-3-Clause,Y,?indirect dependency. auto installed
scenescape-autocalibration,wsproto==1.3.2,pypi,?MIT,Y,?indirect dependency. auto installed
scenescape-autocalibration,zeep==4.3.2,pypi,?MIT,Y,?indirect dependency. auto installed
scenescape-autocalibration,zipp==3.23.0,pypi,?MIT,Y,?indirect dependency. auto installed
scenescape-cluster-analytics,libbsd0:amd64:0.11.7-2,Ubuntu,?BSD-3-Clause,N,?indirect dependency automatically installed
scenescape-cluster-analytics,libdrm-amdgpu1:amd64:2.4.114-1+b1,Ubuntu,MIT,N,indirect dependency automatically installed
scenescape-cluster-analytics,libdrm-common:2.4.114-1,Ubuntu,MIT,N,indirect dependency automatically installed
scenescape-cluster-analytics,libdrm-intel1:amd64:2.4.114-1+b1,Ubuntu,MIT,N,indirect dependency automatically installed
scenescape-cluster-analytics,libdrm-nouveau2:amd64:2.4.114-1+b1,Ubuntu,?MIT,N,?linked
scenescape-cluster-analytics,libdrm-radeon1:amd64:2.4.114-1+b1,Ubuntu,?MIT,N,?linked
scenescape-cluster-analytics,libdrm2:amd64:2.4.114-1+b1,Ubuntu,MIT,N,indirect dependency automatically installed
scenescape-cluster-analytics,libedit2:amd64:3.1-20221030-2,Ubuntu,BSD-3-Clause,N,indirect dependency automatically installed
scenescape-cluster-analytics,libelf1:amd64:0.188-2.1,Ubuntu,?LGPL-3.0,N,?imported
scenescape-cluster-analytics,libexpat1:amd64:2.5.0-1+deb12u2,Ubuntu,MIT,N,indirect dependency automatically installed
scenescape-cluster-analytics,libgl1-mesa-dri:amd64:22.3.6-1+deb12u1,Ubuntu,MIT,N,indirect dependency automatically installed
scenescape-cluster-analytics,libgl1:amd64:1.6.0-1,Ubuntu,MIT,N,indirect dependency automatically installed
scenescape-cluster-analytics,libglapi-mesa:amd64:22.3.6-1+deb12u1,Ubuntu,?MIT,N,?indirect dependency automatically installed
scenescape-cluster-analytics,libglib2.0-0:amd64:2.74.6-2+deb12u8,Ubuntu,?LGPL-2.1,N,?linked
scenescape-cluster-analytics,libglvnd0:amd64:1.6.0-1,Ubuntu,MIT,N,indirect dependency automatically installed
scenescape-cluster-analytics,libglx-mesa0:amd64:22.3.6-1+deb12u1,Ubuntu,MIT,N,indirect dependency automatically installed
scenescape-cluster-analytics,libglx0:amd64:1.6.0-1,Ubuntu,MIT,N,indirect dependency automatically installed
scenescape-cluster-analytics,libicu72:amd64:72.1-3+deb12u1,Ubuntu,GPL-3.0-only AND MIT,N,?
scenescape-cluster-analytics,libllvm15:amd64:1:15.0.6-4+b1,Ubuntu,?Apache-2.0 and BSD-3-Clause and MIT,N,?used by openvino
scenescape-cluster-analytics,libpciaccess0:amd64:0.17-2,Ubuntu,MIT,N,indirect dependency automatically installed
scenescape-cluster-analytics,libsensors-config:1:3.6.0-7.1,Ubuntu,GPL-2.0,N,indirect dependency automatically installed
scenescape-cluster-analytics,libsensors5:amd64:1:3.6.0-7.1,Ubuntu,GPL-2.0,N,indirect dependency automatically installed
scenescape-cluster-analytics,libx11-6:amd64:2:1.8.4-2+deb12u2,Ubuntu,MIT,N,indirect dependency automatically installed
scenescape-cluster-analytics,libx11-data:2:1.8.4-2+deb12u2,Ubuntu,MIT,N,indirect dependency automatically installed
scenescape-cluster-analytics,libx11-xcb1:amd64:2:1.8.4-2+deb12u2,Ubuntu,MIT,N,indirect dependency automatically installed
scenescape-cluster-analytics,libxau6:amd64:1:1.0.9-1,Ubuntu,MIT,N,indirect dependency automatically installed
scenescape-cluster-analytics,libxcb-dri2-0:amd64:1.15-1,Ubuntu,?MIT,N,?indirect dependency automatically installed
scenescape-cluster-analytics,libxcb-dri3-0:amd64:1.15-1,Ubuntu,MIT,N,indirect dependency automatically installed
scenescape-cluster-analytics,libxcb-glx0:amd64:1.15-1,Ubuntu,MIT,N,indirect dependency automatically installed
scenescape-cluster-analytics,libxcb-present0:amd64:1.15-1,Ubuntu,MIT,N,indirect dependency automatically installed
scenescape-cluster-analytics,libxcb-randr0:amd64:1.15-1,Ubuntu,MIT,N,indirect dependency automatically installed
scenescape-cluster-analytics,libxcb-shm0:amd64:1.15-1,Ubuntu,MIT,N,indirect dependency automatically installed
scenescape-cluster-analytics,libxcb-sync1:amd64:1.15-1,Ubuntu,MIT,N,indirect dependency automatically installed
scenescape-cluster-analytics,libxcb-xfixes0:amd64:1.15-1,Ubuntu,MIT,N,indirect dependency automatically installed
scenescape-cluster-analytics,libxcb1:amd64:1.15-1,Ubuntu,MIT,N,indirect dependency automatically installed
scenescape-cluster-analytics,libxdmcp6:amd64:1:1.1.2-3,Ubuntu,MIT,N,indirect dependency automatically installed
scenescape-cluster-analytics,libxext6:amd64:2:1.3.4-1+b1,Ubuntu,MIT,N,indirect dependency automatically installed
scenescape-cluster-analytics,libxfixes3:amd64:1:6.0.0-2,Ubuntu,?MIT,N,?indirect dependency automatically installed
scenescape-cluster-analytics,libxml2:amd64:2.9.14+dfsg-1.3~deb12u5,Ubuntu,MIT,N,indirect dependency automatically installed
scenescape-cluster-analytics,libxshmfence1:amd64:1.3-1,Ubuntu,MIT,N,indirect dependency automatically installed
scenescape-cluster-analytics,libxxf86vm1:amd64:1:1.1.4-1+b2,Ubuntu,MIT,N,indirect dependency automatically installed
scenescape-cluster-analytics,libz3-4:amd64:4.8.12-3.1,Ubuntu,LicenseRef-Expat AND GPL-2.0-only AND GPL-2.0-or-later,N,indirect dependency automatically installed
scenescape-cluster-analytics,python:3.11-slim-bookworm@sha256:65a93d69fa75478d554f4ad27c85c1e69fa184956261b4301ebaf6dbb0a3543d,Ubuntu,collection of licenses,N,base image
scenescape-cluster-analytics,Flask==3.1.1,pypi,BSD-3-Clause,N,imported
scenescape-cluster-analytics,Flask-SocketIO==5.4.1,pypi,BSD-3-Clause,N,imported
scenescape-cluster-analytics,Jinja2==3.1.6,pypi,BSD-3-Clause,N,dependency
scenescape-cluster-analytics,MarkupSafe==3.0.3,pypi,BSD-3-Clause,N,dependency
scenescape-cluster-analytics,Werkzeug==3.1.5,pypi,BSD-3-Clause,N,dependency
scenescape-cluster-analytics,bidict==0.23.1,pypi,LicenseRef-MPL-2.0,N,dependency
scenescape-cluster-analytics,blinker==1.9.0,pypi,MIT,N,dependency
scenescape-cluster-analytics,click==8.3.0,pypi,BSD-3-Clause,N,dependency
scenescape-cluster-analytics,dnspython==2.7.0,pypi,ISC,N,dependency
scenescape-cluster-analytics,eventlet==0.40.3,pypi,MIT,N,dependency
scenescape-cluster-analytics,greenlet==3.1.1,pypi,LicenseRef-MIT-License,N,dependency
scenescape-cluster-analytics,h11==0.16.0,pypi,MIT,N,dependency
scenescape-cluster-analytics,itsdangerous==2.2.0,pypi,BSD-3-Clause,N,dependency
scenescape-cluster-analytics,joblib==1.5.2,pypi,BSD-3-Clause,N,dependency
scenescape-cluster-analytics,numpy==2.3.5,pypi,BSD-3-Clause,N,imported
scenescape-cluster-analytics,opencv-python-headless==4.11.0.86,pypi,MIT,N,imported
scenescape-cluster-analytics,packaging==24.2,pypi,Apache-2.0,N,imported
scenescape-cluster-analytics,paho-mqtt==2.1.0,pypi,EPL-1.0,N,imported
scenescape-cluster-analytics,pip==26.0.1,pypi,MIT,N,used
scenescape-cluster-analytics,protobuf==6.33.5,pypi,BSD-3-Clause,N,dependency
scenescape-cluster-analytics,python-engineio==4.12.3,pypi,MIT,N,dependency
scenescape-cluster-analytics,python-socketio==5.14.0,pypi,MIT,N,dependency
scenescape-cluster-analytics,scikit-learn==1.6.1,pypi,BSD-3-Clause,N,imported
scenescape-cluster-analytics,scipy==1.16.2,pypi,BSD-3-Clause,N,imported
scenescape-cluster-analytics,setuptools==82.0.0,pypi,?MIT,N,?imported
scenescape-cluster-analytics,simple-websocket==1.1.0,pypi,MIT,N,dependency
scenescape-cluster-analytics,threadpoolctl==3.6.0,pypi,BSD-3-Clause,N,dependency
scenescape-cluster-analytics,wheel==0.46.3,pypi,?MIT,N,?indirect dependency. auto installed
scenescape-cluster-analytics,wsproto==1.2.0,pypi,LicenseRef-MIT-License,N,dependency
scenescape-controller,fontconfig:2.14.1-4,Ubuntu,MIT,Y,indirect dependency automatically installed
scenescape-controller,fontconfig-config:2.14.1-4,Ubuntu,MIT,Y,indirect dependency automatically installed
scenescape-controller,fonts-dejavu-core:2.37-6,Ubuntu,Bitstream Vera License,Y,indirect dependency automatically installed
scenescape-controller,gdal-data:3.6.2+dfsg-1,Ubuntu,MIT,Y,indirect dependency automatically installed
scenescape-controller,gdal-plugins:3.6.2+dfsg-1+b2,Ubuntu,Apache-2.0 AND BSD-3-Clause AND LicenseRef-Base64 AND LicenseRef-Expat AND GPL-3.0-only AND GPL-3.0-or-later AND LicenseRef-HPND-3i AND LicenseRef-HPND-disclaimer AND LicenseRef-HPND-eos AND LicenseRef-HPND-p-sl-sgi AND LicenseRef-HPND-sl-gl-sgi AND LicenseRef-HPND-sl-sgi AND IJG AND ISC AND LicenseRef-ITT AND Info-ZIP AND LGPL-2.0-only AND LGPL-2.0-or-later AND PostgreSQL AND Qhull AND LicenseRef-cpl-mem-cache AND LicenseRef-fontconfig AND Libpng AND LicenseRef-public-domain AND Zlib,Y,?
scenescape-controller,gosu:1.14-1+b10,Ubuntu,Apache-2.0,Y,Used at initialization
scenescape-controller,libaec0:amd64:1.0.6-1+b1,Ubuntu,BSD-2-Clause,Y,indirect dependency automatically installed
scenescape-controller,libaom3:amd64:3.6.0-1+deb12u2,Ubuntu,BSD-2-Clause,Y,indirect dependency automatically installed
scenescape-controller,libarchive13:amd64:3.6.2-1+deb12u3,Ubuntu,Apache-2.0 AND LicenseRef-BSD-1-clause-UCB AND LicenseRef-BSD-124-clause-UCB AND BSD-2-Clause AND LicenseRef-BSD-3-clause-UCB AND LicenseRef-BSD-4-clause-UCB AND CC0-1.0 AND LicenseRef-Expat AND LicenseRef-OpenSSL-SSLeay AND LicenseRef-PD,Y,?
scenescape-controller,libarmadillo11:1:11.4.2+dfsg-1,Ubuntu,LicenseRef-Apache AND Apache-2.0 AND GPL-2.0-only,Y,?
scenescape-controller,libarpack2:amd64:3.8.0-3,Ubuntu,BSD-3-Clause,Y,?
scenescape-controller,libblas3:amd64:3.11.0-2,Ubuntu,BSD-3-Clause,Y,indirect dependency automatically installed
scenescape-controller,libblosc1:amd64:1.21.3+ds-1,Ubuntu,BSD-3-Clause,Y,indirect dependency automatically installed
scenescape-controller,libbrotli1:amd64:1.0.9-2+b6,Ubuntu,MIT,Y,indirect dependency automatically installed
scenescape-controller,libbsd0:amd64:0.11.7-2,Ubuntu,BSD-3-Clause,Y,indirect dependency automatically installed
scenescape-controller,libcfitsio10:amd64:4.2.0-3,Ubuntu,GPL-2.0-only AND LGPL-2.0-only,Y,?
scenescape-controller,libcharls2:amd64:2.4.1-1,Ubuntu,BSD-3-Clause,Y,indirect dependency automatically installed
scenescape-controller,libcurl3-gnutls:amd64:7.88.1-10+deb12u14,Ubuntu,?BSD-3-Clause AND BSD-4-Clause AND ISC AND curl AND LicenseRef-other AND LicenseRef-public-domain,Y,?indirect dependency. auto installed
scenescape-controller,libcurl4:amd64:7.88.1-10+deb12u14,Ubuntu,?BSD-3-Clause,Y,?indirect dependency automatically installed
scenescape-controller,libdav1d6:amd64:1.0.0-2+deb12u1,Ubuntu,BSD-2-Clause AND ISC AND LicenseRef-public-domain,Y,?
scenescape-controller,libdbus-1-3:amd64:1.14.10-1~deb12u1,Ubuntu,AFL-2.1 License,Y,indirect dependency automatically installed
scenescape-controller,libde265-0:amd64:1.0.11-1+deb12u2,Ubuntu,LGPL-2.1,Y,indirect dependency automatically installed
scenescape-controller,libdeflate0:amd64:1.14-1,Ubuntu,MIT,Y,indirect dependency automatically installed
scenescape-controller,libdouble-conversion3:amd64:3.2.1-1,Ubuntu,BSD-3-Clause,Y,indirect dependency automatically installed
scenescape-controller,libdrm-amdgpu1:amd64:2.4.114-1+b1,Ubuntu,MIT,Y,indirect dependency automatically installed
scenescape-controller,libdrm-common:2.4.114-1,Ubuntu,MIT,Y,indirect dependency automatically installed
scenescape-controller,libdrm-intel1:amd64:2.4.114-1+b1,Ubuntu,MIT,Y,indirect dependency automatically installed
scenescape-controller,libdrm-nouveau2:amd64:2.4.114-1+b1,Ubuntu,?MIT,Y,?linked
scenescape-controller,libdrm-radeon1:amd64:2.4.114-1+b1,Ubuntu,?MIT,Y,?linked
scenescape-controller,libdrm2:amd64:2.4.114-1+b1,Ubuntu,MIT,Y,linked
scenescape-controller,libedit2:amd64:3.1-20221030-2,Ubuntu,BSD-3-Clause,Y,indirect dependency automatically installed
scenescape-controller,libegl-mesa0:amd64:22.3.6-1+deb12u1,Ubuntu,MIT,Y,used by open3d
scenescape-controller,libegl1:amd64:1.6.0-1,Ubuntu,MIT,Y,indirect dependency automatically installed
scenescape-controller,libelf1:amd64:0.188-2.1,Ubuntu,?LGPL-3.0,Y,?imported
scenescape-controller,libevdev2:amd64:1.13.0+dfsg-1,Ubuntu,MIT,Y,indirect dependency automatically installed
scenescape-controller,libexpat1:amd64:2.5.0-1+deb12u2,Ubuntu,MIT,Y,indirect dependency automatically installed
scenescape-controller,libfontconfig1:amd64:2.14.1-4,Ubuntu,MIT,Y,indirect dependency automatically installed
scenescape-controller,libfreetype6:amd64:2.12.1+dfsg-5+deb12u4,Ubuntu,FTL,Y,indirect dependency automatically installed
scenescape-controller,libfreexl1:amd64:1.0.6-2,Ubuntu,MIT,Y,indirect dependency automatically installed
scenescape-controller,libfyba0:amd64:4.1.1-8,Ubuntu,GPL-2.0-only AND GPL-2.0-or-later AND MIT,Y,?
scenescape-controller,libgbm1:amd64:22.3.6-1+deb12u1,Ubuntu,MIT,Y,indirect dependency automatically installed
scenescape-controller,libgdal32:3.6.2+dfsg-1+b2,Ubuntu,Apache-2.0 AND BSD-3-Clause AND LicenseRef-Base64 AND LicenseRef-Expat AND GPL-3.0-only AND GPL-3.0-or-later AND LicenseRef-HPND-3i AND LicenseRef-HPND-disclaimer AND LicenseRef-HPND-eos AND LicenseRef-HPND-p-sl-sgi AND LicenseRef-HPND-sl-gl-sgi AND LicenseRef-HPND-sl-sgi AND IJG AND ISC AND LicenseRef-ITT AND Info-ZIP AND LGPL-2.0-only AND LGPL-2.0-or-later AND PostgreSQL AND Qhull AND LicenseRef-cpl-mem-cache AND LicenseRef-fontconfig AND Libpng AND LicenseRef-public-domain AND Zlib,Y,?
scenescape-controller,libgdcm3.0:amd64:3.0.21-1,Ubuntu,Apache-2.0 AND BSD-2-Clause AND LicenseRef-BSD-3-clause-alike-Alexander-Chemeris AND LicenseRef-BSD-3-clause-alike-CREATIS AND LicenseRef-BSD-3-clause-alike-Jan-de-Vaan AND LicenseRef-BSD-3-clause-alike-Mathieu-Malaterre AND LicenseRef-BSD-3-clause-alike-Theodore-Ts AND BSD-4-Clause AND LicenseRef-BSL AND LicenseRef-Expat AND LGPL-2.0-only AND LGPL-2.0-or-later AND Zlib AND LicenseRef-gdcmjpeg AND LicenseRef-public-domain AND LicenseRef-socketxx AND LicenseRef-zlib-libpng,Y,?
scenescape-controller,libgeos-c1v5:amd64:3.11.1-1,Ubuntu,Apache-2.0 AND BSL-1.0 AND LicenseRef-Expat AND LGPL-2.1-only AND LGPL-2.1-or-later AND Zlib,Y,?
scenescape-controller,libgeos3.11.1:amd64:3.11.1-1,Ubuntu,Apache-2.0 AND BSL-1.0 AND LicenseRef-Expat AND LGPL-2.1-only AND LGPL-2.1-or-later AND Zlib,Y,?
scenescape-controller,libgeotiff5:amd64:1.7.1-2+b1,Ubuntu,MIT,Y,indirect dependency automatically installed
scenescape-controller,libgfortran5:amd64:12.2.0-14+deb12u1,Ubuntu,GPL-3.0,Y,indirect dependency automatically installed
scenescape-controller,libgif7:amd64:5.2.1-2.5,Ubuntu,MIT,Y,indirect dependency automatically installed
scenescape-controller,libgl1-mesa-dri:amd64:22.3.6-1+deb12u1,Ubuntu,MIT,Y,indirect dependency automatically installed
scenescape-controller,libgl1:amd64:1.6.0-1,Ubuntu,MIT,Y,used by opencv
scenescape-controller,libglapi-mesa:amd64:22.3.6-1+deb12u1,Ubuntu,?MIT,Y,?indirect dependency automatically installed
scenescape-controller,libglib2.0-0:amd64:2.74.6-2+deb12u8,Ubuntu,?LGPL-2.1,Y,?linked
scenescape-controller,libglvnd0:amd64:1.6.0-1,Ubuntu,MIT,Y,indirect dependency automatically installed
scenescape-controller,libglx-mesa0:amd64:22.3.6-1+deb12u1,Ubuntu,MIT,Y,indirect dependency automatically installed
scenescape-controller,libglx0:amd64:1.6.0-1,Ubuntu,MIT,Y,indirect dependency automatically installed
scenescape-controller,libgomp1:amd64:12.2.0-14+deb12u1,Ubuntu,GPL-3.0,Y,indirect dependency automatically installed
scenescape-controller,libgraphite2-3:amd64:1.3.14-1,Ubuntu,SIL Open Font License,Y,indirect dependency automatically installed
scenescape-controller,libgudev-1.0-0:amd64:237-2,Ubuntu,LGPL-2.0-only AND LGPL-2.0-or-later,Y,?
scenescape-controller,libharfbuzz0b:amd64:6.0.0+dfsg-3,Ubuntu,MIT,Y,indirect dependency automatically installed
scenescape-controller,libhdf4-0-alt:4.2.15-5,Ubuntu,Apache-2.0 AND BSD-3-Clause AND GPL-2.0-only AND GPL-2.0-or-later AND LicenseRef-HDF4 AND NetCDF,Y,?
scenescape-controller,libhdf5-103-1:amd64:1.10.8+repack1-1,Ubuntu,BSD-3-Clause AND GPL-2.0-only AND GPL-2.0-or-later,Y,?
scenescape-controller,libhdf5-hl-100:amd64:1.10.8+repack1-1,Ubuntu,BSD-3-Clause AND GPL-2.0-only AND GPL-2.0-or-later,Y,?
scenescape-controller,libheif1:amd64:1.15.1-1+deb12u1,Ubuntu,LGPL-2.1,Y,indirect dependency automatically installed
scenescape-controller,libhwloc15:amd64:2.9.0-1,Ubuntu,BSD-3-Clause,Y,indirect dependency automatically installed
scenescape-controller,libice6:amd64:2:1.0.10-1,Ubuntu,MIT,Y,indirect dependency automatically installed
scenescape-controller,libicu72:amd64:72.1-3+deb12u1,Ubuntu,GPL-3.0-only AND MIT,Y,?
scenescape-controller,libimath-3-1-29:amd64:3.1.6-1,Ubuntu,LicenseRef-imath,Y,?
scenescape-controller,libinput-bin:1.22.1-1,Ubuntu,LGPL-2.1,Y,indirect dependency automatically installed
scenescape-controller,libinput10:amd64:1.22.1-1,Ubuntu,LGPL-2.1,Y,indirect dependency automatically installed
scenescape-controller,libjbig0:amd64:2.1-6.1,Ubuntu,GPL-2.0-or-later,Y,indirect dependency automatically installed
scenescape-controller,libjpeg62-turbo:amd64:1:2.1.5-2,Ubuntu,BSD-3-Clause AND LicenseRef-BSD-BY-LC-NE AND LicenseRef-Expat AND NTP AND Zlib,Y,?
scenescape-controller,libjson-c5:amd64:0.16-2,Ubuntu,LGPL-2.0,Y,indirect dependency automatically installed
scenescape-controller,libkmlbase1:amd64:1.3.0-10,Ubuntu,BSD-3-Clause AND GPL-3.0-only AND GPL-3.0-or-later AND Zlib,Y,?
scenescape-controller,libkmldom1:amd64:1.3.0-10,Ubuntu,BSD-3-Clause AND GPL-3.0-only AND GPL-3.0-or-later AND Zlib,Y,?
scenescape-controller,libkmlengine1:amd64:1.3.0-10,Ubuntu,BSD-3-Clause AND GPL-3.0-only AND GPL-3.0-or-later AND Zlib,Y,?
scenescape-controller,liblapack3:amd64:3.11.0-2,Ubuntu,BSD-3-Clause,Y,indirect dependency automatically installed
scenescape-controller,liblcms2-2:amd64:2.14-2,Ubuntu,BSD-3-Clause,Y,indirect dependency automatically installed
scenescape-controller,libldap-2.5-0:amd64:2.5.13+dfsg-5,Ubuntu,?OpenLDAP Public License,Y,?indirect dependency automatically installed
scenescape-controller,liblept5:amd64:1.82.0-3+b3,Ubuntu,BSD-3-Clause,Y,indirect dependency automatically installed
scenescape-controller,liblerc4:amd64:4.0.0+ds-2,Ubuntu,MIT,Y,indirect dependency automatically installed
scenescape-controller,libllvm15:amd64:1:15.0.6-4+b1,Ubuntu,?Apache-2.0 and BSD-3-Clause and MIT,Y,?used by openvino
scenescape-controller,libltdl7:amd64:2.4.7-7~deb12u1,Ubuntu,BSD-3-Clause,Y,indirect dependency automatically installed
scenescape-controller,libmariadb3:amd64:1:10.11.14-0+deb12u2,Ubuntu,LicenseRef-Artistic AND BSD-2-Clause AND BSD-2-Clause AND BSD-3-Clause AND GPL-2.0-only AND GPL-2.0-or-later AND LicenseRef-GPL-2--with-bison-exception AND LicenseRef-GPL-3--with-bison-exception AND LicenseRef-LGPL AND LGPL-2.0-only AND LGPL-2.0-or-later AND LGPL-2.1-only AND LGPL-2.1-or-later AND LicenseRef-SWsoft AND LicenseRef-public-domain AND LicenseRef-unlimited-free-doc AND LicenseRef-zlib-libpng,Y,?
scenescape-controller,libmd4c0:amd64:0.4.8-1,Ubuntu,MIT,Y,indirect dependency automatically installed
scenescape-controller,libminizip1:amd64:1.1-8+deb12u1,Ubuntu,Zlib,Y,?
scenescape-controller,libmtdev1:amd64:1.1.6-1,Ubuntu,LicenseRef-Expat,Y,?
scenescape-controller,libnetcdf19:amd64:1:4.9.0-3+b1,Ubuntu,BSD-3-Clause AND BSL-1.0 AND CC-BY-4.0 AND LicenseRef-Expat AND GPL-3.0-only AND GPL-3.0-or-later AND HDF5 AND NetCDF AND LicenseRef-Unicode-data AND Zlib AND LicenseRef-ncxml AND LicenseRef-public-domain,Y,?
scenescape-controller,libnghttp2-14:amd64:1.52.0-1+deb12u2,Ubuntu,MIT,Y,indirect dependency automatically installed
scenescape-controller,libnspr4:amd64:2:4.35-1,Ubuntu,MIT,Y,indirect dependency automatically installed
scenescape-controller,libnss3:amd64:2:3.87.1-1+deb12u2,Ubuntu,BSD-3-Clause,Y,indirect dependency automatically installed
scenescape-controller,libnuma1:amd64:2.0.16-1,Ubuntu,LicenseRef-GPL AND LicenseRef-LGPL,Y,?
scenescape-controller,libodbc2:amd64:2.3.11-2+deb12u1,Ubuntu,LGPL-2.1,Y,indirect dependency automatically installed
scenescape-controller,libodbcinst2:amd64:2.3.11-2+deb12u1,Ubuntu,LGPL-2.1,Y,indirect dependency automatically installed
scenescape-controller,libogdi4.1:4.1.0+ds-6,Ubuntu,GPL-2.0-only AND GPL-2.0-or-later AND LGPL-2.1-only AND LGPL-2.1-or-later AND MIT AND LicenseRef-OGDI-3I AND LicenseRef-OGDI-LAS AND LicenseRef-OGDI-QUEEN AND LicenseRef-VPFLIB AND LicenseRef-public-domain,Y,?
scenescape-controller,libopencv-calib3d406:amd64:4.6.0+dfsg-12,Ubuntu,Apache-2.0 AND BSD-2-Clause AND BSD-3-Clause AND BSD-3-Clause AND LicenseRef-Expat AND GPL-2.0-only AND GPL-2.0-or-later AND LicenseRef-STEREO-CALIB-PERMISSIVE,Y,?
scenescape-controller,libopencv-contrib406:amd64:4.6.0+dfsg-12,Ubuntu,Apache-2.0 AND BSD-2-Clause AND BSD-3-Clause AND BSD-3-Clause AND LicenseRef-Expat AND GPL-2.0-only AND GPL-2.0-or-later AND LicenseRef-STEREO-CALIB-PERMISSIVE,Y,?
scenescape-controller,libopencv-core406:amd64:4.6.0+dfsg-12,Ubuntu,Apache-2.0 AND BSD-2-Clause AND BSD-3-Clause AND BSD-3-Clause AND LicenseRef-Expat AND GPL-2.0-only AND GPL-2.0-or-later AND LicenseRef-STEREO-CALIB-PERMISSIVE,Y,?
scenescape-controller,libopencv-dnn406:amd64:4.6.0+dfsg-12,Ubuntu,Apache-2.0 AND BSD-2-Clause AND BSD-3-Clause AND BSD-3-Clause AND LicenseRef-Expat AND GPL-2.0-only AND GPL-2.0-or-later AND LicenseRef-STEREO-CALIB-PERMISSIVE,Y,?
scenescape-controller,libopencv-features2d406:amd64:4.6.0+dfsg-12,Ubuntu,Apache-2.0 AND BSD-2-Clause AND BSD-3-Clause AND BSD-3-Clause AND LicenseRef-Expat AND GPL-2.0-only AND GPL-2.0-or-later AND LicenseRef-STEREO-CALIB-PERMISSIVE,Y,?
scenescape-controller,libopencv-flann406:amd64:4.6.0+dfsg-12,Ubuntu,Apache-2.0 AND BSD-2-Clause AND BSD-3-Clause AND BSD-3-Clause AND LicenseRef-Expat AND GPL-2.0-only AND GPL-2.0-or-later AND LicenseRef-STEREO-CALIB-PERMISSIVE,Y,?
scenescape-controller,libopencv-highgui406:amd64:4.6.0+dfsg-12,Ubuntu,Apache-2.0 AND BSD-2-Clause AND BSD-3-Clause AND BSD-3-Clause AND LicenseRef-Expat AND GPL-2.0-only AND GPL-2.0-or-later AND LicenseRef-STEREO-CALIB-PERMISSIVE,Y,?
scenescape-controller,libopencv-imgcodecs406:amd64:4.6.0+dfsg-12,Ubuntu,Apache-2.0 AND BSD-2-Clause AND BSD-3-Clause AND BSD-3-Clause AND LicenseRef-Expat AND GPL-2.0-only AND GPL-2.0-or-later AND LicenseRef-STEREO-CALIB-PERMISSIVE,Y,?
scenescape-controller,libopencv-imgproc406:amd64:4.6.0+dfsg-12,Ubuntu,Apache-2.0 AND BSD-2-Clause AND BSD-3-Clause AND BSD-3-Clause AND LicenseRef-Expat AND GPL-2.0-only AND GPL-2.0-or-later AND LicenseRef-STEREO-CALIB-PERMISSIVE,Y,?
scenescape-controller,libopencv-ml406:amd64:4.6.0+dfsg-12,Ubuntu,Apache-2.0 AND BSD-2-Clause AND BSD-3-Clause AND BSD-3-Clause AND LicenseRef-Expat AND GPL-2.0-only AND GPL-2.0-or-later AND LicenseRef-STEREO-CALIB-PERMISSIVE,Y,?
scenescape-controller,libopencv-objdetect406:amd64:4.6.0+dfsg-12,Ubuntu,Apache-2.0 AND BSD-2-Clause AND BSD-3-Clause AND BSD-3-Clause AND LicenseRef-Expat AND GPL-2.0-only AND GPL-2.0-or-later AND LicenseRef-STEREO-CALIB-PERMISSIVE,Y,?
scenescape-controller,libopencv-stitching406:amd64:4.6.0+dfsg-12,Ubuntu,Apache-2.0 AND BSD-2-Clause AND BSD-3-Clause AND BSD-3-Clause AND LicenseRef-Expat AND GPL-2.0-only AND GPL-2.0-or-later AND LicenseRef-STEREO-CALIB-PERMISSIVE,Y,?
scenescape-controller,libopencv-video406:amd64:4.6.0+dfsg-12,Ubuntu,Apache-2.0 AND BSD-2-Clause AND BSD-3-Clause AND BSD-3-Clause AND LicenseRef-Expat AND GPL-2.0-only AND GPL-2.0-or-later AND LicenseRef-STEREO-CALIB-PERMISSIVE,Y,?
scenescape-controller,libopenexr-3-1-30:amd64:3.1.5-5,Ubuntu,BSD-3-Clause,Y,indirect dependency automatically installed
scenescape-controller,libopengl0:amd64:1.6.0-1,Ubuntu,BSD-3-Clause,Y,indirect dependency automatically installed
scenescape-controller,libopenjp2-7:amd64:2.5.0-2+deb12u2,Ubuntu,BSD-2-Clause,Y,indirect dependency automatically installed
scenescape-controller,libpciaccess0:amd64:0.17-2,Ubuntu,MIT,Y,indirect dependency automatically installed
scenescape-controller,libpcre2-16-0:amd64:10.42-1,Ubuntu,BSD-3-Clause,Y,indirect dependency automatically installed
scenescape-controller,libpng16-16:amd64:1.6.39-2+deb12u3,Ubuntu,?libpng License,Y,?indirect dependency automatically installed
scenescape-controller,libpoppler126:amd64:22.12.0-2+deb12u1,Ubuntu,Apache-2.0 AND GPL-2.0-only AND GPL-3.0-only,Y,?
scenescape-controller,libpq5:amd64:15.16-0+deb12u1,Ubuntu,PostgreSQL,Y,indirect dependency automatically installed
scenescape-controller,libproj25:amd64:9.1.1-1+b1,Ubuntu,BSD-3-Clause,Y,indirect dependency automatically installed
scenescape-controller,libprotobuf32:amd64:3.21.12-3,Ubuntu,Apache-2.0 AND BSD-3-Clause AND LicenseRef-BSD-3-Clause-Google AND LicenseRef-Expat AND GPL-2.0-only AND GPL-3.0-only AND LicenseRef-GPLWithACException AND LicenseRef-Public-Domain,Y,?
scenescape-controller,libpsl5:amd64:0.21.2-1,Ubuntu,?MIT,Y,?indirect dependency automatically installed
scenescape-controller,libpython3-stdlib:amd64:3.11.2-1+b1,Ubuntu,PSF,Y,indirect dependency automatically installed
scenescape-controller,libpython3.11-minimal:amd64:3.11.2-6+deb12u6,Ubuntu,LicenseRef-By AND GPL-2.0-only AND LicenseRef-Permission AND LicenseRef-Redistribution AND LicenseRef-This,Y,?
scenescape-controller,libpython3.11-stdlib:amd64:3.11.2-6+deb12u6,Ubuntu,LicenseRef-By AND GPL-2.0-only AND LicenseRef-Permission AND LicenseRef-Redistribution AND LicenseRef-This,Y,?
scenescape-controller,libpython3.11:amd64:3.11.2-6+deb12u6,Ubuntu,LicenseRef-By AND GPL-2.0-only AND LicenseRef-Permission AND LicenseRef-Redistribution AND LicenseRef-This,Y,?
scenescape-controller,libqhull-r8.0:amd64:2020.2-5,Ubuntu,Qhull License,Y,indirect dependency automatically installed
scenescape-controller,libqt5core5a:amd64:5.15.8+dfsg-11+deb12u3,Ubuntu,Apache-2.0 AND BSD-2-Clause AND BSD-3-Clause AND LicenseRef-Bitstream AND CC0-1.0 AND LicenseRef-Expat AND FTL AND GFDL-1.3-only AND LicenseRef-GFDL-NIV-1.3 AND GPL-2.0-only AND GPL-2.0-or-later AND GPL-3.0-only AND LicenseRef-Harfbuzz AND LicenseRef-Hybrid-BSD AND LicenseRef-ICC AND LGPL-2.1-only AND LGPL-2.1-or-later AND LGPL-3.0-only AND MPL-2.0 AND LicenseRef-Unicode AND W3C AND Zlib AND LicenseRef-brg-endian AND LicenseRef-libjpeg AND Libpng AND LicenseRef-public-domain,Y,?
scenescape-controller,libqt5dbus5:amd64:5.15.8+dfsg-11+deb12u3,Ubuntu,Apache-2.0 AND BSD-2-Clause AND BSD-3-Clause AND LicenseRef-Bitstream AND CC0-1.0 AND LicenseRef-Expat AND FTL AND GFDL-1.3-only AND LicenseRef-GFDL-NIV-1.3 AND GPL-2.0-only AND GPL-2.0-or-later AND GPL-3.0-only AND LicenseRef-Harfbuzz AND LicenseRef-Hybrid-BSD AND LicenseRef-ICC AND LGPL-2.1-only AND LGPL-2.1-or-later AND LGPL-3.0-only AND MPL-2.0 AND LicenseRef-Unicode AND W3C AND Zlib AND LicenseRef-brg-endian AND LicenseRef-libjpeg AND Libpng AND LicenseRef-public-domain,Y,?
scenescape-controller,libqt5gui5:amd64:5.15.8+dfsg-11+deb12u3,Ubuntu,Apache-2.0 AND BSD-2-Clause AND BSD-3-Clause AND LicenseRef-Bitstream AND CC0-1.0 AND LicenseRef-Expat AND FTL AND GFDL-1.3-only AND LicenseRef-GFDL-NIV-1.3 AND GPL-2.0-only AND GPL-2.0-or-later AND GPL-3.0-only AND LicenseRef-Harfbuzz AND LicenseRef-Hybrid-BSD AND LicenseRef-ICC AND LGPL-2.1-only AND LGPL-2.1-or-later AND LGPL-3.0-only AND MPL-2.0 AND LicenseRef-Unicode AND W3C AND Zlib AND LicenseRef-brg-endian AND LicenseRef-libjpeg AND Libpng AND LicenseRef-public-domain,Y,?
scenescape-controller,libqt5network5:amd64:5.15.8+dfsg-11+deb12u3,Ubuntu,Apache-2.0 AND BSD-2-Clause AND BSD-3-Clause AND LicenseRef-Bitstream AND CC0-1.0 AND LicenseRef-Expat AND FTL AND GFDL-1.3-only AND LicenseRef-GFDL-NIV-1.3 AND GPL-2.0-only AND GPL-2.0-or-later AND GPL-3.0-only AND LicenseRef-Harfbuzz AND LicenseRef-Hybrid-BSD AND LicenseRef-ICC AND LGPL-2.1-only AND LGPL-2.1-or-later AND LGPL-3.0-only AND MPL-2.0 AND LicenseRef-Unicode AND W3C AND Zlib AND LicenseRef-brg-endian AND LicenseRef-libjpeg AND Libpng AND LicenseRef-public-domain,Y,?
scenescape-controller,libqt5opengl5:amd64:5.15.8+dfsg-11+deb12u3,Ubuntu,Apache-2.0 AND BSD-2-Clause AND BSD-3-Clause AND LicenseRef-Bitstream AND CC0-1.0 AND LicenseRef-Expat AND FTL AND GFDL-1.3-only AND LicenseRef-GFDL-NIV-1.3 AND GPL-2.0-only AND GPL-2.0-or-later AND GPL-3.0-only AND LicenseRef-Harfbuzz AND LicenseRef-Hybrid-BSD AND LicenseRef-ICC AND LGPL-2.1-only AND LGPL-2.1-or-later AND LGPL-3.0-only AND MPL-2.0 AND LicenseRef-Unicode AND W3C AND Zlib AND LicenseRef-brg-endian AND LicenseRef-libjpeg AND Libpng AND LicenseRef-public-domain,Y,?
scenescape-controller,libqt5test5:amd64:5.15.8+dfsg-11+deb12u3,Ubuntu,Apache-2.0 AND BSD-2-Clause AND BSD-3-Clause AND LicenseRef-Bitstream AND CC0-1.0 AND LicenseRef-Expat AND FTL AND GFDL-1.3-only AND LicenseRef-GFDL-NIV-1.3 AND GPL-2.0-only AND GPL-2.0-or-later AND GPL-3.0-only AND LicenseRef-Harfbuzz AND LicenseRef-Hybrid-BSD AND LicenseRef-ICC AND LGPL-2.1-only AND LGPL-2.1-or-later AND LGPL-3.0-only AND MPL-2.0 AND LicenseRef-Unicode AND W3C AND Zlib AND LicenseRef-brg-endian AND LicenseRef-libjpeg AND Libpng AND LicenseRef-public-domain,Y,?
scenescape-controller,libqt5widgets5:amd64:5.15.8+dfsg-11+deb12u3,Ubuntu,Apache-2.0 AND BSD-2-Clause AND BSD-3-Clause AND LicenseRef-Bitstream AND CC0-1.0 AND LicenseRef-Expat AND FTL AND GFDL-1.3-only AND LicenseRef-GFDL-NIV-1.3 AND GPL-2.0-only AND GPL-2.0-or-later AND GPL-3.0-only AND LicenseRef-Harfbuzz AND LicenseRef-Hybrid-BSD AND LicenseRef-ICC AND LGPL-2.1-only AND LGPL-2.1-or-later AND LGPL-3.0-only AND MPL-2.0 AND LicenseRef-Unicode AND W3C AND Zlib AND LicenseRef-brg-endian AND LicenseRef-libjpeg AND Libpng AND LicenseRef-public-domain,Y,?
scenescape-controller,libquadmath0:amd64:12.2.0-14+deb12u1,Ubuntu,LicenseRef-Artistic AND GFDL-1.2-only AND LicenseRef-GPL AND GPL-2.0-only AND GPL-3.0-only AND LicenseRef-LGPL,Y,?
scenescape-controller,librtmp1:amd64:2.4+20151223.gitfa8646d.1-2+b2,Ubuntu,LGPL-2.1,Y,indirect dependency automatically installed
scenescape-controller,librttopo1:amd64:1.1.0-3,Ubuntu,GPL-2.0,Y,indirect dependency automatically installed
scenescape-controller,libsasl2-2:amd64:2.1.28+dfsg-10,Ubuntu,MIT,Y,indirect dependency automatically installed
scenescape-controller,libsasl2-modules-db:amd64:2.1.28+dfsg-10,Ubuntu,MIT,Y,indirect dependency automatically installed
scenescape-controller,libsensors-config:1:3.6.0-7.1,Ubuntu,LGPL-2.1,Y,indirect dependency automatically installed
scenescape-controller,libsensors5:amd64:1:3.6.0-7.1,Ubuntu,LGPL-2.1,Y,indirect dependency automatically installed
scenescape-controller,libsm6:amd64:2:1.2.3-1,Ubuntu,MIT,Y,indirect dependency automatically installed
scenescape-controller,libsnappy1v5:amd64:1.1.9-3,Ubuntu,BSD-3-Clause,Y,indirect dependency automatically installed
scenescape-controller,libsocket++1:amd64:1.12.13+git20131030.5d039ba-1+b1,Ubuntu,LGPL-2.1,Y,indirect dependency automatically installed
scenescape-controller,libspatialite7:amd64:5.0.1-3,Ubuntu,BSD-4-Clause AND GPL-2.0-only AND GPL-2.0-or-later AND GPL-3.0-only AND GPL-3.0-or-later AND LGPL-2.0-only AND LGPL-2.0-or-later AND LGPL-2.1-only AND LGPL-2.1-or-later AND MPL-1.1 AND LicenseRef-public-domain,Y,?
scenescape-controller,libssh2-1:amd64:1.10.0-3+b1,Ubuntu,LicenseRef-BSD3,Y,?
scenescape-controller,libsuperlu5:amd64:5.3.0+dfsg1-2+b1,Ubuntu,BSD-3-Clause AND GPL-2.0-only AND GPL-2.0-or-later AND LicenseRef-permissive AND LicenseRef-permissive-colamd,Y,?
scenescape-controller,libsz2:amd64:1.0.6-1+b1,Ubuntu,BSD-3-Clause,Y,indirect dependency automatically installed
scenescape-controller,libtbb12:amd64:2021.8.0-2+deb12u1,Ubuntu,BSD-3-Clause,Y,indirect dependency automatically installed
scenescape-controller,libtbbbind-2-5:amd64:2021.8.0-2+deb12u1,Ubuntu,BSD-3-Clause,Y,indirect dependency automatically installed
scenescape-controller,libtbbmalloc2:amd64:2021.8.0-2+deb12u1,Ubuntu,BSD-3-Clause,Y,indirect dependency automatically installed
scenescape-controller,libtesseract5:amd64:5.3.0-2,Ubuntu,BSD-3-Clause,Y,indirect dependency automatically installed
scenescape-controller,libtiff6:amd64:4.5.0-6+deb12u3,Ubuntu,MIT,Y,indirect dependency automatically installed
scenescape-controller,liburiparser1:amd64:0.9.7+dfsg-2,Ubuntu,MIT,Y,indirect dependency automatically installed
scenescape-controller,libwacom-common:2.6.0-1,Ubuntu,BSD-3-Clause,Y,indirect dependency automatically installed
scenescape-controller,libwacom9:amd64:2.6.0-1,Ubuntu,BSD-3-Clause,Y,indirect dependency automatically installed
scenescape-controller,libwayland-client0:amd64:1.21.0-1,Ubuntu,MIT,Y,indirect dependency automatically installed
scenescape-controller,libwayland-server0:amd64:1.21.0-1,Ubuntu,MIT,Y,indirect dependency automatically installed
scenescape-controller,libwebp7:amd64:1.2.4-0.2+deb12u1,Ubuntu,LGPL-2.1,Y,indirect dependency automatically installed
scenescape-controller,libwebpmux3:amd64:1.2.4-0.2+deb12u1,Ubuntu,LGPL-2.1,Y,indirect dependency automatically installed
scenescape-controller,libx11-6:amd64:2:1.8.4-2+deb12u2,Ubuntu,MIT,Y,indirect dependency automatically installed
scenescape-controller,libx11-data:2:1.8.4-2+deb12u2,Ubuntu,MIT,Y,indirect dependency automatically installed
scenescape-controller,libx11-xcb1:amd64:2:1.8.4-2+deb12u2,Ubuntu,MIT,Y,indirect dependency automatically installed
scenescape-controller,libx265-199:amd64:3.5-2+b1,Ubuntu,LicenseRef-Expat AND GPL-2.0-only AND GPL-2.0-or-later AND ISC AND LGPL-2.1-only AND LGPL-2.1-or-later,Y,?
scenescape-controller,libxau6:amd64:1:1.0.9-1,Ubuntu,MIT,Y,indirect dependency automatically installed
scenescape-controller,libxcb-dri2-0:amd64:1.15-1,Ubuntu,?MIT,Y,?indirect dependency automatically installed
scenescape-controller,libxcb-dri3-0:amd64:1.15-1,Ubuntu,MIT,Y,indirect dependency automatically installed
scenescape-controller,libxcb-glx0:amd64:1.15-1,Ubuntu,MIT,Y,indirect dependency automatically installed
scenescape-controller,libxcb-icccm4:amd64:0.4.1-1.1,Ubuntu,MIT,Y,indirect dependency automatically installed
scenescape-controller,libxcb-image0:amd64:0.4.0-2,Ubuntu,MIT,Y,indirect dependency automatically installed
scenescape-controller,libxcb-keysyms1:amd64:0.4.0-1+b2,Ubuntu,MIT,Y,indirect dependency automatically installed
scenescape-controller,libxcb-present0:amd64:1.15-1,Ubuntu,MIT,Y,indirect dependency automatically installed
scenescape-controller,libxcb-randr0:amd64:1.15-1,Ubuntu,MIT,Y,indirect dependency automatically installed
scenescape-controller,libxcb-render-util0:amd64:0.3.9-1+b1,Ubuntu,MIT,Y,indirect dependency automatically installed
scenescape-controller,libxcb-render0:amd64:1.15-1,Ubuntu,MIT,Y,indirect dependency automatically installed
scenescape-controller,libxcb-shape0:amd64:1.15-1,Ubuntu,MIT,Y,indirect dependency automatically installed
scenescape-controller,libxcb-shm0:amd64:1.15-1,Ubuntu,MIT,Y,indirect dependency automatically installed
scenescape-controller,libxcb-sync1:amd64:1.15-1,Ubuntu,MIT,Y,indirect dependency automatically installed
scenescape-controller,libxcb-util1:amd64:0.4.0-1+b1,Ubuntu,MIT,Y,indirect dependency automatically installed
scenescape-controller,libxcb-xfixes0:amd64:1.15-1,Ubuntu,MIT,Y,indirect dependency automatically installed
scenescape-controller,libxcb-xinerama0:amd64:1.15-1,Ubuntu,MIT,Y,indirect dependency automatically installed
scenescape-controller,libxcb-xinput0:amd64:1.15-1,Ubuntu,MIT,Y,indirect dependency automatically installed
scenescape-controller,libxcb-xkb1:amd64:1.15-1,Ubuntu,MIT,Y,indirect dependency automatically installed
scenescape-controller,libxcb1:amd64:1.15-1,Ubuntu,MIT,Y,indirect dependency automatically installed
scenescape-controller,libxdmcp6:amd64:1:1.1.2-3,Ubuntu,MIT,Y,indirect dependency automatically installed
scenescape-controller,libxerces-c3.2:amd64:3.2.4+debian-1,Ubuntu,Apache-2.0 AND GPL-2.0-only AND GPL-2.0-or-later AND GPL-3.0-only AND GPL-3.0-or-later AND LicenseRef-X11-install-sh AND LicenseRef-permissive-configure AND LicenseRef-permissive-fsf AND LicenseRef-xerces-Apache-2.0,Y,?
scenescape-controller,libxext6:amd64:2:1.3.4-1+b1,Ubuntu,MIT,Y,indirect dependency automatically installed
scenescape-controller,libxfixes3:amd64:1:6.0.0-2,Ubuntu,?MIT,Y,?indirect dependency automatically installed
scenescape-controller,libxkbcommon-x11-0:amd64:1.5.0-1,Ubuntu,MIT,Y,indirect dependency automatically installed
scenescape-controller,libxkbcommon0:amd64:1.5.0-1,Ubuntu,MIT,Y,indirect dependency automatically installed
scenescape-controller,libxml2:amd64:2.9.14+dfsg-1.3~deb12u5,Ubuntu,MIT,Y,indirect dependency automatically installed
scenescape-controller,libxrender1:amd64:1:0.9.10-1.1,Ubuntu,MIT,Y,indirect dependency automatically installed
scenescape-controller,libxshmfence1:amd64:1.3-1,Ubuntu,MIT,Y,indirect dependency automatically installed
scenescape-controller,libxxf86vm1:amd64:1:1.1.4-1+b2,Ubuntu,MIT,Y,indirect dependency automatically installed
scenescape-controller,libz3-4:amd64:4.8.12-3.1,Ubuntu,?LicenseRef-Expat AND GPL-2.0-only AND GPL-2.0-or-later,Y,?indirect dependency automatically installed
scenescape-controller,mariadb-common:1:10.11.14-0+deb12u2,Ubuntu,LicenseRef-Artistic AND BSD-2-Clause AND BSD-2-Clause AND BSD-3-Clause AND GPL-2.0-only AND GPL-2.0-or-later AND LicenseRef-GPL-2--with-bison-exception AND LicenseRef-GPL-3--with-bison-exception AND LicenseRef-LGPL AND LGPL-2.0-only AND LGPL-2.0-or-later AND LGPL-2.1-only AND LGPL-2.1-or-later AND LicenseRef-SWsoft AND LicenseRef-public-domain AND LicenseRef-unlimited-free-doc AND LicenseRef-zlib-libpng,Y,?
scenescape-controller,media-types:10.0.0,Ubuntu,GPL-2.0,Y,indirect dependency automatically installed
scenescape-controller,mysql-common:5.8+1.1.0,Ubuntu,LGPL-2.1,Y,indirect dependency automatically installed
scenescape-controller,proj-data:9.1.1-1,Ubuntu,BSD-3-Clause,Y,indirect dependency automatically installed
scenescape-controller,python3:3.11.2-1+b1,Ubuntu,PSF,Y,python runtime
scenescape-controller,python3-distutils:3.11.2-3,Ubuntu,?PSF,Y,?indirect dependency automatically installed
scenescape-controller,python3-lib2to3:3.11.2-3,Ubuntu,?PSF,Y,?indirect dependency automatically installed
scenescape-controller,python3-minimal:3.11.2-1+b1,Ubuntu,PSF,Y,indirect dependency automatically installed
scenescape-controller,python3-pip:23.0.1+dfsg-1,Ubuntu,PSF,Y,used
scenescape-controller,python3-pkg-resources:66.1.1-1+deb12u2,Ubuntu,PSF,Y,indirect dependency automatically installed
scenescape-controller,python3-setuptools:66.1.1-1+deb12u2,Ubuntu,PSF,Y,indirect dependency automatically installed
scenescape-controller,python3-wheel:0.38.4-2,Ubuntu,PSF,Y,indirect dependency automatically installed
scenescape-controller,python3.11:3.11.2-6+deb12u6,Ubuntu,LicenseRef-By AND GPL-2.0-only AND LicenseRef-Permission AND LicenseRef-Redistribution AND LicenseRef-This,Y,?
scenescape-controller,python3.11-minimal:3.11.2-6+deb12u6,Ubuntu,LicenseRef-By AND GPL-2.0-only AND LicenseRef-Permission AND LicenseRef-Redistribution AND LicenseRef-This,Y,?
scenescape-controller,python:3.11-slim-bookworm@sha256:65a93d69fa75478d554f4ad27c85c1e69fa184956261b4301ebaf6dbb0a3543d,Ubuntu,collection of licenses,N,base image
scenescape-controller,shared-mime-info:2.2-1,Ubuntu,BSD-3-Clause,Y,indirect dependency automatically installed
scenescape-controller,sudo:1.9.13p3-1+deb12u3,Ubuntu,ISC License,Y,used
scenescape-controller,unixodbc-common:2.3.11-2+deb12u1,Ubuntu,LGPL-2.1,Y,indirect dependency automatically installed
scenescape-controller,x11-common:1:7.7+23,Ubuntu,MIT,Y,indirect dependency automatically installed
scenescape-controller,xkb-data:2.35.1-1,Ubuntu,MIT,Y,indirect dependency automatically installed
scenescape-controller,ConfigArgParse==1.7.1,pypi,MIT,Y,indirect dependency. auto installed
scenescape-controller,Flask==3.1.3,pypi,BSD-3-Clause,Y,indirect dependency. auto installed
scenescape-controller,Jinja2==3.1.6,pypi,BSD-3-Clause,Y,indirect dependency. auto installed
scenescape-controller,MarkupSafe==3.0.3,pypi,BSD-3-Clause,Y,indirect dependency. auto installed
scenescape-controller,PyYAML==6.0.3,pypi,MIT,Y,imported
scenescape-controller,Pygments==2.19.2,pypi,BSD-3-Clause,Y,indirect dependency. auto installed
scenescape-controller,Werkzeug==3.1.6,pypi,BSD-3-Clause,Y,indirect dependency. auto installed
scenescape-controller,addict==2.4.0,pypi,MIT,Y,imported
scenescape-controller,asttokens==3.0.1,pypi,Apache-2.0,Y,indirect dependency. auto installed
scenescape-controller,attrs==25.4.0,pypi,MIT,Y,indirect dependency. auto installed
scenescape-controller,blinker==1.9.0,pypi,MIT,Y,indirect dependency. auto installed
scenescape-controller,certifi==2026.2.25,pypi,MPL-2.0,Y,indirect dependency. auto installed
scenescape-controller,charset-normalizer==3.4.5,pypi,MIT,Y,indirect dependency. auto installed
scenescape-controller,click==8.3.1,pypi,BSD-3-Clause,Y,indirect dependency. auto installed
scenescape-controller,comm==0.2.3,pypi,BSD-3-Clause,Y,indirect dependency. auto installed
scenescape-controller,contourpy==1.3.3,pypi,MIT,Y,indirect dependency. auto installed
scenescape-controller,cycler==0.12.1,pypi,BSD-3-Clause,Y,indirect dependency. auto installed
scenescape-controller,dash==4.0.0,pypi,MIT,Y,indirect dependency. auto installed
scenescape-controller,decorator==5.2.1,pypi,BSD-2-Clause,Y,indirect dependency. auto installed
scenescape-controller,executing==2.2.1,pypi,MIT,Y,indirect dependency. auto installed
scenescape-controller,fastjsonschema==2.21.2,pypi,MIT,Y,imported
scenescape-controller,fonttools==4.61.1,pypi,MIT,Y,indirect dependency. auto installed
scenescape-controller,googleapis-common-protos==1.72.0,pypi,Apache-2.0,Y,indirect dependency. auto installed
scenescape-controller,grpcio==1.78.0,pypi,LicenseRef-Apache-License-2.0,Y,indirect dependency. auto installed
scenescape-controller,idna==3.11,pypi,BSD-3-Clause,Y,indirect dependency. auto installed
scenescape-controller,importlib_metadata==8.7.1,pypi,Apache-2.0,Y,indirect dependency. auto installed
scenescape-controller,ipython==9.10.0,pypi,BSD-3-Clause,Y,indirect dependency. auto installed
scenescape-controller,ipython_pygments_lexers==1.1.1,pypi,BSD-3-Clause,Y,indirect dependency. auto installed
scenescape-controller,ipywidgets==8.1.8,pypi,BSD-3-Clause,Y,indirect dependency. auto installed
scenescape-controller,itsdangerous==2.2.0,pypi,BSD-3-Clause,Y,indirect dependency. auto installed
scenescape-controller,jedi==0.19.2,pypi,MIT,Y,indirect dependency. auto installed
scenescape-controller,joblib==1.5.3,pypi,BSD-3-Clause,Y,indirect dependency. auto installed
scenescape-controller,jsonschema==4.26.0,pypi,MIT,Y,imported
scenescape-controller,jsonschema-specifications==2025.9.1,pypi,MIT,Y,indirect dependency. auto installed
scenescape-controller,jupyter_core==5.9.1,pypi,BSD-3-Clause,Y,indirect dependency. auto installed
scenescape-controller,jupyterlab_widgets==3.0.16,pypi,BSD-3-Clause,Y,indirect dependency. auto installed
scenescape-controller,kiwisolver==1.4.9,pypi,BSD License,Y,indirect dependency. auto installed
scenescape-controller,mapbox_earcut==1.0.3,pypi,ISC,Y,imported
scenescape-controller,matplotlib==3.10.8,pypi,PSF,Y,indirect dependency. auto installed
scenescape-controller,matplotlib-inline==0.2.1,pypi,MIT,Y,indirect dependency. auto installed
scenescape-controller,narwhals==2.17.0,pypi,MIT,Y,indirect dependency. auto installed
scenescape-controller,nbformat==5.10.4,pypi,BSD-3-Clause,Y,indirect dependency. auto installed
scenescape-controller,nest-asyncio==1.6.0,pypi,BSD-3-Clause,Y,indirect dependency. auto installed
scenescape-controller,ntplib==0.4.0,pypi,MIT,Y,imported
scenescape-controller,numpy==2.2.6,pypi,BSD-3-Clause,Y,imported
scenescape-controller,open3d-cpu==0.19.0,pypi,MIT,Y,imported
scenescape-controller,opencv-python-headless==4.12.0.88,pypi,MIT,Y,imported
scenescape-controller,opentelemetry-api==1.38.0,pypi,Apache-2.0,Y,imported
scenescape-controller,opentelemetry-exporter-otlp-proto-common==1.38.0,pypi,Apache-2.0,Y,imported
scenescape-controller,opentelemetry-exporter-otlp-proto-grpc==1.38.0,pypi,Apache-2.0,Y,indirect dependency. auto installed
scenescape-controller,opentelemetry-proto==1.38.0,pypi,Apache-2.0,Y,indirect dependency. auto installed
scenescape-controller,opentelemetry-sdk==1.38.0,pypi,Apache-2.0,Y,imported
scenescape-controller,opentelemetry-semantic-conventions==0.59b0,pypi,Apache-2.0,Y,indirect dependency. auto installed
scenescape-controller,orjson==3.11.5,pypi,MIT,Y,imported
scenescape-controller,packaging==26.0,pypi,Apache-2.0,Y,indirect dependency. auto installed
scenescape-controller,paho-mqtt==2.1.0,pypi,EPL-1.0,Y,imported
scenescape-controller,pandas==3.0.1,pypi,BSD-3-Clause,Y,indirect dependency. auto installed
scenescape-controller,parso==0.8.6,pypi,MIT,Y,indirect dependency. auto installed
scenescape-controller,pexpect==4.9.0,pypi,ISC,Y,indirect dependency. auto installed
scenescape-controller,pillow==12.1.1,pypi,MIT,Y,indirect dependency. auto installed
scenescape-controller,pip==26.0.1,pypi,MIT,Y,used
scenescape-controller,platformdirs==4.9.4,pypi,MIT,Y,indirect dependency. auto installed
scenescape-controller,plotly==6.6.0,pypi,MIT,Y,indirect dependency. auto installed
scenescape-controller,prompt_toolkit==3.0.52,pypi,BSD-3-Clause,Y,indirect dependency. auto installed
scenescape-controller,protobuf==7.34.0,pypi,BSD-3-Clause,Y,indirect dependency. auto installed
scenescape-controller,ptyprocess==0.7.0,pypi,ISC,Y,indirect dependency. auto installed
scenescape-controller,pure_eval==0.2.3,pypi,MIT,Y,indirect dependency. auto installed
scenescape-controller,pyparsing==3.3.2,pypi,MIT,Y,indirect dependency. auto installed
scenescape-controller,pyquaternion==0.9.9,pypi,MIT,Y,indirect dependency. auto installed
scenescape-controller,python-dateutil==2.9.0.post0,pypi,BSD-3-Clause,Y,indirect dependency. auto installed
scenescape-controller,referencing==0.37.0,pypi,MIT,Y,indirect dependency. auto installed
scenescape-controller,requests==2.32.5,pypi,Apache-2.0,Y,imported
scenescape-controller,retrying==1.4.2,pypi,Apache-2.0,Y,indirect dependency. auto installed
scenescape-controller,rpds-py==0.30.0,pypi,MIT,Y,indirect dependency. auto installed
scenescape-controller,scikit-learn==1.8.0,pypi,BSD-3-Clause,Y,indirect dependency. auto installed
scenescape-controller,scipy==1.16.3,pypi,BSD-3-Clause,Y,imported
scenescape-controller,setuptools==82.0.0,pypi,MIT,Y,imported
scenescape-controller,shapely==2.1.1,pypi,BSD-3-Clause,Y,imported
scenescape-controller,six==1.17.0,pypi,MIT,Y,indirect dependency. auto installed
scenescape-controller,stack-data==0.6.3,pypi,MIT,Y,indirect dependency. auto installed
scenescape-controller,threadpoolctl==3.6.0,pypi,BSD-3-Clause,Y,indirect dependency. auto installed
scenescape-controller,tqdm==4.67.3,pypi,MPL-2.0,Y,indirect dependency. auto installed
scenescape-controller,traitlets==5.14.3,pypi,BSD-3-Clause,Y,indirect dependency. auto installed
scenescape-controller,trimesh==4.11.2,pypi,MIT,Y,imported
scenescape-controller,typing_extensions==4.15.0,pypi,PSF,Y,indirect dependency. auto installed
scenescape-controller,urllib3==2.6.3,pypi,MIT,Y,imported
scenescape-controller,vdms==0.0.22,pypi,MIT,Y,imported
scenescape-controller,wcwidth==0.6.0,pypi,MIT,Y,indirect dependency. auto installed
scenescape-controller,wheel==0.46.3,pypi,MIT,Y,indirect dependency. auto installed
scenescape-controller,widgetsnbextension==4.0.15,pypi,BSD-3-Clause,Y,indirect dependency. auto installed
scenescape-controller,zipp==3.23.0,pypi,MIT,Y,indirect dependency. auto installed
scenescape-manager,apache2:2.4.66-1~deb12u1,Ubuntu,Apache-2.0,Y,used for web server
scenescape-manager,apache2-bin:2.4.66-1~deb12u1,Ubuntu,Apache-2.0,Y,indirect dependency automatically installed
scenescape-manager,apache2-data:2.4.66-1~deb12u1,Ubuntu,Apache-2.0,Y,indirect dependency automatically installed
scenescape-manager,apache2-utils:2.4.66-1~deb12u1,Ubuntu,Apache-2.0,Y,used for web server
scenescape-manager,bindfs:1.14.7-1,Ubuntu,GPL-2.0,Y,used at initialization
scenescape-manager,bzip2:1.0.8-5+b1,Ubuntu,BSD License,Y,used during initialization to unzip sample database
scenescape-manager,curl:7.88.1-10+deb12u14,Ubuntu,MIT,Y,used
scenescape-manager,fuse:2.9.9-6+b1,Ubuntu,GPL-2.0,Y,used
scenescape-manager,libapache2-mod-wsgi-py3:4.9.4-1+b2,Ubuntu,Apache-2.0,Y,indirect dependency automatically installed
scenescape-manager,libapr1:amd64:1.7.2-3+deb12u1,Ubuntu,Apache-2.0,Y,indirect dependency automatically installed
scenescape-manager,libaprutil1-dbd-sqlite3:amd64:1.6.3-1,Ubuntu,Apache-2.0,Y,indirect dependency automatically installed
scenescape-manager,libaprutil1-ldap:amd64:1.6.3-1,Ubuntu,Apache-2.0,Y,indirect dependency automatically installed
scenescape-manager,libaprutil1:amd64:1.6.3-1,Ubuntu,Apache-2.0,Y,indirect dependency automatically installed
scenescape-manager,libbrotli1:amd64:1.0.9-2+b6,Ubuntu,MIT,Y,indirect dependency automatically installed
scenescape-manager,libbsd0:amd64:0.11.7-2,Ubuntu,BSD License,Y,indirect dependency automatically installed
scenescape-manager,libcjson1:amd64:1.7.15-1+deb12u4,Ubuntu,MIT,Y,indirect dependency automatically installed
scenescape-manager,libcurl4:amd64:7.88.1-10+deb12u14,Ubuntu,BSD-3-Clause,Y,indirect dependency automatically installed
scenescape-manager,libdrm-amdgpu1:amd64:2.4.114-1+b1,Ubuntu,MIT,Y,indirect dependency automatically installed
scenescape-manager,libdrm-common:2.4.114-1,Ubuntu,MIT,Y,indirect dependency automatically installed
scenescape-manager,libdrm-intel1:amd64:2.4.114-1+b1,Ubuntu,MIT,Y,indirect dependency automatically installed
scenescape-manager,libdrm-nouveau2:amd64:2.4.114-1+b1,Ubuntu,MIT,Y,indirect dependency automatically installed
scenescape-manager,libdrm-radeon1:amd64:2.4.114-1+b1,Ubuntu,MIT,Y,indirect dependency automatically installed
scenescape-manager,libdrm2:amd64:2.4.114-1+b1,Ubuntu,MIT,Y,indirect dependency automatically installed
scenescape-manager,libedit2:amd64:3.1-20221030-2,Ubuntu,BSD License,Y,indirect dependency automatically installed
scenescape-manager,libegl-mesa0:amd64:22.3.6-1+deb12u1,Ubuntu,MIT,Y,indirect dependency automatically installed
scenescape-manager,libegl1:amd64:1.6.0-1,Ubuntu,MIT,Y,used by open3d
scenescape-manager,libelf1:amd64:0.188-2.1,Ubuntu,LGPL-3.0,Y,indirect dependency automatically installed
scenescape-manager,libexpat1:amd64:2.5.0-1+deb12u2,Ubuntu,MIT,Y,indirect dependency automatically installed
scenescape-manager,libfuse2:amd64:2.9.9-6+b1,Ubuntu,GPL-2.0,Y,indirect dependency automatically installed
scenescape-manager,libgbm1:amd64:22.3.6-1+deb12u1,Ubuntu,MIT,Y,indirect dependency automatically installed
scenescape-manager,libgdbm-compat4:amd64:1.23-3,Ubuntu,GPL-3.0,Y,indirect dependency automatically installed
scenescape-manager,libgl1-mesa-dri:amd64:22.3.6-1+deb12u1,Ubuntu,MIT,Y,indirect dependency automatically installed
scenescape-manager,libgl1:amd64:1.6.0-1,Ubuntu,MIT,Y,used by opencv
scenescape-manager,libglapi-mesa:amd64:22.3.6-1+deb12u1,Ubuntu,MIT,Y,indirect dependency automatically installed
scenescape-manager,libglib2.0-0:amd64:2.74.6-2+deb12u8,Ubuntu,LGPL-2.1,Y,linked
scenescape-manager,libglvnd0:amd64:1.6.0-1,Ubuntu,MIT,Y,indirect dependency automatically installed
scenescape-manager,libglx-mesa0:amd64:22.3.6-1+deb12u1,Ubuntu,MIT,Y,indirect dependency automatically installed
scenescape-manager,libglx0:amd64:1.6.0-1,Ubuntu,MIT,Y,indirect dependency automatically installed
scenescape-manager,libgomp1:amd64:12.2.0-14+deb12u1,Ubuntu,GPL-3.0,Y,indirect dependency automatically installed
scenescape-manager,libicu72:amd64:72.1-3+deb12u1,Ubuntu,GPL-3.0-only AND MIT,Y,?
scenescape-manager,libjansson4:amd64:2.14-2,Ubuntu,MIT,Y,indirect dependency automatically installed
scenescape-manager,libldap-2.5-0:amd64:2.5.13+dfsg-5,Ubuntu,OpenLDAP Public License,Y,indirect dependency automatically installed
scenescape-manager,libllvm15:amd64:1:15.0.6-4+b1,Ubuntu,Apache-2.0,Y,used by openvino
scenescape-manager,liblua5.3-0:amd64:5.3.6-2,Ubuntu,MIT,Y,indirect dependency automatically installed
scenescape-manager,libmosquitto1:amd64:2.0.11-1.2+deb12u2,Ubuntu,EPL-2.0,Y,indirect dependency automatically installed
scenescape-manager,libnghttp2-14:amd64:1.52.0-1+deb12u2,Ubuntu,MIT,Y,indirect dependency automatically installed
scenescape-manager,libpciaccess0:amd64:0.17-2,Ubuntu,MIT,Y,indirect dependency automatically installed
scenescape-manager,libperl5.36:amd64:5.36.0-7+deb12u3,Ubuntu,LicenseRef-Artistic AND Artistic-2.0 AND Artistic-dist AND BSD-3-Clause AND LicenseRef-BSD-3-clause-GENERIC AND LicenseRef-BSD-3-clause-with-weird-numbering AND LicenseRef-BSD-4-clause-POWERDOG AND LicenseRef-BZIP AND LicenseRef-DONT-CHANGE-THE-GPL AND LicenseRef-Expat AND GPL-1.0-only AND GPL-1.0-or-later AND GPL-2.0-only AND GPL-2.0-or-later AND LicenseRef-GPL-3--WITH-BISON-EXCEPTION AND LicenseRef-HSIEH-BSD AND LicenseRef-HSIEH-DERIVATIVE AND LGPL-2.1-only AND LicenseRef-REGCOMP AND LicenseRef-REGCOMP- AND LicenseRef-RRA-KEEP-THIS-NOTICE AND LicenseRef-SDBM-PUBLIC-DOMAIN AND LicenseRef-TEXT-TABS AND LicenseRef-Unicode AND Zlib,Y,?
scenescape-manager,libproc2-0:amd64:2:4.0.2-3,Ubuntu,GPL-2.0-only AND GPL-2.0-or-later AND LGPL-2.0-only AND LGPL-2.0-or-later AND LGPL-2.1-only AND LGPL-2.1-or-later,Y,?
scenescape-manager,libpsl5:amd64:0.21.2-1,Ubuntu,MIT,Y,indirect dependency automatically installed
scenescape-manager,libpython3-stdlib:amd64:3.11.2-1+b1,Ubuntu,PSF,Y,indirect dependency automatically installed
scenescape-manager,libpython3.11-minimal:amd64:3.11.2-6+deb12u6,Ubuntu,LicenseRef-By AND GPL-2.0-only AND LicenseRef-Permission AND LicenseRef-Redistribution AND LicenseRef-This,Y,?
scenescape-manager,libpython3.11-stdlib:amd64:3.11.2-6+deb12u6,Ubuntu,LicenseRef-By AND GPL-2.0-only AND LicenseRef-Permission AND LicenseRef-Redistribution AND LicenseRef-This,Y,?
scenescape-manager,libpython3.11:amd64:3.11.2-6+deb12u6,Ubuntu,LicenseRef-By AND GPL-2.0-only AND LicenseRef-Permission AND LicenseRef-Redistribution AND LicenseRef-This,Y,?
scenescape-manager,librtmp1:amd64:2.4+20151223.gitfa8646d.1-2+b2,Ubuntu,LGPL-2.1,Y,indirect dependency automatically installed
scenescape-manager,libsasl2-2:amd64:2.1.28+dfsg-10,Ubuntu,BSD-3-Clause,Y,indirect dependency automatically installed
scenescape-manager,libsasl2-modules-db:amd64:2.1.28+dfsg-10,Ubuntu,BSD-3-Clause,Y,indirect dependency automatically installed
scenescape-manager,libsensors-config:1:3.6.0-7.1,Ubuntu,GPL-2.0,Y,indirect dependency automatically installed
scenescape-manager,libsensors5:amd64:1:3.6.0-7.1,Ubuntu,GPL-2.0,Y,indirect dependency automatically installed
scenescape-manager,libssh2-1:amd64:1.10.0-3+b1,Ubuntu,LicenseRef-BSD3,Y,?
scenescape-manager,libwayland-client0:amd64:1.21.0-1,Ubuntu,MIT,Y,indirect dependency automatically installed
scenescape-manager,libwayland-server0:amd64:1.21.0-1,Ubuntu,MIT,Y,indirect dependency automatically installed
scenescape-manager,libx11-6:amd64:2:1.8.4-2+deb12u2,Ubuntu,MIT,Y,indirect dependency automatically installed
scenescape-manager,libx11-data:2:1.8.4-2+deb12u2,Ubuntu,MIT,Y,indirect dependency automatically installed
scenescape-manager,libx11-xcb1:amd64:2:1.8.4-2+deb12u2,Ubuntu,MIT,Y,indirect dependency automatically installed
scenescape-manager,libxau6:amd64:1:1.0.9-1,Ubuntu,MIT,Y,indirect dependency automatically installed
scenescape-manager,libxcb-dri2-0:amd64:1.15-1,Ubuntu,MIT,Y,indirect dependency automatically installed
scenescape-manager,libxcb-dri3-0:amd64:1.15-1,Ubuntu,MIT,Y,indirect dependency automatically installed
scenescape-manager,libxcb-glx0:amd64:1.15-1,Ubuntu,MIT,Y,indirect dependency automatically installed
scenescape-manager,libxcb-present0:amd64:1.15-1,Ubuntu,MIT,Y,indirect dependency automatically installed
scenescape-manager,libxcb-randr0:amd64:1.15-1,Ubuntu,MIT,Y,indirect dependency automatically installed
scenescape-manager,libxcb-shm0:amd64:1.15-1,Ubuntu,MIT,Y,indirect dependency automatically installed
scenescape-manager,libxcb-sync1:amd64:1.15-1,Ubuntu,MIT,Y,indirect dependency automatically installed
scenescape-manager,libxcb-xfixes0:amd64:1.15-1,Ubuntu,MIT,Y,indirect dependency automatically installed
scenescape-manager,libxcb1:amd64:1.15-1,Ubuntu,MIT,Y,indirect dependency automatically installed
scenescape-manager,libxdmcp6:amd64:1:1.1.2-3,Ubuntu,MIT,Y,indirect dependency automatically installed
scenescape-manager,libxext6:amd64:2:1.3.4-1+b1,Ubuntu,MIT,Y,indirect dependency automatically installed
scenescape-manager,libxfixes3:amd64:1:6.0.0-2,Ubuntu,MIT,Y,indirect dependency automatically installed
scenescape-manager,libxml2:amd64:2.9.14+dfsg-1.3~deb12u5,Ubuntu,MIT,Y,indirect dependency automatically installed
scenescape-manager,libxshmfence1:amd64:1.3-1,Ubuntu,MIT,Y,indirect dependency automatically installed
scenescape-manager,libxxf86vm1:amd64:1:1.1.4-1+b2,Ubuntu,MIT,Y,indirect dependency automatically installed
scenescape-manager,libz3-4:amd64:4.8.12-3.1,Ubuntu,?LicenseRef-Expat AND GPL-2.0-only AND GPL-2.0-or-later,Y,?indirect dependency automatically installed
scenescape-manager,media-types:10.0.0,Ubuntu,GPL-2.0,Y,indirect dependency automatically installed
scenescape-manager,mosquitto-clients:2.0.11-1.2+deb12u2,Ubuntu,EPL-2.0,Y,used at initialization
scenescape-manager,netcat-openbsd:1.219-1,Ubuntu,BSD-3-Clause,Y,indirect dependency automatically installed
scenescape-manager,perl:5.36.0-7+deb12u3,Ubuntu,Artistic License or GPL-1.0,Y,indirect dependency automatically installed
scenescape-manager,perl-modules-5.36:5.36.0-7+deb12u3,Ubuntu,LicenseRef-Artistic AND Artistic-2.0 AND Artistic-dist AND BSD-3-Clause AND LicenseRef-BSD-3-clause-GENERIC AND LicenseRef-BSD-3-clause-with-weird-numbering AND LicenseRef-BSD-4-clause-POWERDOG AND LicenseRef-BZIP AND LicenseRef-DONT-CHANGE-THE-GPL AND LicenseRef-Expat AND GPL-1.0-only AND GPL-1.0-or-later AND GPL-2.0-only AND GPL-2.0-or-later AND LicenseRef-GPL-3--WITH-BISON-EXCEPTION AND LicenseRef-HSIEH-BSD AND LicenseRef-HSIEH-DERIVATIVE AND LGPL-2.1-only AND LicenseRef-REGCOMP AND LicenseRef-REGCOMP- AND LicenseRef-RRA-KEEP-THIS-NOTICE AND LicenseRef-SDBM-PUBLIC-DOMAIN AND LicenseRef-TEXT-TABS AND LicenseRef-Unicode AND Zlib,Y,?
scenescape-manager,procps:2:4.0.2-3,Ubuntu,GPL-2.0-only AND GPL-2.0-or-later AND LGPL-2.0-only AND LGPL-2.0-or-later AND LGPL-2.1-only AND LGPL-2.1-or-later,Y,?
scenescape-manager,python3:3.11.2-1+b1,Ubuntu,PSF,Y,indirect dependency automatically installed
scenescape-manager,python3-minimal:3.11.2-1+b1,Ubuntu,PSF,Y,indirect dependency automatically installed
scenescape-manager,python3.11:3.11.2-6+deb12u6,Ubuntu,LicenseRef-By AND GPL-2.0-only AND LicenseRef-Permission AND LicenseRef-Redistribution AND LicenseRef-This,Y,?
scenescape-manager,python3.11-minimal:3.11.2-6+deb12u6,Ubuntu,LicenseRef-By AND GPL-2.0-only AND LicenseRef-Permission AND LicenseRef-Redistribution AND LicenseRef-This,Y,?
scenescape-manager,python:3.11-slim-bookworm@sha256:65a93d69fa75478d554f4ad27c85c1e69fa184956261b4301ebaf6dbb0a3543d,Ubuntu,collection of licenses,N,base image
scenescape-manager,sudo:1.9.13p3-1+deb12u3,Ubuntu,ISC License,Y,used
scenescape-manager,ConfigArgParse==1.7.1,pypi,MIT,Y,indirect dependency. auto installed
scenescape-manager,Django==5.2.12,pypi,BSD-3-Clause,Y,imported
scenescape-manager,Flask==3.1.3,pypi,BSD-3-Clause,Y,indirect dependency. auto installed
scenescape-manager,Jinja2==3.1.6,pypi,BSD-3-Clause,Y,indirect dependency. auto installed
scenescape-manager,MarkupSafe==3.0.3,pypi,BSD-3-Clause,Y,indirect dependency. auto installed
scenescape-manager,PyYAML==6.0.3,pypi,MIT,Y,imported
scenescape-manager,Pygments==2.19.2,pypi,BSD-3-Clause,Y,indirect dependency. auto installed
scenescape-manager,Werkzeug==3.1.6,pypi,BSD-3-Clause,Y,indirect dependency. auto installed
scenescape-manager,addict==2.4.0,pypi,MIT,Y,indirect dependency. auto installed
scenescape-manager,aiofiles==25.1.0,pypi,Apache-2.0,Y,imported
scenescape-manager,asgiref==3.11.1,pypi,BSD-3-Clause,Y,indirect dependency. auto installed
scenescape-manager,asttokens==3.0.1,pypi,Apache-2.0,Y,indirect dependency. auto installed
scenescape-manager,attrs==25.4.0,pypi,MIT,Y,indirect dependency. auto installed
scenescape-manager,blinker==1.9.0,pypi,MIT,Y,indirect dependency. auto installed
scenescape-manager,certifi==2026.2.25,pypi,MPL-2.0,Y,indirect dependency. auto installed
scenescape-manager,cffi==2.0.0,pypi,?MIT,Y,?indirect dependency. auto installed
scenescape-manager,charset-normalizer==3.4.5,pypi,MIT,Y,indirect dependency. auto installed
scenescape-manager,click==8.3.1,pypi,BSD-3-Clause,Y,indirect dependency. auto installed
scenescape-manager,comm==0.2.3,pypi,BSD-3-Clause,Y,indirect dependency. auto installed
scenescape-manager,contourpy==1.3.3,pypi,MIT,Y,indirect dependency. auto installed
scenescape-manager,cryptography==46.0.5,pypi,(Apache-2.0 OR BSD-3-Clause),Y,?
scenescape-manager,cycler==0.12.1,pypi,BSD-3-Clause,Y,indirect dependency. auto installed
scenescape-manager,dash==4.0.0,pypi,MIT,Y,indirect dependency. auto installed
scenescape-manager,decorator==5.2.1,pypi,BSD-2-Clause,Y,indirect dependency. auto installed
scenescape-manager,django-axes==8.0.0,pypi,MIT,Y,indirect dependency. auto installed
scenescape-manager,django-debug-toolbar==6.0.0,pypi,BSD-3-Clause,Y,indirect dependency. auto installed
scenescape-manager,django-session-timeout==0.1.0,pypi,BSD-3-Clause,Y,indirect dependency. auto installed
scenescape-manager,djangorestframework==3.16.1,pypi,MIT,Y,indirect dependency. auto installed
scenescape-manager,durationpy==0.10,pypi,MIT,Y,indirect dependency. auto installed
scenescape-manager,executing==2.2.1,pypi,MIT,Y,indirect dependency. auto installed
scenescape-manager,fastjsonschema==2.21.2,pypi,MIT,Y,imported
scenescape-manager,fonttools==4.61.1,pypi,MIT,Y,indirect dependency. auto installed
scenescape-manager,google-auth==2.48.0,pypi,Apache-2.0,Y,indirect dependency. auto installed
scenescape-manager,idna==3.11,pypi,BSD-3-Clause,Y,indirect dependency. auto installed
scenescape-manager,importlib_metadata==8.7.1,pypi,Apache-2.0,Y,indirect dependency. auto installed
scenescape-manager,ipython==9.10.0,pypi,BSD-3-Clause,Y,indirect dependency. auto installed
scenescape-manager,ipython_pygments_lexers==1.1.1,pypi,?BSD-3-Clause,Y,?indirect dependency. auto installed
scenescape-manager,ipywidgets==8.1.8,pypi,BSD-3-Clause,Y,indirect dependency. auto installed
scenescape-manager,isodate==0.7.2,pypi,BSD-3-Clause,Y,indirect dependency. auto installed
scenescape-manager,itsdangerous==2.2.0,pypi,BSD-3-Clause,Y,indirect dependency. auto installed
scenescape-manager,jedi==0.19.2,pypi,MIT,Y,indirect dependency. auto installed
scenescape-manager,joblib==1.5.3,pypi,BSD-3-Clause,Y,indirect dependency. auto installed
scenescape-manager,jsonschema==4.25.1,pypi,MIT,Y,imported
scenescape-manager,jsonschema-specifications==2025.9.1,pypi,MIT,Y,indirect dependency. auto installed
scenescape-manager,jupyter_core==5.9.1,pypi,BSD-3-Clause,Y,indirect dependency. auto installed
scenescape-manager,jupyterlab_widgets==3.0.16,pypi,BSD-3-Clause,Y,indirect dependency. auto installed
scenescape-manager,kiwisolver==1.4.9,pypi,BSD License,Y,indirect dependency. auto installed
scenescape-manager,kubernetes==33.1.0,pypi,Apache-2.0,Y,imported
scenescape-manager,lxml==6.0.2,pypi,BSD-3-Clause,Y,indirect dependency. auto installed
scenescape-manager,manager @ file:///home/scenescape/SceneScape/manager,pypi,?,Y,?
scenescape-manager,matplotlib==3.10.8,pypi,PSF,Y,indirect dependency. auto installed
scenescape-manager,matplotlib-inline==0.2.1,pypi,MIT,Y,indirect dependency. auto installed
scenescape-manager,narwhals==2.17.0,pypi,MIT,Y,indirect dependency. auto installed
scenescape-manager,nbformat==5.10.4,pypi,BSD-3-Clause,Y,indirect dependency. auto installed
scenescape-manager,nest-asyncio==1.6.0,pypi,BSD-3-Clause,Y,indirect dependency. auto installed
scenescape-manager,numpy==2.2.6,pypi,BSD-3-Clause,Y,imported
scenescape-manager,oauthlib==3.3.1,pypi,BSD-3-Clause,Y,indirect dependency. auto installed
scenescape-manager,onvif_zeep==0.2.12,pypi,?,Y,?
scenescape-manager,open3d-cpu==0.19.0,pypi,MIT,Y,imported
scenescape-manager,opencv-python-headless==4.12.0.88,pypi,MIT,Y,imported
scenescape-manager,packaging==26.0,pypi,Apache-2.0,Y,indirect dependency. auto installed
scenescape-manager,paho-mqtt==2.1.0,pypi,EPL-2.0 OR BSD-3-Clause,Y,imported
scenescape-manager,pandas==3.0.1,pypi,BSD-3-Clause,Y,indirect dependency. auto installed
scenescape-manager,parso==0.8.6,pypi,MIT,Y,indirect dependency. auto installed
scenescape-manager,pexpect==4.9.0,pypi,ISC,Y,indirect dependency. auto installed
scenescape-manager,pillow==12.1.1,pypi,MIT,Y,imported
scenescape-manager,pip==26.0.1,pypi,MIT,Y,used
scenescape-manager,platformdirs==4.9.4,pypi,MIT,Y,indirect dependency. auto installed
scenescape-manager,plotly==6.6.0,pypi,MIT,Y,indirect dependency. auto installed
scenescape-manager,plyfile==1.0.3,pypi,?GPL-3.0,Y,?indirect dependency. auto installed
scenescape-manager,prompt_toolkit==3.0.52,pypi,BSD-3-Clause,Y,indirect dependency. auto installed
scenescape-manager,psycopg2-binary==2.9.11,pypi,LGPL-3.0,Y,imported
scenescape-manager,ptyprocess==0.7.0,pypi,ISC,Y,indirect dependency. auto installed
scenescape-manager,pure_eval==0.2.3,pypi,MIT,Y,indirect dependency. auto installed
scenescape-manager,pyasn1==0.6.2,pypi,BSD-2-Clause,Y,indirect dependency. auto installed
scenescape-manager,pyasn1_modules==0.4.2,pypi,BSD-2-Clause,Y,indirect dependency. auto installed
scenescape-manager,pycparser==3.0,pypi,?BSD-3-Clause,Y,?indirect dependency. auto installed
scenescape-manager,pyparsing==3.3.2,pypi,MIT,Y,indirect dependency. auto installed
scenescape-manager,pyquaternion==0.9.9,pypi,MIT,Y,indirect dependency. auto installed
scenescape-manager,python-dateutil==2.9.0.post0,pypi,BSD-3-Clause,Y,indirect dependency. auto installed
scenescape-manager,pytz==2026.1.post1,pypi,MIT,Y,imported
scenescape-manager,referencing==0.37.0,pypi,MIT,Y,indirect dependency. auto installed
scenescape-manager,requests==2.32.5,pypi,Apache-2.0,Y,imported
scenescape-manager,requests-file==3.0.1,pypi,ISC,Y,indirect dependency. auto installed
scenescape-manager,requests-oauthlib==2.0.0,pypi,ISC,Y,indirect dependency. auto installed
scenescape-manager,requests-toolbelt==1.0.0,pypi,Apache-2.0,Y,indirect dependency. auto installed
scenescape-manager,retrying==1.4.2,pypi,Apache-2.0,Y,indirect dependency. auto installed
scenescape-manager,rpds-py==0.30.0,pypi,MIT,Y,indirect dependency. auto installed
scenescape-manager,rsa==4.9.1,pypi,Apache-2.0,Y,indirect dependency. auto installed
scenescape-manager,scikit-learn==1.8.0,pypi,BSD-3-Clause,Y,indirect dependency. auto installed
scenescape-manager,scipy==1.16.3,pypi,BSD-3-Clause,Y,imported
scenescape-manager,setuptools==82.0.0,pypi,MIT,Y,imported
scenescape-manager,six==1.17.0,pypi,MIT,Y,indirect dependency. auto installed
scenescape-manager,sqlparse==0.5.5,pypi,BSD-3-Clause,Y,indirect dependency. auto installed
scenescape-manager,stack-data==0.6.3,pypi,MIT,Y,indirect dependency. auto installed
scenescape-manager,threadpoolctl==3.6.0,pypi,BSD-3-Clause,Y,indirect dependency. auto installed
scenescape-manager,tqdm==4.67.3,pypi,MPL-2.0,Y,indirect dependency. auto installed
scenescape-manager,traitlets==5.14.3,pypi,BSD-3-Clause,Y,indirect dependency. auto installed
scenescape-manager,trimesh==4.11.2,pypi,MIT,Y,imported
scenescape-manager,typing_extensions==4.15.0,pypi,PSF,Y,indirect dependency. auto installed
scenescape-manager,urllib3==2.6.3,pypi,MIT,Y,imported
scenescape-manager,wcwidth==0.6.0,pypi,MIT,Y,indirect dependency. auto installed
scenescape-manager,websocket-client==1.9.0,pypi,Apache-2.0,Y,indirect dependency. auto installed
scenescape-manager,websockets==15.0.1,pypi,BSD-3-Clause,Y,indirect dependency. auto installed
scenescape-manager,wheel==0.46.3,pypi,MIT,Y,indirect dependency. auto installed
scenescape-manager,widgetsnbextension==4.0.15,pypi,BSD-3-Clause,Y,indirect dependency. auto installed
scenescape-manager,zeep==4.3.2,pypi,MIT,Y,indirect dependency. auto installed
scenescape-manager,zipp==3.23.0,pypi,MIT,Y,indirect dependency. auto installed
scenescape-mapping,curl:7.88.1-10+deb12u14,Ubuntu,MIT,N,used
scenescape-mapping,ffmpeg:7:5.1.8-0+deb12u1,Ubuntu,BSD-1-Clause AND BSD-2-Clause AND BSD-3-Clause AND LicenseRef-BSL AND LicenseRef-Expat AND GPL-2.0-only AND GPL-2.0-or-later AND GPL-3.0-only AND GPL-3.0-or-later AND IJG AND ISC AND LGPL-2.0-or-later AND LGPL-2.1-only AND LGPL-2.1-or-later AND LicenseRef-Sundry AND Zlib AND LicenseRef-man-page AND LicenseRef-public-domain,N,?
scenescape-mapping,fontconfig:2.14.1-4,Ubuntu,?MIT,N,?indirect dependency automatically installed
scenescape-mapping,fontconfig-config:2.14.1-4,Ubuntu,?MIT,N,?indirect dependency automatically installed
scenescape-mapping,fonts-dejavu-core:2.37-6,Ubuntu,?Bitstream Vera License,N,?indirect dependency automatically installed
scenescape-mapping,git-man:1:2.39.5-0+deb12u3,Ubuntu,Apache-2.0 AND LicenseRef-Artistic AND LicenseRef-Boost AND LicenseRef-EDL-1.0 AND LicenseRef-Expat AND LicenseRef-GPL AND GPL-1.0-or-later AND GPL-2.0-only AND GPL-2.0-or-later AND ISC AND LGPL-2.0-only AND LGPL-2.0-or-later AND LGPL-2.1-only AND LGPL-2.1-or-later AND LicenseRef-dlmalloc AND LicenseRef-mingw-runtime,N,indirect dependency. auto installed
scenescape-mapping,git:1:2.39.5-0+deb12u3,Ubuntu,Apache-2.0 AND LicenseRef-Artistic AND LicenseRef-Boost AND LicenseRef-EDL-1.0 AND LicenseRef-Expat AND LicenseRef-GPL AND GPL-1.0-or-later AND GPL-2.0-only AND GPL-2.0-or-later AND ISC AND LGPL-2.0-only AND LGPL-2.0-or-later AND LGPL-2.1-only AND LGPL-2.1-or-later AND LicenseRef-dlmalloc AND LicenseRef-mingw-runtime,N,used
scenescape-mapping,libaom3:amd64:3.6.0-1+deb12u2,Ubuntu,?BSD-2-Clause,N,?indirect dependency automatically installed
scenescape-mapping,libasound2-data:1.2.8-1,Ubuntu,LGPL-2.1-only AND LicenseRef-LPGL-2.1-,N,?
scenescape-mapping,libasound2:amd64:1.2.8-1+b1,Ubuntu,LGPL-2.1-only AND LicenseRef-LPGL-2.1-,N,?
scenescape-mapping,libass9:amd64:1:0.17.1-1,Ubuntu,GPL-2.0-only AND GPL-2.0-or-later AND ISC AND LicenseRef-other-1,N,?
scenescape-mapping,libasyncns0:amd64:0.8-6+b3,Ubuntu,LGPL-2.1-only AND LGPL-2.1-or-later,N,?
scenescape-mapping,libavc1394-0:amd64:0.5.4-5,Ubuntu,GPL-2.0-only AND GPL-2.0-or-later AND LGPL-2.1-only AND LGPL-2.1-or-later,N,?
scenescape-mapping,libavcodec59:amd64:7:5.1.8-0+deb12u1,Ubuntu,BSD-1-Clause AND BSD-2-Clause AND BSD-3-Clause AND LicenseRef-BSL AND LicenseRef-Expat AND GPL-2.0-only AND GPL-2.0-or-later AND GPL-3.0-only AND GPL-3.0-or-later AND IJG AND ISC AND LGPL-2.0-or-later AND LGPL-2.1-only AND LGPL-2.1-or-later AND LicenseRef-Sundry AND Zlib AND LicenseRef-man-page AND LicenseRef-public-domain,N,?
scenescape-mapping,libavdevice59:amd64:7:5.1.8-0+deb12u1,Ubuntu,BSD-1-Clause AND BSD-2-Clause AND BSD-3-Clause AND LicenseRef-BSL AND LicenseRef-Expat AND GPL-2.0-only AND GPL-2.0-or-later AND GPL-3.0-only AND GPL-3.0-or-later AND IJG AND ISC AND LGPL-2.0-or-later AND LGPL-2.1-only AND LGPL-2.1-or-later AND LicenseRef-Sundry AND Zlib AND LicenseRef-man-page AND LicenseRef-public-domain,N,?
scenescape-mapping,libavfilter8:amd64:7:5.1.8-0+deb12u1,Ubuntu,BSD-1-Clause AND BSD-2-Clause AND BSD-3-Clause AND LicenseRef-BSL AND LicenseRef-Expat AND GPL-2.0-only AND GPL-2.0-or-later AND GPL-3.0-only AND GPL-3.0-or-later AND IJG AND ISC AND LGPL-2.0-or-later AND LGPL-2.1-only AND LGPL-2.1-or-later AND LicenseRef-Sundry AND Zlib AND LicenseRef-man-page AND LicenseRef-public-domain,N,?
scenescape-mapping,libavformat59:amd64:7:5.1.8-0+deb12u1,Ubuntu,BSD-1-Clause AND BSD-2-Clause AND BSD-3-Clause AND LicenseRef-BSL AND LicenseRef-Expat AND GPL-2.0-only AND GPL-2.0-or-later AND GPL-3.0-only AND GPL-3.0-or-later AND IJG AND ISC AND LGPL-2.0-or-later AND LGPL-2.1-only AND LGPL-2.1-or-later AND LicenseRef-Sundry AND Zlib AND LicenseRef-man-page AND LicenseRef-public-domain,N,?
scenescape-mapping,libavutil57:amd64:7:5.1.8-0+deb12u1,Ubuntu,BSD-1-Clause AND BSD-2-Clause AND BSD-3-Clause AND LicenseRef-BSL AND LicenseRef-Expat AND GPL-2.0-only AND GPL-2.0-or-later AND GPL-3.0-only AND GPL-3.0-or-later AND IJG AND ISC AND LGPL-2.0-or-later AND LGPL-2.1-only AND LGPL-2.1-or-later AND LicenseRef-Sundry AND Zlib AND LicenseRef-man-page AND LicenseRef-public-domain,N,?
scenescape-mapping,libblas3:amd64:3.11.0-2,Ubuntu,?BSD-3-Clause,N,?indirect dependency automatically installed
scenescape-mapping,libbluray2:amd64:1:1.3.4-1,Ubuntu,BSD-3-Clause AND GPL-2.0-only AND GPL-2.0-or-later AND LGPL-2.1-only AND LGPL-2.1-or-later AND MPL-1.0 AND LicenseRef-custom,N,?
scenescape-mapping,libbrotli1:amd64:1.0.9-2+b6,Ubuntu,MIT,N,indirect dependency. auto installed
scenescape-mapping,libbs2b0:amd64:3.1.0+dfsg-7,Ubuntu,LicenseRef-Expat AND LicenseRef-FSF-unlimited AND GPL-2.0-only AND GPL-2.0-or-later AND GPL-3.0-only AND GPL-3.0-or-later AND LicenseRef-MIT-FSF-public,N,?
scenescape-mapping,libbsd0:amd64:0.11.7-2,Ubuntu,BSD License,N,indirect dependency. auto installed
scenescape-mapping,libcaca0:amd64:0.99.beta20-3,Ubuntu,LicenseRef-GPL AND GPL-1.0-only AND GPL-2.0-only AND GPL-2.0-or-later AND ISC AND LGPL-2.0-only AND LGPL-2.0-or-later AND LicenseRef-WTFPL-2,N,?
scenescape-mapping,libcairo-gobject2:amd64:1.16.0-7,Ubuntu,LGPL-2.1-only,N,?
scenescape-mapping,libcairo2:amd64:1.16.0-7,Ubuntu,LGPL-2.1-only,N,?
scenescape-mapping,libcdio-cdda2:amd64:10.2+2.0.1-1,Ubuntu,GFDL-1.2-only AND GPL-3.0-only,N,?
scenescape-mapping,libcdio-paranoia2:amd64:10.2+2.0.1-1,Ubuntu,GFDL-1.2-only AND GPL-3.0-only,N,?
scenescape-mapping,libcdio19:amd64:2.1.0-4,Ubuntu,GFDL-1.2-only AND GPL-2.0-only AND GPL-2.0-or-later AND GPL-3.0-only,N,?
scenescape-mapping,libchromaprint1:amd64:1.5.1-2+b1,Ubuntu,BSD-3-Clause AND LicenseRef-Expat AND LGPL-2.1-only AND LGPL-2.1-or-later,N,?
scenescape-mapping,libcjson1:amd64:1.7.15-1+deb12u4,Ubuntu,?MIT,N,?indirect dependency automatically installed
scenescape-mapping,libcodec2-1.0:amd64:1.0.5-1,Ubuntu,LicenseRef-JMVBSD AND LicenseRef-KISSFFTBSD AND LGPL-2.1-only,N,?
scenescape-mapping,libcurl3-gnutls:amd64:7.88.1-10+deb12u14,Ubuntu,BSD-3-Clause AND BSD-4-Clause AND ISC AND curl AND LicenseRef-other AND LicenseRef-public-domain,N,indirect dependency. auto installed
scenescape-mapping,libcurl4:amd64:7.88.1-10+deb12u14,Ubuntu,BSD-3-Clause,N,indirect dependency. auto installed
scenescape-mapping,libdatrie1:amd64:0.2.13-2+b1,Ubuntu,GPL-2.0-only AND GPL-2.0-or-later AND LGPL-2.1-only AND LGPL-2.1-or-later,N,?
scenescape-mapping,libdav1d6:amd64:1.0.0-2+deb12u1,Ubuntu,BSD-2-Clause AND ISC AND LicenseRef-public-domain,N,?
scenescape-mapping,libdbus-1-3:amd64:1.14.10-1~deb12u1,Ubuntu,?AFL-2.1 License,N,?indirect dependency automatically installed
scenescape-mapping,libdc1394-25:amd64:2.2.6-4,Ubuntu,GPL-2.0-only AND LGPL-2.1-only,N,?
scenescape-mapping,libdecor-0-0:amd64:0.1.1-2,Ubuntu,LicenseRef-Expat AND GPL-3.0-only AND GPL-3.0-or-later,N,?
scenescape-mapping,libdeflate0:amd64:1.14-1,Ubuntu,?MIT,N,?indirect dependency automatically installed
scenescape-mapping,libdrm-amdgpu1:amd64:2.4.114-1+b1,Ubuntu,MIT,N,indirect dependency. auto installed
scenescape-mapping,libdrm-common:2.4.114-1,Ubuntu,MIT,N,indirect dependency. auto installed
scenescape-mapping,libdrm-intel1:amd64:2.4.114-1+b1,Ubuntu,MIT,N,indirect dependency. auto installed
scenescape-mapping,libdrm-nouveau2:amd64:2.4.114-1+b1,Ubuntu,MIT,N,indirect dependency. auto installed
scenescape-mapping,libdrm-radeon1:amd64:2.4.114-1+b1,Ubuntu,MIT,N,indirect dependency. auto installed
scenescape-mapping,libdrm2:amd64:2.4.114-1+b1,Ubuntu,MIT,N,indirect dependency. auto installed
scenescape-mapping,libedit2:amd64:3.1-20221030-2,Ubuntu,BSD License,N,indirect dependency. auto installed
scenescape-mapping,libelf1:amd64:0.188-2.1,Ubuntu,LGPL-3.0,N,indirect dependency. auto installed
scenescape-mapping,libepoxy0:amd64:1.5.10-1,Ubuntu,LicenseRef-Expat,N,?
scenescape-mapping,liberror-perl:0.17029-2,Ubuntu,LicenseRef-Artistic AND GPL-1.0-only AND GPL-1.0-or-later AND LicenseRef-MIT-X11,N,indirect dependency. auto installed
scenescape-mapping,libexpat1:amd64:2.5.0-1+deb12u2,Ubuntu,MIT,N,indirect dependency. auto installed
scenescape-mapping,libflac12:amd64:1.4.2+ds-2,Ubuntu,BSD-3-Clause AND GFDL-1.1-or-later AND GFDL-1.2-only AND GPL-2.0-only AND GPL-2.0-or-later AND ISC AND LGPL-2.0-only AND LGPL-2.0-or-later AND LGPL-2.1-only AND LGPL-2.1-or-later AND LicenseRef-Public-domain,N,?
scenescape-mapping,libflite1:amd64:2.2-5,Ubuntu,GPL-2.0-only AND GPL-3.0-only,N,?
scenescape-mapping,libfontconfig1:amd64:2.14.1-4,Ubuntu,?MIT,N,?indirect dependency automatically installed
scenescape-mapping,libfreetype6:amd64:2.12.1+dfsg-5+deb12u4,Ubuntu,?FTL,N,?indirect dependency automatically installed
scenescape-mapping,libfribidi0:amd64:1.0.8-2.1,Ubuntu,LGPL-2.1-only AND LGPL-2.1-or-later,N,?
scenescape-mapping,libgbm1:amd64:22.3.6-1+deb12u1,Ubuntu,?MIT,N,?indirect dependency automatically installed
scenescape-mapping,libgdbm-compat4:amd64:1.23-3,Ubuntu,GPL-3.0,N,indirect dependency. auto installed
scenescape-mapping,libgdk-pixbuf-2.0-0:amd64:2.42.10+dfsg-1+deb12u3,Ubuntu,CC0-1.0 AND GPL-2.0-only AND GPL-2.0-or-later AND LGPL-2.0-only AND LGPL-2.0-or-later AND LGPL-2.1-only AND LGPL-2.1-or-later,N,?
scenescape-mapping,libgdk-pixbuf2.0-common:2.42.10+dfsg-1+deb12u3,Ubuntu,CC0-1.0 AND GPL-2.0-only AND GPL-2.0-or-later AND LGPL-2.0-only AND LGPL-2.0-or-later AND LGPL-2.1-only AND LGPL-2.1-or-later,N,?
scenescape-mapping,libgfortran5:amd64:12.2.0-14+deb12u1,Ubuntu,?GPL-3.0,N,?indirect dependency automatically installed
scenescape-mapping,libgl1-mesa-dri:amd64:22.3.6-1+deb12u1,Ubuntu,MIT,N,indirect dependency. auto installed
scenescape-mapping,libgl1:amd64:1.6.0-1,Ubuntu,MIT,N,indirect dependency. auto installed
scenescape-mapping,libglapi-mesa:amd64:22.3.6-1+deb12u1,Ubuntu,MIT,N,indirect dependency. auto installed
scenescape-mapping,libglib2.0-0:amd64:2.74.6-2+deb12u8,Ubuntu,LGPL-2.1,N,linked
scenescape-mapping,libglvnd0:amd64:1.6.0-1,Ubuntu,MIT,N,indirect dependency. auto installed
scenescape-mapping,libglx-mesa0:amd64:22.3.6-1+deb12u1,Ubuntu,MIT,N,indirect dependency. auto installed
scenescape-mapping,libglx0:amd64:1.6.0-1,Ubuntu,MIT,N,indirect dependency. auto installed
scenescape-mapping,libgme0:amd64:0.6.3-6,Ubuntu,LGPL-2.1-only AND LGPL-2.1-or-later AND MIT,N,?
scenescape-mapping,libgomp1:amd64:12.2.0-14+deb12u1,Ubuntu,GPL-3.0,N,indirect dependency. auto installed
scenescape-mapping,libgraphite2-3:amd64:1.3.14-1,Ubuntu,?SIL Open Font License,N,?indirect dependency automatically installed
scenescape-mapping,libgsm1:amd64:1.0.22-1,Ubuntu,TU-Berlin-2.0,N,?
scenescape-mapping,libharfbuzz0b:amd64:6.0.0+dfsg-3,Ubuntu,?MIT,N,?indirect dependency automatically installed
scenescape-mapping,libhwy1:amd64:1.0.3-3+deb12u1,Ubuntu,Apache-2.0,N,?
scenescape-mapping,libice6:amd64:2:1.0.10-1,Ubuntu,MIT,N,indirect dependency. auto installed
scenescape-mapping,libicu72:amd64:72.1-3+deb12u1,Ubuntu,GPL-3.0-only AND MIT,N,?
scenescape-mapping,libiec61883-0:amd64:1.2.0-6+b1,Ubuntu,LGPL-2.1-only,N,?
scenescape-mapping,libjack-jackd2-0:amd64:1.9.21~dfsg-3,Ubuntu,BSD-2-Clause AND BSD-3-Clause AND LicenseRef-Expat AND GPL-2.0-only AND GPL-2.0-or-later AND LicenseRef-GPL-2-either AND LicenseRef-GPL-2-or AND GPL-3.0-only AND GPL-3.0-or-later AND LGPL-2.0-only AND LGPL-2.0-or-later AND LGPL-2.1-only AND LGPL-2.1-or-later AND LicenseRef-public-domain-Kroon,N,?
scenescape-mapping,libjbig0:amd64:2.1-6.1,Ubuntu,?GPL-2.0-or-later,N,?indirect dependency automatically installed
scenescape-mapping,libjpeg62-turbo:amd64:1:2.1.5-2,Ubuntu,BSD-3-Clause AND LicenseRef-BSD-BY-LC-NE AND LicenseRef-Expat AND NTP AND Zlib,N,?
scenescape-mapping,libjxl0.7:amd64:0.7.0-10+deb12u1,Ubuntu,LicenseRef-BSD-3-clause-Google AND LicenseRef-ISC-License,N,?
scenescape-mapping,liblapack3:amd64:3.11.0-2,Ubuntu,?BSD-3-Clause,N,?indirect dependency automatically installed
scenescape-mapping,liblcms2-2:amd64:2.14-2,Ubuntu,?BSD-3-Clause,N,?indirect dependency automatically installed
scenescape-mapping,libldap-2.5-0:amd64:2.5.13+dfsg-5,Ubuntu,OpenLDAP Public License,N,indirect dependency. auto installed
scenescape-mapping,liblerc4:amd64:4.0.0+ds-2,Ubuntu,?MIT,N,?indirect dependency automatically installed
scenescape-mapping,liblilv-0-0:amd64:0.24.14-1,Ubuntu,BSD-3-Clause AND ISC,N,?
scenescape-mapping,libllvm15:amd64:1:15.0.6-4+b1,Ubuntu,Apache-2.0,N,indirect dependency. auto installed
scenescape-mapping,libmbedcrypto7:amd64:2.28.3-1,Ubuntu,Apache-2.0 AND GPL-2.0-only AND GPL-2.0-or-later,N,?
scenescape-mapping,libmfx1:amd64:22.5.4-1,Ubuntu,Apache-2.0 AND BSD-3-Clause AND MIT AND NTP,N,?
scenescape-mapping,libmp3lame0:amd64:3.100-6,Ubuntu,BSD-3-Clause AND GPL-1.0-only AND GPL-1.0-or-later AND LGPL-2.0-only AND LGPL-2.0-or-later AND LGPL-2.1-only AND LGPL-2.1-or-later AND LicenseRef-zlib-libpng,N,?
scenescape-mapping,libmpg123-0:amd64:1.31.2-1+deb12u1,Ubuntu,LGPL-2.1-only,N,?
scenescape-mapping,libmysofa1:amd64:1.3.1~dfsg0-1,Ubuntu,BSD-3-Clause AND CC-BY-4.0 AND CC-BY-SA-3.0 AND LicenseRef-cipic AND LicenseRef-listen-ircam AND LicenseRef-mit-kemar,N,?
scenescape-mapping,libnghttp2-14:amd64:1.52.0-1+deb12u2,Ubuntu,MIT,N,indirect dependency. auto installed
scenescape-mapping,libnorm1:amd64:1.5.9+dfsg-2,Ubuntu,BSD-2-Clause AND BSD-3-Clause AND BSD-4-Clause-UC AND LicenseRef-NRL-2-clause AND LicenseRef-NRL-3-clause,N,?
scenescape-mapping,libnuma1:amd64:2.0.16-1,Ubuntu,LicenseRef-GPL AND LicenseRef-LGPL,N,?
scenescape-mapping,libogg0:amd64:1.3.5-3,Ubuntu,BSD-3-Clause AND LicenseRef-rfc3533-license AND LicenseRef-rfc5334-license,N,?
scenescape-mapping,libopenal-data:1:1.19.1-2,Ubuntu,LicenseRef-Apache AND LicenseRef-BSD-3-clause-cmake AND LicenseRef-Expat AND GPL-2.0-only AND GPL-2.0-or-later AND GPL-3.0-only AND GPL-3.0-or-later AND LGPL-2.0-or-later AND LGPL-2.1-or-later,N,?
scenescape-mapping,libopenal1:amd64:1:1.19.1-2,Ubuntu,LicenseRef-Apache AND LicenseRef-BSD-3-clause-cmake AND LicenseRef-Expat AND GPL-2.0-only AND GPL-2.0-or-later AND GPL-3.0-only AND GPL-3.0-or-later AND LGPL-2.0-or-later AND LGPL-2.1-or-later,N,?
scenescape-mapping,libopenjp2-7:amd64:2.5.0-2+deb12u2,Ubuntu,?BSD-2-Clause,N,?indirect dependency automatically installed
scenescape-mapping,libopenmpt0:amd64:0.6.9-1,Ubuntu,BSD-3-Clause AND BSL-1.0 AND LicenseRef-GNU-All-Permissive-License AND LicenseRef-GNU-All-Permissive-License-FSF AND GPL-2.0-only AND GPL-2.0-or-later AND GPL-3.0-only AND GPL-3.0-or-later AND X11,N,?
scenescape-mapping,libopus0:amd64:1.3.1-3,Ubuntu,BSD-2-Clause AND BSD-3-Clause,N,?
scenescape-mapping,libpango-1.0-0:amd64:1.50.12+ds-1,Ubuntu,Apache-2.0 AND Apache-2.0 AND Bitstream-Vera AND CC0-1.0 AND LicenseRef-Chromium-BSD-style AND LicenseRef-Example AND GPL-2.0-or-later AND GPL-2.0-only AND ICU AND LGPL-2.0-only AND LGPL-2.0-or-later AND LGPL-2.1-only AND LGPL-2.1-or-later AND OFL-1.1 AND TCL AND LicenseRef-Unicode,N,?
scenescape-mapping,libpangocairo-1.0-0:amd64:1.50.12+ds-1,Ubuntu,Apache-2.0 AND Apache-2.0 AND Bitstream-Vera AND CC0-1.0 AND LicenseRef-Chromium-BSD-style AND LicenseRef-Example AND GPL-2.0-or-later AND GPL-2.0-only AND ICU AND LGPL-2.0-only AND LGPL-2.0-or-later AND LGPL-2.1-only AND LGPL-2.1-or-later AND OFL-1.1 AND TCL AND LicenseRef-Unicode,N,?
scenescape-mapping,libpangoft2-1.0-0:amd64:1.50.12+ds-1,Ubuntu,Apache-2.0 AND Apache-2.0 AND Bitstream-Vera AND CC0-1.0 AND LicenseRef-Chromium-BSD-style AND LicenseRef-Example AND GPL-2.0-or-later AND GPL-2.0-only AND ICU AND LGPL-2.0-only AND LGPL-2.0-or-later AND LGPL-2.1-only AND LGPL-2.1-or-later AND OFL-1.1 AND TCL AND LicenseRef-Unicode,N,?
scenescape-mapping,libpciaccess0:amd64:0.17-2,Ubuntu,MIT,N,indirect dependency. auto installed
scenescape-mapping,libperl5.36:amd64:5.36.0-7+deb12u3,Ubuntu,LicenseRef-Artistic AND Artistic-2.0 AND Artistic-dist AND BSD-3-Clause AND LicenseRef-BSD-3-clause-GENERIC AND LicenseRef-BSD-3-clause-with-weird-numbering AND LicenseRef-BSD-4-clause-POWERDOG AND LicenseRef-BZIP AND LicenseRef-DONT-CHANGE-THE-GPL AND LicenseRef-Expat AND GPL-1.0-only AND GPL-1.0-or-later AND GPL-2.0-only AND GPL-2.0-or-later AND LicenseRef-GPL-3--WITH-BISON-EXCEPTION AND LicenseRef-HSIEH-BSD AND LicenseRef-HSIEH-DERIVATIVE AND LGPL-2.1-only AND LicenseRef-REGCOMP AND LicenseRef-REGCOMP- AND LicenseRef-RRA-KEEP-THIS-NOTICE AND LicenseRef-SDBM-PUBLIC-DOMAIN AND LicenseRef-TEXT-TABS AND LicenseRef-Unicode AND Zlib,N,?
scenescape-mapping,libpgm-5.3-0:amd64:5.3.128~dfsg-2,Ubuntu,BSD-3-Clause AND ISC AND LGPL-2.0-only AND LGPL-2.0-or-later AND LGPL-2.1-only,N,?
scenescape-mapping,libpixman-1-0:amd64:0.42.2-1,Ubuntu,?,N,?
scenescape-mapping,libplacebo208:amd64:4.208.0-3,Ubuntu,LicenseRef-CC0 AND LicenseRef-Expat AND LGPL-2.1-only AND LGPL-2.1-or-later AND Zlib,N,?
scenescape-mapping,libpng16-16:amd64:1.6.39-2+deb12u3,Ubuntu,?libpng License,N,?indirect dependency automatically installed
scenescape-mapping,libpocketsphinx3:amd64:0.8+5prealpha+1-15,Ubuntu,LicenseRef-BSD-2 AND BSD-3-Clause AND GPL-2.0-only AND GPL-2.0-or-later,N,?
scenescape-mapping,libpostproc56:amd64:7:5.1.8-0+deb12u1,Ubuntu,BSD-1-Clause AND BSD-2-Clause AND BSD-3-Clause AND LicenseRef-BSL AND LicenseRef-Expat AND GPL-2.0-only AND GPL-2.0-or-later AND GPL-3.0-only AND GPL-3.0-or-later AND IJG AND ISC AND LGPL-2.0-or-later AND LGPL-2.1-only AND LGPL-2.1-or-later AND LicenseRef-Sundry AND Zlib AND LicenseRef-man-page AND LicenseRef-public-domain,N,?
scenescape-mapping,libpsl5:amd64:0.21.2-1,Ubuntu,MIT,N,indirect dependency. auto installed
scenescape-mapping,libpthread-stubs0-dev:amd64:0.4-1,Ubuntu,CC-BY-SA,N,indirect dependency. auto installed
scenescape-mapping,libpulse0:amd64:16.1+dfsg1-2+b1,Ubuntu,GPL-2.0-only AND GPL-2.0-or-later AND LGPL-2.0-only AND LGPL-2.0-or-later AND LGPL-2.1-only AND LGPL-2.1-or-later AND LicenseRef-other,N,?
scenescape-mapping,libquadmath0:amd64:12.2.0-14+deb12u1,Ubuntu,LicenseRef-Artistic AND GFDL-1.2-only AND LicenseRef-GPL AND GPL-2.0-only AND GPL-3.0-only AND LicenseRef-LGPL,N,?
scenescape-mapping,librabbitmq4:amd64:0.11.0-1+deb12u1,Ubuntu,LicenseRef-BSD-Author AND LicenseRef-Expat,N,?
scenescape-mapping,librav1e0:amd64:0.5.1-6,Ubuntu,BSD-2-Clause AND BSD-2-Clause AND ISC,N,?
scenescape-mapping,libraw1394-11:amd64:2.1.2-2,Ubuntu,LicenseRef-GPL AND LicenseRef-LGPL,N,?
scenescape-mapping,librist4:amd64:0.2.7+dfsg-1,Ubuntu,BSD-2-Clause AND LicenseRef-Expat AND ISC AND LicenseRef-public-domain,N,?
scenescape-mapping,librsvg2-2:amd64:2.54.7+dfsg-1~deb12u1,Ubuntu,0BSD AND Apache-2.0 AND LicenseRef-Apache-2.0- AND BSD-2-Clause AND BSD-3-Clause AND LicenseRef-Boost-1.0 AND CC-BY-3.0 AND LicenseRef-CC-zero-waive-1.0-us AND LicenseRef-Expat AND FSFAP AND LGPL-2.0-only AND LGPL-2.0-or-later AND MPL-2.0 AND OFL-1.1 AND LicenseRef-Sun-permissive AND Unlicense AND Zlib,N,?
scenescape-mapping,librtmp1:amd64:2.4+20151223.gitfa8646d.1-2+b2,Ubuntu,LGPL-2.1,N,indirect dependency. auto installed
scenescape-mapping,librubberband2:amd64:3.1.2+dfsg0-1,Ubuntu,BSD-3-Clause AND LicenseRef-Expat AND GPL-2.0-only AND GPL-2.0-or-later AND Zlib AND LicenseRef-other-1,N,?
scenescape-mapping,libsamplerate0:amd64:0.2.2-3,Ubuntu,BSD-2-Clause AND FSFAP AND GPL-2.0-only AND GPL-2.0-or-later AND GPL-3.0-only AND GPL-3.0-or-later,N,?
scenescape-mapping,libsasl2-2:amd64:2.1.28+dfsg-10,Ubuntu,BSD-3-Clause,N,indirect dependency. auto installed
scenescape-mapping,libsasl2-modules-db:amd64:2.1.28+dfsg-10,Ubuntu,BSD-3-Clause,N,indirect dependency. auto installed
scenescape-mapping,libsdl2-2.0-0:amd64:2.26.5+dfsg-1,Ubuntu,Apache-2.0 AND BSD-3-Clause AND LicenseRef-BSD-3-clause-chromium AND LicenseRef-BSD-3-clause-kitware AND LicenseRef-BrownUn-UnCalifornia-ErikCorry AND LicenseRef-Expat AND LicenseRef-Expat-like AND GPL-3.0-only AND LicenseRef-Gareth-McCaughan AND LGPL-2.1-only AND LGPL-2.1-or-later AND MIT-open-group AND LicenseRef-Mozilla-permissive AND LicenseRef-PublicDomain-David-Ludwig AND LicenseRef-PublicDomain-Edgar-Simo AND LicenseRef-PublicDomain-Sam-Lantinga AND LicenseRef-RSA-Data-Security AND LicenseRef-SGI-Free-Software-License-B AND SunPro AND LicenseRef-hidapi-orig AND LicenseRef-zlib-libpng-like-permissive AND LicenseRef-zlib-libpng,N,?
scenescape-mapping,libsensors-config:1:3.6.0-7.1,Ubuntu,GPL-2.0,N,indirect dependency. auto installed
scenescape-mapping,libsensors5:amd64:1:3.6.0-7.1,Ubuntu,GPL-2.0,N,indirect dependency. auto installed
scenescape-mapping,libserd-0-0:amd64:0.30.16-1,Ubuntu,ISC,N,?
scenescape-mapping,libshine3:amd64:3.1.1-2,Ubuntu,GPL-2.0-only AND GPL-2.0-or-later AND LGPL-2.0-only,N,?
scenescape-mapping,libslang2:amd64:2.3.3-3,Ubuntu,GPL-2.0-only AND GPL-2.0-or-later,N,?
scenescape-mapping,libsm6:amd64:2:1.2.3-1,Ubuntu,MIT,N,indirect dependency. auto installed
scenescape-mapping,libsnappy1v5:amd64:1.1.9-3,Ubuntu,?BSD-3-Clause,N,?indirect dependency automatically installed
scenescape-mapping,libsndfile1:amd64:1.2.0-1+deb12u1,Ubuntu,Apache-2.0 AND BSD-2-Clause AND BSD-3-Clause AND FSFAP AND GPL-2.0-only AND GPL-2.0-or-later AND GPL-3.0-only AND GPL-3.0-or-later AND LGPL-2.0-only AND LGPL-2.0-or-later AND LGPL-2.1-only AND LGPL-2.1-or-later AND NTP AND LicenseRef-gsm AND LicenseRef-sun,N,?
scenescape-mapping,libsndio7.0:amd64:1.9.0-0.3+b2,Ubuntu,ISC AND LicenseRef-ISC-packaging,N,?
scenescape-mapping,libsodium23:amd64:1.0.18-1+deb12u1,Ubuntu,BSD-2-Clause AND LicenseRef-CC0 AND CC0-1.0 AND GPL-2.0-only AND GPL-2.0-or-later AND ISC AND MIT AND LicenseRef-public-domain,N,?
scenescape-mapping,libsord-0-0:amd64:0.16.14+git221008-1,Ubuntu,ISC,N,?
scenescape-mapping,libsoxr0:amd64:0.1.3-4,Ubuntu,LGPL-2.1-only AND LGPL-2.1-or-later AND LicenseRef-Spherepack AND LicenseRef-permissive1 AND LicenseRef-permissive2,N,?
scenescape-mapping,libspeex1:amd64:1.2.1-2,Ubuntu,BSD-3-Clause AND GFDL-1.1-or-later AND GFDL-1.2-only AND LGPL-2.0-only AND LGPL-2.0-or-later AND LicenseRef-custom-1,N,?
scenescape-mapping,libsphinxbase3:amd64:0.8+5prealpha+1-16,Ubuntu,BSD-2-Clause AND LicenseRef-BSD-2-clause-beyond AND BSD-3-Clause AND LicenseRef-BSD-3-clause-carnegie AND GPL-2.0-only AND GPL-2.0-or-later AND LicenseRef-lucent AND LicenseRef-u-o-tennesee,N,?
scenescape-mapping,libsratom-0-0:amd64:0.6.14-1,Ubuntu,ISC,N,?
scenescape-mapping,libsrt1.5-gnutls:amd64:1.5.1-1+deb12u1,Ubuntu,BSD-3-Clause AND LGPL-2.1-only AND LGPL-2.1-or-later AND MPL-2.0 AND Zlib AND Unlicense,N,?
scenescape-mapping,libssh-gcrypt-4:amd64:0.10.6-0+deb12u2,Ubuntu,BSD-2-Clause AND BSD-3-Clause AND LGPL-2.1-only AND LicenseRef-LGPL-2.1--OpenSSL AND LicenseRef-public-domain,N,?
scenescape-mapping,libssh2-1:amd64:1.10.0-3+b1,Ubuntu,LicenseRef-BSD3,N,?
scenescape-mapping,libsvtav1enc1:amd64:1.4.1+dfsg-1,Ubuntu,BSD-2-Clause AND BSD-3-Clause-Clear AND BSD-3-Clause AND LicenseRef-Expat AND ISC AND LGPL-2.1-only AND LGPL-2.1-or-later,N,?
scenescape-mapping,libswresample4:amd64:7:5.1.8-0+deb12u1,Ubuntu,BSD-1-Clause AND BSD-2-Clause AND BSD-3-Clause AND LicenseRef-BSL AND LicenseRef-Expat AND GPL-2.0-only AND GPL-2.0-or-later AND GPL-3.0-only AND GPL-3.0-or-later AND IJG AND ISC AND LGPL-2.0-or-later AND LGPL-2.1-only AND LGPL-2.1-or-later AND LicenseRef-Sundry AND Zlib AND LicenseRef-man-page AND LicenseRef-public-domain,N,?
scenescape-mapping,libswscale6:amd64:7:5.1.8-0+deb12u1,Ubuntu,BSD-1-Clause AND BSD-2-Clause AND BSD-3-Clause AND LicenseRef-BSL AND LicenseRef-Expat AND GPL-2.0-only AND GPL-2.0-or-later AND GPL-3.0-only AND GPL-3.0-or-later AND IJG AND ISC AND LGPL-2.0-or-later AND LGPL-2.1-only AND LGPL-2.1-or-later AND LicenseRef-Sundry AND Zlib AND LicenseRef-man-page AND LicenseRef-public-domain,N,?
scenescape-mapping,libthai-data:0.1.29-1,Ubuntu,GPL-2.0-only AND GPL-2.0-or-later AND LGPL-2.1-only AND LGPL-2.1-or-later,N,?
scenescape-mapping,libthai0:amd64:0.1.29-1,Ubuntu,GPL-2.0-only AND GPL-2.0-or-later AND LGPL-2.1-only AND LGPL-2.1-or-later,N,?
scenescape-mapping,libtheora0:amd64:1.1.1+dfsg.1-16.1+deb12u1,Ubuntu,BSD-3-Clause,N,?
scenescape-mapping,libtiff6:amd64:4.5.0-6+deb12u3,Ubuntu,?MIT,N,?indirect dependency automatically installed
scenescape-mapping,libtwolame0:amd64:0.4.0-2,Ubuntu,LGPL-2.0-only AND LGPL-2.0-or-later,N,?
scenescape-mapping,libudfread0:amd64:1.1.2-1,Ubuntu,GPL-2.0-only AND GPL-2.0-or-later AND LGPL-2.1-only AND LGPL-2.1-or-later,N,?
scenescape-mapping,libusb-1.0-0:amd64:2:1.0.26-1,Ubuntu,GPL-2.0-only AND LGPL-2.1-only,N,?
scenescape-mapping,libva-drm2:amd64:2.17.0-1,Ubuntu,LicenseRef-Expat AND LicenseRef-Expat-advertising AND GPL-2.0-only AND GPL-2.0-or-later AND LicenseRef-other,N,?
scenescape-mapping,libva-x11-2:amd64:2.17.0-1,Ubuntu,LicenseRef-Expat AND LicenseRef-Expat-advertising AND GPL-2.0-only AND GPL-2.0-or-later AND LicenseRef-other,N,?
scenescape-mapping,libva2:amd64:2.17.0-1,Ubuntu,LicenseRef-Expat AND LicenseRef-Expat-advertising AND GPL-2.0-only AND GPL-2.0-or-later AND LicenseRef-other,N,?
scenescape-mapping,libvdpau1:amd64:1.5-2,Ubuntu,LicenseRef-Expat AND LicenseRef-other,N,?
scenescape-mapping,libvidstab1.1:amd64:1.1.0-2+b1,Ubuntu,GPL-2.0-only AND GPL-2.0-or-later,N,?
scenescape-mapping,libvorbis0a:amd64:1.3.7-1,Ubuntu,BSD-3-Clause AND LicenseRef-RFC-special,N,?
scenescape-mapping,libvorbisenc2:amd64:1.3.7-1,Ubuntu,BSD-3-Clause AND LicenseRef-RFC-special,N,?
scenescape-mapping,libvorbisfile3:amd64:1.3.7-1,Ubuntu,BSD-3-Clause AND LicenseRef-RFC-special,N,?
scenescape-mapping,libvpx7:amd64:1.12.0-1+deb12u5,Ubuntu,BSD-3-Clause AND ISC AND LicenseRef-public-domain,N,?
scenescape-mapping,libvulkan1:amd64:1.3.239.0-1,Ubuntu,?LGPL-2.1,N,?indirect dependency automatically installed
scenescape-mapping,libwayland-client0:amd64:1.21.0-1,Ubuntu,?X11,N,?indirect dependency automatically installed
scenescape-mapping,libwayland-cursor0:amd64:1.21.0-1,Ubuntu,X11,N,?
scenescape-mapping,libwayland-egl1:amd64:1.21.0-1,Ubuntu,X11,N,?
scenescape-mapping,libwayland-server0:amd64:1.21.0-1,Ubuntu,?X11,N,?indirect dependency automatically installed
scenescape-mapping,libwebp7:amd64:1.2.4-0.2+deb12u1,Ubuntu,?LGPL-2.1,N,?indirect dependency automatically installed
scenescape-mapping,libwebpmux3:amd64:1.2.4-0.2+deb12u1,Ubuntu,?LGPL-2.1,N,?indirect dependency automatically installed
scenescape-mapping,libx11-6:amd64:2:1.8.4-2+deb12u2,Ubuntu,MIT,N,indirect dependency. auto installed
scenescape-mapping,libx11-data:2:1.8.4-2+deb12u2,Ubuntu,MIT,N,indirect dependency. auto installed
scenescape-mapping,libx11-dev:amd64:2:1.8.4-2+deb12u2,Ubuntu,MIT,N,indirect dependency. auto installed
scenescape-mapping,libx11-xcb1:amd64:2:1.8.4-2+deb12u2,Ubuntu,MIT,N,indirect dependency. auto installed
scenescape-mapping,libx264-164:amd64:2:0.164.3095+gitbaee400-3,Ubuntu,BSD-3-Clause AND LicenseRef-Expat AND GPL-2.0-only AND GPL-2.0-or-later AND ISC AND LGPL-2.1-or-later AND LicenseRef-public-domain,N,?
scenescape-mapping,libx265-199:amd64:3.5-2+b1,Ubuntu,LicenseRef-Expat AND GPL-2.0-only AND GPL-2.0-or-later AND ISC AND LGPL-2.1-only AND LGPL-2.1-or-later,N,?
scenescape-mapping,libxau-dev:amd64:1:1.0.9-1,Ubuntu,MIT,N,indirect dependency. auto installed
scenescape-mapping,libxau6:amd64:1:1.0.9-1,Ubuntu,MIT,N,indirect dependency. auto installed
scenescape-mapping,libxcb-dri2-0:amd64:1.15-1,Ubuntu,MIT,N,indirect dependency. auto installed
scenescape-mapping,libxcb-dri3-0:amd64:1.15-1,Ubuntu,MIT,N,indirect dependency. auto installed
scenescape-mapping,libxcb-glx0:amd64:1.15-1,Ubuntu,MIT,N,indirect dependency. auto installed
scenescape-mapping,libxcb-present0:amd64:1.15-1,Ubuntu,MIT,N,indirect dependency. auto installed
scenescape-mapping,libxcb-randr0:amd64:1.15-1,Ubuntu,MIT,N,indirect dependency. auto installed
scenescape-mapping,libxcb-render0:amd64:1.15-1,Ubuntu,?MIT,N,?indirect dependency automatically installed
scenescape-mapping,libxcb-shape0:amd64:1.15-1,Ubuntu,?MIT,N,?indirect dependency automatically installed
scenescape-mapping,libxcb-shm0:amd64:1.15-1,Ubuntu,MIT,N,indirect dependency. auto installed
scenescape-mapping,libxcb-sync1:amd64:1.15-1,Ubuntu,MIT,N,indirect dependency. auto installed
scenescape-mapping,libxcb-xfixes0:amd64:1.15-1,Ubuntu,MIT,N,indirect dependency. auto installed
scenescape-mapping,libxcb1-dev:amd64:1.15-1,Ubuntu,MIT,N,indirect dependency. auto installed
scenescape-mapping,libxcb1:amd64:1.15-1,Ubuntu,MIT,N,indirect dependency. auto installed
scenescape-mapping,libxcursor1:amd64:1:1.2.1-1,Ubuntu,?,N,?
scenescape-mapping,libxdmcp-dev:amd64:1:1.1.2-3,Ubuntu,MIT,N,indirect dependency. auto installed
scenescape-mapping,libxdmcp6:amd64:1:1.1.2-3,Ubuntu,MIT,N,indirect dependency. auto installed
scenescape-mapping,libxext6:amd64:2:1.3.4-1+b1,Ubuntu,MIT,N,indirect dependency. auto installed
scenescape-mapping,libxfixes3:amd64:1:6.0.0-2,Ubuntu,MIT,N,indirect dependency. auto installed
scenescape-mapping,libxi6:amd64:2:1.8-1+b1,Ubuntu,?,N,?
scenescape-mapping,libxkbcommon0:amd64:1.5.0-1,Ubuntu,?MIT,N,?indirect dependency automatically installed
scenescape-mapping,libxml2:amd64:2.9.14+dfsg-1.3~deb12u5,Ubuntu,MIT,N,indirect dependency. auto installed
scenescape-mapping,libxrandr2:amd64:2:1.5.2-2+b1,Ubuntu,?,N,?
scenescape-mapping,libxrender-dev:amd64:1:0.9.10-1.1,Ubuntu,MIT,N,indirect dependency. auto installed
scenescape-mapping,libxrender1:amd64:1:0.9.10-1.1,Ubuntu,MIT,N,indirect dependency. auto installed
scenescape-mapping,libxshmfence1:amd64:1.3-1,Ubuntu,MIT,N,indirect dependency. auto installed
scenescape-mapping,libxss1:amd64:1:1.2.3-1,Ubuntu,?,N,?
scenescape-mapping,libxv1:amd64:2:1.0.11-1.1,Ubuntu,?,N,?
scenescape-mapping,libxvidcore4:amd64:2:1.3.7-1,Ubuntu,GPL-2.0-only AND GPL-2.0-or-later AND LGPL-2.0-only AND LGPL-2.0-or-later,N,?
scenescape-mapping,libxxf86vm1:amd64:1:1.1.4-1+b2,Ubuntu,MIT,N,indirect dependency. auto installed
scenescape-mapping,libz3-4:amd64:4.8.12-3.1,Ubuntu,?LicenseRef-Expat AND GPL-2.0-only AND GPL-2.0-or-later,N,?indirect dependency automatically installed
scenescape-mapping,libzimg2:amd64:3.0.4+ds1-1,Ubuntu,GPL-3.0-only AND GPL-3.0-or-later AND LicenseRef-WTFPL-2,N,?
scenescape-mapping,libzmq5:amd64:4.3.4-6,Ubuntu,LGPL-2.0-only AND LGPL-2.0-or-later AND LGPL-3.0-only AND LGPL-3.0-or-later AND MIT,N,?
scenescape-mapping,libzvbi-common:0.2.41-1,Ubuntu,BSD-2-Clause AND BSD-3-Clause AND GPL-2.0-only AND GPL-2.0-or-later AND LGPL-2.0-only AND LGPL-2.0-or-later AND LGPL-2.1-only AND LGPL-2.1-or-later AND MIT,N,?
scenescape-mapping,libzvbi0:amd64:0.2.41-1,Ubuntu,BSD-2-Clause AND BSD-3-Clause AND GPL-2.0-only AND GPL-2.0-or-later AND LGPL-2.0-only AND LGPL-2.0-or-later AND LGPL-2.1-only AND LGPL-2.1-or-later AND MIT,N,?
scenescape-mapping,ocl-icd-libopencl1:amd64:2.3.1-1,Ubuntu,BSD-2-Clause,N,?
scenescape-mapping,perl:5.36.0-7+deb12u3,Ubuntu,Artistic License or GPL-1.0,N,indirect dependency. auto installed
scenescape-mapping,perl-modules-5.36:5.36.0-7+deb12u3,Ubuntu,LicenseRef-Artistic AND Artistic-2.0 AND Artistic-dist AND BSD-3-Clause AND LicenseRef-BSD-3-clause-GENERIC AND LicenseRef-BSD-3-clause-with-weird-numbering AND LicenseRef-BSD-4-clause-POWERDOG AND LicenseRef-BZIP AND LicenseRef-DONT-CHANGE-THE-GPL AND LicenseRef-Expat AND GPL-1.0-only AND GPL-1.0-or-later AND GPL-2.0-only AND GPL-2.0-or-later AND LicenseRef-GPL-3--WITH-BISON-EXCEPTION AND LicenseRef-HSIEH-BSD AND LicenseRef-HSIEH-DERIVATIVE AND LGPL-2.1-only AND LicenseRef-REGCOMP AND LicenseRef-REGCOMP- AND LicenseRef-RRA-KEEP-THIS-NOTICE AND LicenseRef-SDBM-PUBLIC-DOMAIN AND LicenseRef-TEXT-TABS AND LicenseRef-Unicode AND Zlib,N,?
scenescape-mapping,python:3.11-slim-bookworm@sha256:65a93d69fa75478d554f4ad27c85c1e69fa184956261b4301ebaf6dbb0a3543d,Ubuntu,collection of licenses,N,base image
scenescape-mapping,shared-mime-info:2.2-1,Ubuntu,?BSD-3-Clause,N,?indirect dependency automatically installed
scenescape-mapping,x11-common:1:7.7+23,Ubuntu,MIT,N,indirect dependency. auto installed
scenescape-mapping,x11proto-dev:2022.1-1,Ubuntu,MIT AND LicenseRef-SGI,N,indirect dependency. auto installed
scenescape-mapping,xkb-data:2.35.1-1,Ubuntu,?MIT,N,?indirect dependency automatically installed
scenescape-mapping,xorg-sgml-doctools:1:1.11-1.1,Ubuntu,MIT,N,indirect dependency. auto installed
scenescape-mapping,xtrans-dev:1.4.0-1,Ubuntu,MIT,N,indirect dependency. auto installed
scenescape-mapping,-e git+https://github.com/facebookresearch/map-anything.git@b84b28f4f4052c8dd5d8febe873125e00bf9ab3e#egg=mapanything,pypi,Apache-2.0,N,imported
scenescape-mapping,ConfigArgParse==1.7.1,pypi,MIT,N,indirect dependency. auto installed
scenescape-mapping,Flask==3.0.3,pypi,BSD-3-Clause,N,imported
scenescape-mapping,Jinja2==3.1.6,pypi,BSD-3-Clause,N,indirect dependency. auto installed
scenescape-mapping,Markdown==3.10.2,pypi,BSD-3-Clause,N,indirect dependency. auto installed
scenescape-mapping,MarkupSafe==3.0.3,pypi,BSD-3-Clause,N,indirect dependency. auto installed
scenescape-mapping,PyYAML==6.0.3,pypi,MIT,N,indirect dependency. auto installed
scenescape-mapping,Pygments==2.19.2,pypi,BSD-3-Clause,N,indirect dependency. auto installed
scenescape-mapping,Werkzeug==3.1.6,pypi,BSD-3-Clause,N,indirect dependency. auto installed
scenescape-mapping,absl-py==2.4.0,pypi,Apache-2.0,N,indirect dependency. auto installed
scenescape-mapping,addict==2.4.0,pypi,MIT,N,indirect dependency. auto installed
scenescape-mapping,aiofiles==24.1.0,pypi,Apache-2.0,N,indirect dependency. auto installed
scenescape-mapping,annotated-doc==0.0.4,pypi,MIT,N,indirect dependency. auto installed
scenescape-mapping,annotated-types==0.7.0,pypi,MIT,N,indirect dependency. auto installed
scenescape-mapping,antlr4-python3-runtime==4.9.3,pypi,BSD License,N,indirect dependency. auto installed
scenescape-mapping,anyio==4.12.1,pypi,MIT,N,indirect dependency. auto installed
scenescape-mapping,argon2-cffi==25.1.0,pypi,MIT,N,indirect dependency. auto installed
scenescape-mapping,argon2-cffi-bindings==25.1.0,pypi,MIT,N,indirect dependency. auto installed
scenescape-mapping,asttokens==3.0.1,pypi,Apache-2.0,N,indirect dependency. auto installed
scenescape-mapping,attrs==25.4.0,pypi,MIT,N,indirect dependency. auto installed
scenescape-mapping,blinker==1.9.0,pypi,MIT,N,indirect dependency. auto installed
scenescape-mapping,brotli==1.2.0,pypi,MIT,N,indirect dependency. auto installed
scenescape-mapping,certifi==2026.2.25,pypi,MPL-2.0,N,indirect dependency. auto installed
scenescape-mapping,cffi==2.0.0,pypi,MIT,N,indirect dependency. auto installed
scenescape-mapping,charset-normalizer==3.4.5,pypi,MIT,N,indirect dependency. auto installed
scenescape-mapping,click==8.3.1,pypi,BSD-3-Clause,N,indirect dependency. auto installed
scenescape-mapping,comm==0.2.3,pypi,BSD-3-Clause,N,indirect dependency. auto installed
scenescape-mapping,contourpy==1.3.3,pypi,MIT,N,indirect dependency. auto installed
scenescape-mapping,cycler==0.12.1,pypi,BSD-3-Clause,N,indirect dependency. auto installed
scenescape-mapping,dash==4.0.0,pypi,MIT,N,indirect dependency. auto installed
scenescape-mapping,decorator==5.2.1,pypi,BSD-2-Clause,N,indirect dependency. auto installed
scenescape-mapping,einops==0.8.2,pypi,MIT,N,indirect dependency. auto installed
scenescape-mapping,executing==2.2.1,pypi,MIT,N,indirect dependency. auto installed
scenescape-mapping,fastapi==0.135.1,pypi,MIT,N,indirect dependency. auto installed
scenescape-mapping,fastjsonschema==2.21.2,pypi,MIT,N,imported
scenescape-mapping,ffmpy==1.0.0,pypi,MIT,N,indirect dependency. auto installed
scenescape-mapping,filelock==3.25.0,pypi,Unlicense,N,indirect dependency. auto installed
scenescape-mapping,flask-cors==6.0.0,pypi,?,N,?
scenescape-mapping,fonttools==4.61.1,pypi,MIT,N,indirect dependency. auto installed
scenescape-mapping,fsspec==2026.2.0,pypi,BSD-3-Clause,N,indirect dependency. auto installed
scenescape-mapping,gradio==6.7.0,pypi,Apache-2.0,N,imported
scenescape-mapping,gradio_client==2.2.0,pypi,Apache-2.0,N,indirect dependency. auto installed
scenescape-mapping,groovy==0.1.2,pypi,MIT,N,indirect dependency. auto installed
scenescape-mapping,grpcio==1.78.0,pypi,MIT,N,indirect dependency. auto installed
scenescape-mapping,gunicorn==22.0.0,pypi,MIT,N,used
scenescape-mapping,h11==0.16.0,pypi,MIT,N,indirect dependency. auto installed
scenescape-mapping,hf-xet==1.3.2,pypi,Apache-2.0,N,indirect dependency. auto installed
scenescape-mapping,httpcore==1.0.9,pypi,BSD-3-Clause,N,indirect dependency. auto installed
scenescape-mapping,httpx==0.28.1,pypi,BSD-3-Clause,N,indirect dependency. auto installed
scenescape-mapping,huggingface_hub==1.3.1,pypi,Apache-2.0,N,imported
scenescape-mapping,hydra-core==1.3.2,pypi,MIT,N,indirect dependency. auto installed
scenescape-mapping,idna==3.11,pypi,BSD-3-Clause,N,indirect dependency. auto installed
scenescape-mapping,importlib_metadata==8.7.1,pypi,Apache-2.0,N,indirect dependency. auto installed
scenescape-mapping,ipython==9.10.0,pypi,BSD-3-Clause,N,indirect dependency. auto installed
scenescape-mapping,ipython_pygments_lexers==1.1.1,pypi,?BSD-3-Clause,N,?indirect dependency. auto installed
scenescape-mapping,ipywidgets==8.1.8,pypi,BSD-3-Clause,N,indirect dependency. auto installed
scenescape-mapping,itsdangerous==2.2.0,pypi,BSD-3-Clause,N,indirect dependency. auto installed
scenescape-mapping,jaxtyping==0.3.9,pypi,MIT,N,indirect dependency. auto installed
scenescape-mapping,jedi==0.19.2,pypi,MIT,N,indirect dependency. auto installed
scenescape-mapping,joblib==1.5.3,pypi,BSD-3-Clause,N,indirect dependency. auto installed
scenescape-mapping,jsonschema==4.26.0,pypi,MIT,N,indirect dependency. auto installed
scenescape-mapping,jsonschema-specifications==2025.9.1,pypi,MIT,N,indirect dependency. auto installed
scenescape-mapping,jupyter_core==5.9.1,pypi,BSD-3-Clause,N,indirect dependency. auto installed
scenescape-mapping,jupyterlab_widgets==3.0.16,pypi,BSD-3-Clause,N,indirect dependency. auto installed
scenescape-mapping,kiwisolver==1.4.9,pypi,BSD License,N,indirect dependency. auto installed
scenescape-mapping,lightning-utilities==0.15.3,pypi,Apache-2.0,N,?
scenescape-mapping,markdown-it-py==4.0.0,pypi,MIT,N,indirect dependency. auto installed
scenescape-mapping,matplotlib==3.10.8,pypi,PSF,N,indirect dependency. auto installed
scenescape-mapping,matplotlib-inline==0.2.1,pypi,MIT,N,indirect dependency. auto installed
scenescape-mapping,mdurl==0.1.2,pypi,MIT,N,indirect dependency. auto installed
scenescape-mapping,minio==7.2.20,pypi,Apache-2.0,N,indirect dependency. auto installed
scenescape-mapping,mpmath==1.3.0,pypi,BSD-3-Clause,N,indirect dependency. auto installed
scenescape-mapping,narwhals==2.17.0,pypi,MIT,N,indirect dependency. auto installed
scenescape-mapping,natsort==8.4.0,pypi,MIT,N,indirect dependency. auto installed
scenescape-mapping,nbformat==5.10.4,pypi,BSD-3-Clause,N,indirect dependency. auto installed
scenescape-mapping,nest-asyncio==1.6.0,pypi,BSD-3-Clause,N,indirect dependency. auto installed
scenescape-mapping,networkx==3.6.1,pypi,BSD-3-Clause,N,indirect dependency. auto installed
scenescape-mapping,numpy==2.4.2,pypi,BSD-3-Clause,N,imported
scenescape-mapping,omegaconf==2.3.0,pypi,BSD-3-Clause,N,indirect dependency. auto installed
scenescape-mapping,open3d-cpu==0.19.0,pypi,MIT,N,imported
scenescape-mapping,opencv-python-headless==4.10.0.84,pypi,MIT,N,imported
scenescape-mapping,orjson==3.11.5,pypi,MIT,N,imported
scenescape-mapping,packaging==26.0,pypi,Apache-2.0,N,indirect dependency. auto installed
scenescape-mapping,pandas==3.0.1,pypi,BSD-3-Clause,N,indirect dependency. auto installed
scenescape-mapping,parso==0.8.6,pypi,MIT,N,indirect dependency. auto installed
scenescape-mapping,pexpect==4.9.0,pypi,ISC,N,indirect dependency. auto installed
scenescape-mapping,pillow==12.1.1,pypi,MIT,N,indirect dependency. auto installed
scenescape-mapping,pillow_heif==1.1.1,pypi,MIT,N,indirect dependency. auto installed
scenescape-mapping,pip==26.0.1,pypi,MIT,N,used
scenescape-mapping,platformdirs==4.9.4,pypi,MIT,N,indirect dependency. auto installed
scenescape-mapping,plotly==6.6.0,pypi,MIT,N,indirect dependency. auto installed
scenescape-mapping,plyfile==1.1.3,pypi,GPL-3.0,N,indirect dependency. auto installed
scenescape-mapping,prompt_toolkit==3.0.52,pypi,BSD-3-Clause,N,indirect dependency. auto installed
scenescape-mapping,protobuf==7.34.0,pypi,BSD-3-Clause,N,indirect dependency. auto installed
scenescape-mapping,ptyprocess==0.7.0,pypi,ISC,N,indirect dependency. auto installed
scenescape-mapping,pure_eval==0.2.3,pypi,MIT,N,indirect dependency. auto installed
scenescape-mapping,pyarrow==23.0.1,pypi,Apache-2.0,N,indirect dependency. auto installed
scenescape-mapping,pycparser==3.0,pypi,BSD-3-Clause,N,indirect dependency. auto installed
scenescape-mapping,pycryptodome==3.23.0,pypi,BSD-3-Clause,N,indirect dependency. auto installed
scenescape-mapping,pydantic==2.12.5,pypi,MIT,N,indirect dependency. auto installed
scenescape-mapping,pydantic_core==2.41.5,pypi,MIT,N,indirect dependency. auto installed
scenescape-mapping,pydub==0.25.1,pypi,MIT,N,indirect dependency. auto installed
scenescape-mapping,pyparsing==3.3.2,pypi,MIT,N,indirect dependency. auto installed
scenescape-mapping,pyquaternion==0.9.9,pypi,MIT,N,indirect dependency. auto installed
scenescape-mapping,python-box==7.3.2,pypi,MIT,N,indirect dependency. auto installed
scenescape-mapping,python-dateutil==2.9.0.post0,pypi,BSD-3-Clause,N,indirect dependency. auto installed
scenescape-mapping,python-multipart==0.0.22,pypi,Apache-2.0,N,indirect dependency. auto installed
scenescape-mapping,pytz==2026.1.post1,pypi,MIT,N,indirect dependency. auto installed
scenescape-mapping,referencing==0.37.0,pypi,MIT,N,indirect dependency. auto installed
scenescape-mapping,requests==2.32.5,pypi,Apache-2.0,N,imported
scenescape-mapping,rerun-sdk==0.24.1,pypi,MIT,N,indirect dependency. auto installed
scenescape-mapping,retrying==1.4.2,pypi,Apache-2.0,N,indirect dependency. auto installed
scenescape-mapping,rich==14.3.3,pypi,MIT,N,indirect dependency. auto installed
scenescape-mapping,rpds-py==0.30.0,pypi,MIT,N,indirect dependency. auto installed
scenescape-mapping,safehttpx==0.1.7,pypi,MIT,N,indirect dependency. auto installed
scenescape-mapping,safetensors==0.7.0,pypi,MIT,N,indirect dependency. auto installed
scenescape-mapping,scikit-learn==1.8.0,pypi,BSD-3-Clause,N,indirect dependency. auto installed
scenescape-mapping,scipy==1.17.1,pypi,BSD-3-Clause,N,indirect dependency. auto installed
scenescape-mapping,semantic-version==2.10.0,pypi,LicenseRef-BSD,N,indirect dependency. auto installed
scenescape-mapping,setuptools==82.0.0,pypi,MIT,N,indirect dependency. auto installed
scenescape-mapping,shellingham==1.5.4,pypi,LicenseRef-ISC-License,N,indirect dependency. auto installed
scenescape-mapping,six==1.17.0,pypi,MIT,N,indirect dependency. auto installed
scenescape-mapping,stack-data==0.6.3,pypi,MIT,N,indirect dependency. auto installed
scenescape-mapping,starlette==0.52.1,pypi,BSD-3-Clause,N,indirect dependency. auto installed
scenescape-mapping,sympy==1.14.0,pypi,BSD-3-Clause,N,indirect dependency. auto installed
scenescape-mapping,tensorboard==2.20.0,pypi,Apache-2.0,N,indirect dependency. auto installed
scenescape-mapping,tensorboard-data-server==0.7.2,pypi,Apache-2.0,N,indirect dependency. auto installed
scenescape-mapping,termcolor==3.3.0,pypi,MIT,N,?
scenescape-mapping,threadpoolctl==3.6.0,pypi,BSD-3-Clause,N,indirect dependency. auto installed
scenescape-mapping,timm==1.0.25,pypi,Apache-2.0,N,?
scenescape-mapping,tomlkit==0.13.3,pypi,MIT,N,indirect dependency. auto installed
scenescape-mapping,torch==2.9.1+cpu,pypi,BSD-3-Clause,N,dependency
scenescape-mapping,torchaudio==2.9.1+cpu,pypi,BSD-3-Clause,N,dependency
scenescape-mapping,torchmetrics==1.8.2,pypi,Apache-2.0,N,?
scenescape-mapping,torchvision==0.24.1+cpu,pypi,BSD-3-Clause,N,dependency
scenescape-mapping,tqdm==4.67.1,pypi,MPL-2.0,N,indirect dependency. auto installed
scenescape-mapping,traitlets==5.14.3,pypi,BSD-3-Clause,N,indirect dependency. auto installed
scenescape-mapping,trimesh==4.11.0,pypi,MIT,N,imported
scenescape-mapping,typer==0.24.1,pypi,MIT,N,indirect dependency. auto installed
scenescape-mapping,typer-slim==0.24.0,pypi,MIT,N,indirect dependency. auto installed
scenescape-mapping,typing-inspection==0.4.2,pypi,MIT,N,indirect dependency. auto installed
scenescape-mapping,typing_extensions==4.15.0,pypi,PSF,N,indirect dependency. auto installed
scenescape-mapping,uniception==0.1.6,pypi,BSD-3-Clause,N,indirect dependency. auto installed
scenescape-mapping,urllib3==2.6.3,pypi,MIT,N,imported
scenescape-mapping,uvicorn==0.41.0,pypi,BSD-3-Clause,N,indirect dependency. auto installed
scenescape-mapping,wadler_lindig==0.1.7,pypi,Apache-2.0,N,indirect dependency. auto installed
scenescape-mapping,wcwidth==0.6.0,pypi,MIT,N,indirect dependency. auto installed
scenescape-mapping,wheel==0.46.3,pypi,MIT,N,indirect dependency. auto installed
scenescape-mapping,widgetsnbextension==4.0.15,pypi,BSD-3-Clause,N,indirect dependency. auto installed
scenescape-mapping,zipp==3.23.0,pypi,MIT,N,indirect dependency. auto installed
scenescape-model-installer,ca-certificates:20240203,Ubuntu,MPL-2.0,N,used during initialization
scenescape-model-installer,gcc-14-base:amd64:14.2.0-4ubuntu2~24.04.1,Ubuntu,LicenseRef-Artistic AND GFDL-1.2-only AND LicenseRef-GPL AND GPL-3.0-only AND LicenseRef-LGPL,N,?
scenescape-model-installer,libexpat1:amd64:2.6.1-2ubuntu0.4,Ubuntu,MIT,N,indirect dependency. auto installed
scenescape-model-installer,libgcc-s1:amd64:14.2.0-4ubuntu2~24.04.1,Ubuntu,LicenseRef-Artistic AND GFDL-1.2-only AND LicenseRef-GPL AND GPL-3.0-only AND LicenseRef-LGPL,N,?
scenescape-model-installer,libgnutls30t64:amd64:3.8.3-1.1ubuntu3.5,Ubuntu,Apache-2.0 AND BSD-3-Clause AND LicenseRef-CC0 AND LicenseRef-Expat AND GFDL-1.3-only AND LicenseRef-GPL AND GPL-3.0-only AND LicenseRef-GPLv3- AND LicenseRef-LGPL AND LGPL-3.0-only AND LicenseRef-LGPLv2.1- AND LicenseRef-LGPLv3--or-GPLv2- AND LicenseRef-The,N,?
scenescape-model-installer,libpsl5t64:amd64:0.21.2-1.1build1,Ubuntu,MIT,N,indirect dependency. auto installed
scenescape-model-installer,libpython3-stdlib:amd64:3.12.3-0ubuntu2.1,Ubuntu,PSF,N,indirect dependency. auto installed
scenescape-model-installer,libpython3.12-minimal:amd64:3.12.3-1ubuntu0.11,Ubuntu,PSF,N,indirect dependency. auto installed
scenescape-model-installer,libpython3.12-stdlib:amd64:3.12.3-1ubuntu0.11,Ubuntu,PSF,N,indirect dependency. auto installed
scenescape-model-installer,libreadline8t64:amd64:8.2-4build1,Ubuntu,GPL-3.0,N,indirect dependency. auto installed
scenescape-model-installer,libsqlite3-0:amd64:3.45.1-1ubuntu2.5,Ubuntu,MIT,N,indirect dependency. auto installed
scenescape-model-installer,libstdc++6:amd64:14.2.0-4ubuntu2~24.04.1,Ubuntu,LicenseRef-Artistic AND GFDL-1.2-only AND LicenseRef-GPL AND GPL-3.0-only AND LicenseRef-LGPL,N,?
scenescape-model-installer,media-types:10.1.0,Ubuntu,GPL-2.0,N,indirect dependency. auto installed
scenescape-model-installer,netbase:6.4,Ubuntu,GPL-2.0,N,indirect dependency. auto installed
scenescape-model-installer,openssl:3.0.13-0ubuntu3.7,Ubuntu,Apache-2.0,N,used
scenescape-model-installer,python3:3.12.3-0ubuntu2.1,Ubuntu,PSF,N,indirect dependency. auto installed
scenescape-model-installer,python3-minimal:3.12.3-0ubuntu2.1,Ubuntu,PSF,N,indirect dependency. auto installed
scenescape-model-installer,python3-pip:24.0+dfsg-1ubuntu1.3,Ubuntu,MIT,N,indirect dependency. auto installed
scenescape-model-installer,python3-pkg-resources:68.1.2-2ubuntu1.2,Ubuntu,MIT,N,indirect dependency. auto installed
scenescape-model-installer,python3-setuptools:68.1.2-2ubuntu1.2,Ubuntu,MIT,N,indirect dependency. auto installed
scenescape-model-installer,python3-wheel:0.42.0-2,Ubuntu,MIT,N,indirect dependency. auto installed
scenescape-model-installer,python3.12:3.12.3-1ubuntu0.11,Ubuntu,PSF,N,python runtime
scenescape-model-installer,python3.12-minimal:3.12.3-1ubuntu0.11,Ubuntu,PSF,N,indirect dependency. auto installed
scenescape-model-installer,readline-common:8.2-4build1,Ubuntu,GPL-3.0,N,indirect dependency. auto installed
scenescape-model-installer,tzdata:2025b-0ubuntu0.24.04.1,Ubuntu,ICU License,N,indirect dependency. auto installed
scenescape-model-installer,ubuntu:24.04,Ubuntu,collection of licenses,N,base image
scenescape-model-installer,wget:1.21.4-1ubuntu4.1,Ubuntu,GPL-3.0,N,used
scenescape-model-installer,mpmath==1.3.0,pypi,BSD-3-Clause,N,used
scenescape-model-installer,pip==24.0,pypi,MIT,N,used
scenescape-model-installer,setuptools==68.1.2,pypi,MIT,N,indirect dependency. auto installed
scenescape-model-installer,wheel==0.42.0,pypi,MIT,N,indirect dependency. auto installed
scenescape-tracker,binutils:2.44-3,Ubuntu,?,N,?
scenescape-tracker,binutils-common:amd64:2.44-3,Ubuntu,?,N,?
scenescape-tracker,binutils-x86-64-linux-gnu:2.44-3,Ubuntu,?,N,?
scenescape-tracker,build-essential:12.12,Ubuntu,?,N,?
scenescape-tracker,bzip2:1.0.8-6,Ubuntu,?BSD License,N,?used during initialization to unzip sample database
scenescape-tracker,ca-certificates:20250419,Ubuntu,?MPL-2.0,N,?used during initialization
scenescape-tracker,cmake:3.31.6-2,Ubuntu,?,N,?
scenescape-tracker,cmake-data:3.31.6-2,Ubuntu,?,N,?
scenescape-tracker,cpp-14:14.2.0-19,Ubuntu,?,N,?
scenescape-tracker,cpp-14-x86-64-linux-gnu:14.2.0-19,Ubuntu,?,N,?
scenescape-tracker,cpp-x86-64-linux-gnu:4:14.2.0-1,Ubuntu,?,N,?
scenescape-tracker,cpp:4:14.2.0-1,Ubuntu,?,N,?
scenescape-tracker,dpkg-dev:1.22.21,Ubuntu,?,N,?
scenescape-tracker,g++-14:14.2.0-19,Ubuntu,?,N,?
scenescape-tracker,g++-14-x86-64-linux-gnu:14.2.0-19,Ubuntu,?,N,?
scenescape-tracker,g++-x86-64-linux-gnu:4:14.2.0-1,Ubuntu,?,N,?
scenescape-tracker,g++:4:14.2.0-1,Ubuntu,?,N,?
scenescape-tracker,gcc-14:14.2.0-19,Ubuntu,?,N,?
scenescape-tracker,gcc-14-x86-64-linux-gnu:14.2.0-19,Ubuntu,?,N,?
scenescape-tracker,gcc-x86-64-linux-gnu:4:14.2.0-1,Ubuntu,?,N,?
scenescape-tracker,gcc:4:14.2.0-1,Ubuntu,?,N,?
scenescape-tracker,gcr.io/distroless/cc-debian13@sha256:d7ac2f9af248f31fe6270002755722afdf6875e0e49cd52b9150208e6a23875c,Ubuntu,collection of licenses,N,base image
scenescape-tracker,libarchive13t64:amd64:3.7.4-4,Ubuntu,?BSD-2-Clause,N,?indirect dependency automatically installed
scenescape-tracker,libasan8:amd64:14.2.0-19,Ubuntu,?,N,?
scenescape-tracker,libatomic1:amd64:14.2.0-19,Ubuntu,?LicenseRef-Artistic AND GFDL-1.2-only AND LicenseRef-GPL AND GPL-3.0-only AND LicenseRef-LGPL,N,?indirect dependency automatically installed
scenescape-tracker,libbinutils:amd64:2.44-3,Ubuntu,?,N,?
scenescape-tracker,libbrotli1:amd64:1.1.0-2+b7,Ubuntu,?MIT,N,?indirect dependency automatically installed
scenescape-tracker,libc-dev-bin:2.41-12+deb13u1,Ubuntu,?,N,?
scenescape-tracker,libc6-dev:amd64:2.41-12+deb13u1,Ubuntu,?,N,?
scenescape-tracker,libcc1-0:amd64:14.2.0-19,Ubuntu,?,N,?
scenescape-tracker,libcom-err2:amd64:1.47.2-3+b7,Ubuntu,?,N,?
scenescape-tracker,libcrypt-dev:amd64:1:4.4.38-1,Ubuntu,?,N,?
scenescape-tracker,libctf-nobfd0:amd64:2.44-3,Ubuntu,?,N,?
scenescape-tracker,libctf0:amd64:2.44-3,Ubuntu,?,N,?
scenescape-tracker,libcurl4t64:amd64:8.14.1-2+deb13u2,Ubuntu,?BSD-3-Clause,N,?indirect dependency automatically installed
scenescape-tracker,libdpkg-perl:1.22.21,Ubuntu,?,N,?
scenescape-tracker,libexpat1:amd64:2.7.1-2,Ubuntu,?MIT,N,?indirect dependency automatically installed
scenescape-tracker,libffi8:amd64:3.4.8-2,Ubuntu,?,N,?
scenescape-tracker,libgcc-14-dev:amd64:14.2.0-19,Ubuntu,?,N,?
scenescape-tracker,libgdbm-compat4t64:amd64:1.24-2,Ubuntu,?,N,?
scenescape-tracker,libgdbm6t64:amd64:1.24-2,Ubuntu,?,N,?
scenescape-tracker,libgfortran5:amd64:14.2.0-19,Ubuntu,?GPL-3.0,N,?indirect dependency automatically installed
scenescape-tracker,libgnutls30t64:amd64:3.8.9-3+deb13u2,Ubuntu,?,N,?
scenescape-tracker,libgomp1:amd64:14.2.0-19,Ubuntu,?GPL-3.0,N,?indirect dependency automatically installed
scenescape-tracker,libgprofng0:amd64:2.44-3,Ubuntu,?,N,?
scenescape-tracker,libgssapi-krb5-2:amd64:1.21.3-5,Ubuntu,?MIT,N,?indirect dependency automatically installed
scenescape-tracker,libhwasan0:amd64:14.2.0-19,Ubuntu,?,N,?
scenescape-tracker,libidn2-0:amd64:2.3.8-2,Ubuntu,?,N,?
scenescape-tracker,libisl23:amd64:0.27-1,Ubuntu,?,N,?
scenescape-tracker,libitm1:amd64:14.2.0-19,Ubuntu,?,N,?
scenescape-tracker,libjansson4:amd64:2.14-2+b3,Ubuntu,?MIT,N,?indirect dependency automatically installed
scenescape-tracker,libjsoncpp26:amd64:1.9.6-3,Ubuntu,?,N,?
scenescape-tracker,libk5crypto3:amd64:1.21.3-5,Ubuntu,?MIT,N,?indirect dependency automatically installed
scenescape-tracker,libkeyutils1:amd64:1.6.3-6,Ubuntu,?BSD-3-Clause,N,?indirect dependency automatically installed
scenescape-tracker,libkrb5-3:amd64:1.21.3-5,Ubuntu,?MIT,N,?indirect dependency automatically installed
scenescape-tracker,libkrb5support0:amd64:1.21.3-5,Ubuntu,?MIT,N,?indirect dependency automatically installed
scenescape-tracker,libldap2:amd64:2.6.10+dfsg-1,Ubuntu,?OpenLDAP Public License,N,?indirect dependency automatically installed
scenescape-tracker,liblsan0:amd64:14.2.0-19,Ubuntu,?,N,?
scenescape-tracker,libmpc3:amd64:1.3.1-1+b3,Ubuntu,?,N,?
scenescape-tracker,libmpfr6:amd64:4.2.2-1,Ubuntu,?,N,?
scenescape-tracker,libncursesw6:amd64:6.5+20250216-2,Ubuntu,?,N,?
scenescape-tracker,libnghttp2-14:amd64:1.64.0-1.1,Ubuntu,?MIT,N,?indirect dependency automatically installed
scenescape-tracker,libnghttp3-9:amd64:1.8.0-1,Ubuntu,?,N,?
scenescape-tracker,libopenblas-dev:amd64:0.3.29+ds-3,Ubuntu,?,N,?
scenescape-tracker,libopenblas-pthread-dev:amd64:0.3.29+ds-3,Ubuntu,?,N,?
scenescape-tracker,libopenblas0-pthread:amd64:0.3.29+ds-3,Ubuntu,?,N,?
scenescape-tracker,libopenblas0:amd64:0.3.29+ds-3,Ubuntu,?,N,?
scenescape-tracker,libp11-kit0:amd64:0.25.5-3,Ubuntu,?,N,?
scenescape-tracker,libperl5.40:amd64:5.40.1-6,Ubuntu,?,N,?
scenescape-tracker,libpkgconf3:amd64:1.8.1-4,Ubuntu,?,N,?
scenescape-tracker,libproc2-0:amd64:2:4.0.4-9,Ubuntu,?,N,?
scenescape-tracker,libpsl5t64:amd64:0.21.2-1.1+b1,Ubuntu,?MIT,N,?indirect dependency automatically installed
scenescape-tracker,libpython3-stdlib:amd64:3.13.5-1,Ubuntu,?PSF,N,?indirect dependency automatically installed
scenescape-tracker,libpython3.13-minimal:amd64:3.13.5-2,Ubuntu,?,N,?
scenescape-tracker,libpython3.13-stdlib:amd64:3.13.5-2,Ubuntu,?,N,?
scenescape-tracker,libquadmath0:amd64:14.2.0-19,Ubuntu,?,N,?
scenescape-tracker,libreadline8t64:amd64:8.2-6,Ubuntu,?GPL-3.0,N,?indirect dependency automatically installed
scenescape-tracker,librhash1:amd64:1.4.5-1,Ubuntu,?,N,?
scenescape-tracker,librtmp1:amd64:2.4+20151223.gitfa8646d.1-2+b5,Ubuntu,?LGPL-2.1,N,?indirect dependency automatically installed
scenescape-tracker,libsasl2-2:amd64:2.1.28+dfsg1-9,Ubuntu,?BSD-4-Clause,N,?indirect dependency automatically installed
scenescape-tracker,libsasl2-modules-db:amd64:2.1.28+dfsg1-9,Ubuntu,?BSD-4-Clause,N,?indirect dependency automatically installed
scenescape-tracker,libsframe1:amd64:2.44-3,Ubuntu,?,N,?
scenescape-tracker,libssh2-1t64:amd64:1.11.1-1,Ubuntu,?,N,?
scenescape-tracker,libstdc++-14-dev:amd64:14.2.0-19,Ubuntu,?,N,?
scenescape-tracker,libtasn1-6:amd64:4.20.0-2,Ubuntu,?,N,?
scenescape-tracker,libtsan2:amd64:14.2.0-19,Ubuntu,?,N,?
scenescape-tracker,libubsan1:amd64:14.2.0-19,Ubuntu,?,N,?
scenescape-tracker,libunistring5:amd64:1.3-2,Ubuntu,?,N,?
scenescape-tracker,libuv1t64:amd64:1.50.0-2,Ubuntu,?,N,?
scenescape-tracker,libxml2:amd64:2.12.7+dfsg+really2.9.14-2.1+deb13u2,Ubuntu,?MIT,N,?indirect dependency automatically installed
scenescape-tracker,linux-libc-dev:6.12.73-1,Ubuntu,?,N,?
scenescape-tracker,make:4.4.1-2,Ubuntu,?,N,?
scenescape-tracker,media-types:13.0.0,Ubuntu,?GPL-2.0,N,?indirect dependency automatically installed
scenescape-tracker,netbase:6.5,Ubuntu,?GPL-2.0,N,?indirect dependency automatically installed
scenescape-tracker,ninja-build:1.12.1-1,Ubuntu,?,N,?
scenescape-tracker,openssl:3.5.4-1~deb13u2,Ubuntu,?Apache-2.0,N,?used
scenescape-tracker,patch:2.8-2,Ubuntu,?,N,?
scenescape-tracker,perl:5.40.1-6,Ubuntu,?Artistic License or GPL-1.0,N,?indirect dependency automatically installed
scenescape-tracker,perl-modules-5.40:5.40.1-6,Ubuntu,?,N,?
scenescape-tracker,pkg-config:amd64:1.8.1-4,Ubuntu,?,N,?
scenescape-tracker,pkgconf-bin:1.8.1-4,Ubuntu,?,N,?
scenescape-tracker,pkgconf:amd64:1.8.1-4,Ubuntu,?,N,?
scenescape-tracker,procps:2:4.0.4-9,Ubuntu,?,N,?
scenescape-tracker,python3:3.13.5-1,Ubuntu,?PSF,N,?indirect dependency automatically installed
scenescape-tracker,python3-minimal:3.13.5-1,Ubuntu,?PSF,N,?indirect dependency automatically installed
scenescape-tracker,python3-packaging:25.0-1,Ubuntu,?,N,?
scenescape-tracker,python3-pip:25.1.1+dfsg-1,Ubuntu,?Apache-2.0,N,?indirect dependency automatically installed
scenescape-tracker,python3-wheel:0.46.1-2,Ubuntu,?Apache-2.0,N,?indirect dependency automatically installed
scenescape-tracker,python3.13:3.13.5-2,Ubuntu,?,N,?
scenescape-tracker,python3.13-minimal:3.13.5-2,Ubuntu,?,N,?
scenescape-tracker,readline-common:8.2-6,Ubuntu,?GPL-3.0,N,?indirect dependency automatically installed
scenescape-tracker,rpcsvc-proto:1.4.3-1,Ubuntu,?,N,?
scenescape-tracker,xz-utils:5.8.1-1,Ubuntu,?,N,?
