Image,Component,Origin,License
scenescape-autocalibration,@jupyter-widgets/jupyterlab-manager@5.0.15,npm,BSD-3-Clause
scenescape-autocalibration,@plotly/dash-jupyterlab@0.4.3,npm,MIT
scenescape-autocalibration,Simple Launcher:1.1.0.14,UNKNOWN,NOASSERTION
scenescape-autocalibration,Simple Launcher:1.1.0.14,UNKNOWN,NOASSERTION
scenescape-autocalibration,Simple Launcher:1.1.0.14,UNKNOWN,NOASSERTION
scenescape-autocalibration,Simple Launcher:1.1.0.14,UNKNOWN,NOASSERTION
scenescape-autocalibration,Simple Launcher:1.1.0.14,UNKNOWN,NOASSERTION
scenescape-autocalibration,Simple Launcher:1.1.0.14,UNKNOWN,NOASSERTION
scenescape-autocalibration,addict==2.4.0,pypi,LicenseRef-UNKNOWN
scenescape-autocalibration,adduser:3.134,Ubuntu,GPL-2.0-only AND GPL-2.0-or-later
scenescape-autocalibration,apt:2.6.1,Ubuntu,BSD-3-Clause AND LicenseRef-Expat AND GPL-2.0-only AND GPL-2.0-or-later
scenescape-autocalibration,asttokens==3.0.1,pypi,LicenseRef-Apache-2.0
scenescape-autocalibration,attrs==25.4.0,pypi,MIT
scenescape-autocalibration,autocommand==2.2.2,pypi,LicenseRef-LGPLv3
scenescape-autocalibration,backports-tarfile==1.2.0,pypi,NOASSERTION
scenescape-autocalibration,base-files:12.4+deb12u13,Ubuntu,LicenseRef-GPL
scenescape-autocalibration,base-passwd:3.6.1,Ubuntu,GPL-2.0-only AND LicenseRef-public-domain
scenescape-autocalibration,bash:5.2.15-2+b10,Ubuntu,BSD-4-Clause-UC AND GFDL-1.3-only AND LicenseRef-GFDL-NIV-1.3 AND GPL-2.0-only AND GPL-2.0-or-later AND GPL-3.0-only AND GPL-3.0-or-later AND Latex2e AND LicenseRef-MIT-like AND LicenseRef-permissive
scenescape-autocalibration,beautifulsoup4==4.14.3,pypi,LicenseRef-MIT-License
scenescape-autocalibration,bidict==0.23.1,pypi,LicenseRef-MPL-2.0
scenescape-autocalibration,blinker==1.9.0,pypi,NOASSERTION
scenescape-autocalibration,bsdutils:1:2.38.1-5+deb12u3,Ubuntu,BSD-3-Clause AND BSD-4-Clause AND LicenseRef-BSLA AND GPL-2.0-only AND GPL-2.0-or-later AND GPL-3.0-only AND GPL-3.0-or-later AND LicenseRef-LGPL AND LGPL-2.0-only AND LGPL-2.0-or-later AND LGPL-2.1-only AND LGPL-2.1-or-later AND LGPL-3.0-only AND LGPL-3.0-or-later AND MIT AND LicenseRef-public-domain
scenescape-autocalibration,ca-certificates:20230311+deb12u1,Ubuntu,GPL-2.0-only AND GPL-2.0-or-later AND MPL-2.0
scenescape-autocalibration,certifi==2026.2.25,pypi,MPL-2.0
scenescape-autocalibration,cffi==2.0.0,pypi,MIT
scenescape-autocalibration,charset-normalizer==3.4.5,pypi,MIT
scenescape-autocalibration,cli:UNKNOWN,UNKNOWN,NOASSERTION
scenescape-autocalibration,cli-32:UNKNOWN,UNKNOWN,NOASSERTION
scenescape-autocalibration,cli-64:UNKNOWN,UNKNOWN,NOASSERTION
scenescape-autocalibration,cli-arm64:UNKNOWN,UNKNOWN,NOASSERTION
scenescape-autocalibration,click==8.3.1,pypi,BSD-3-Clause
scenescape-autocalibration,comm==0.2.3,pypi,BSD-3-Clause
scenescape-autocalibration,configargparse==1.7.5,pypi,MIT
scenescape-autocalibration,contourpy==1.3.3,pypi,BSD-3-Clause
scenescape-autocalibration,coreutils:9.1-1,Ubuntu,BSD-4-Clause-UC AND FSFULLR AND GFDL-1.3-only AND LicenseRef-GFDL-NIV-1.3 AND GPL-3.0-only AND GPL-3.0-or-later AND ISC
scenescape-autocalibration,cryptography==46.0.5,pypi,(Apache-2.0 OR BSD-3-Clause)
scenescape-autocalibration,curl:7.88.1-10+deb12u14,Ubuntu,BSD-3-Clause AND BSD-3-Clause AND BSD-4-Clause-UC AND FSFULLR AND GPL-2.0-only AND GPL-2.0-or-later AND GPL-3.0-or-later AND ISC AND OLDAP-2.8 AND X11 AND curl
scenescape-autocalibration,cycler==0.12.1,pypi,BSD-3-Clause
scenescape-autocalibration,dash:0.5.12-2,Ubuntu,BSD-3-Clause AND BSD-3-Clause AND GPL-2.0-only AND GPL-2.0-or-later AND LicenseRef-public-domain
scenescape-autocalibration,dash==4.0.0,pypi,MIT
scenescape-autocalibration,debconf:1.5.82,Ubuntu,BSD-2-Clause
scenescape-autocalibration,debian-archive-keyring:2023.3+deb12u2,Ubuntu,LicenseRef-GPL
scenescape-autocalibration,debianutils:5.7-0.5~deb12u1,Ubuntu,GPL-2.0-only AND GPL-2.0-or-later AND SMAIL-GPL AND LicenseRef-public-domain
scenescape-autocalibration,decorator==5.2.1,pypi,BSD-2-Clause
scenescape-autocalibration,diffutils:1:3.8-4,Ubuntu,FSFAP AND FSFULLR AND GFDL-1.3-only AND LicenseRef-GFDL-NIV-1.3 AND GPL-2.0-only AND GPL-2.0-or-later AND GPL-3.0-only AND GPL-3.0-or-later AND LGPL-2.0-only AND LGPL-2.0-or-later AND LGPL-2.1-only AND LGPL-2.1-or-later AND LGPL-3.0-only AND LGPL-3.0-or-later AND X11 AND LicenseRef-public-domain
scenescape-autocalibration,dnspython==2.8.0,pypi,ISC
scenescape-autocalibration,dpkg:1.21.22,Ubuntu,BSD-2-Clause AND GPL-2.0-only AND GPL-2.0-or-later AND LicenseRef-public-domain-s-s-d
scenescape-autocalibration,dt-apriltags==3.3.0,pypi,NOASSERTION
scenescape-autocalibration,durationpy==0.10,pypi,MIT
scenescape-autocalibration,e2fsprogs:1.47.0-2+b2,Ubuntu,Apache-2.0 AND Apache-2.0 AND BSD-3-Clause AND LicenseRef-GPL AND GPL-2.0-only AND GPL-2.0-or-later AND ISC AND Kazlib AND LGPL-2.0-only AND Latex2e
scenescape-autocalibration,eventlet==0.40.3,pypi,MIT
scenescape-autocalibration,executing==2.2.1,pypi,MIT
scenescape-autocalibration,fastjsonschema==2.21.2,pypi,LicenseRef-BSD
scenescape-autocalibration,ffmpeg:5.1.6,UNKNOWN,NOASSERTION
scenescape-autocalibration,filelock==3.25.1,pypi,MIT
scenescape-autocalibration,findutils:4.9.0-4,Ubuntu,BSD-3-Clause AND FSFAP AND FSFULLR AND GFDL-1.3-only AND LicenseRef-GFDL-NIV-1.3- AND LicenseRef-GPL AND GPL-2.0-only AND GPL-2.0-or-later AND GPL-3.0-only AND GPL-3.0-or-later AND ISC AND LGPL-2.0-only AND LGPL-2.0-or-later AND LGPL-2.1-only AND LGPL-2.1-or-later AND LGPL-3.0-only AND LGPL-3.0-or-later AND X11 AND LicenseRef-public-domain
scenescape-autocalibration,flask==3.1.3,pypi,BSD-3-Clause
scenescape-autocalibration,flask-socketio==5.6.1,pypi,NOASSERTION
scenescape-autocalibration,fonttools==4.62.0,pypi,MIT
scenescape-autocalibration,fsspec==2026.2.0,pypi,BSD-3-Clause
scenescape-autocalibration,gcc-12-base:12.2.0-14+deb12u1,Ubuntu,LicenseRef-Artistic AND GFDL-1.2-only AND LicenseRef-GPL AND GPL-2.0-only AND GPL-3.0-only AND LicenseRef-LGPL
scenescape-autocalibration,gdown==5.2.1,pypi,MIT
scenescape-autocalibration,google-auth==2.49.0,pypi,LicenseRef-Apache-2.0
scenescape-autocalibration,gpgv:2.2.40-1.1+deb12u2,Ubuntu,BSD-3-Clause AND CC0-1.0 AND LicenseRef-Expat AND GPL-3.0-only AND GPL-3.0-or-later AND LGPL-2.1-only AND LGPL-2.1-or-later AND LGPL-3.0-only AND LGPL-3.0-or-later AND LicenseRef-RFC-Reference AND LicenseRef-TinySCHEME AND LicenseRef-permissive
scenescape-autocalibration,greenlet==3.3.2,pypi,(MIT AND PSF-2.0)
scenescape-autocalibration,grep:3.8-5,Ubuntu,GPL-3.0-only AND GPL-3.0-or-later
scenescape-autocalibration,gui:UNKNOWN,UNKNOWN,NOASSERTION
scenescape-autocalibration,gui-32:UNKNOWN,UNKNOWN,NOASSERTION
scenescape-autocalibration,gui-64:UNKNOWN,UNKNOWN,NOASSERTION
scenescape-autocalibration,gui-arm64:UNKNOWN,UNKNOWN,NOASSERTION
scenescape-autocalibration,gzip:1.12-1,Ubuntu,LicenseRef-FSF-manpages AND LicenseRef-GFDL-1.3--no-invariant AND LicenseRef-GFDL-3 AND GPL-3.0-only AND GPL-3.0-or-later
scenescape-autocalibration,h11==0.16.0,pypi,MIT
scenescape-autocalibration,h5py==3.15.1,pypi,BSD-3-Clause
scenescape-autocalibration,hloc==1.3,pypi,NOASSERTION
scenescape-autocalibration,hostname:3.23+nmu1,Ubuntu,GPL-2.0-only
scenescape-autocalibration,idna==3.11,pypi,BSD-3-Clause
scenescape-autocalibration,importlib-metadata==8.7.1,pypi,Apache-2.0
scenescape-autocalibration,importlib-metadata==8.7.1,pypi,Apache-2.0
scenescape-autocalibration,init-system-helpers:1.65.2+deb12u1,Ubuntu,BSD-3-Clause AND GPL-2.0-only AND GPL-2.0-or-later
scenescape-autocalibration,ipython==9.10.0,pypi,BSD-3-Clause
scenescape-autocalibration,ipython-pygments-lexers==1.1.1,pypi,NOASSERTION
scenescape-autocalibration,ipywidgets==8.1.8,pypi,LicenseRef-BSD-3-Clause-License
scenescape-autocalibration,isodate==0.7.2,pypi,BSD-3-Clause
scenescape-autocalibration,itsdangerous==2.2.0,pypi,NOASSERTION
scenescape-autocalibration,jaraco-context==6.1.0,pypi,MIT
scenescape-autocalibration,jaraco-functools==4.4.0,pypi,MIT
scenescape-autocalibration,jaraco-text==4.0.0,pypi,NOASSERTION
scenescape-autocalibration,jedi==0.19.2,pypi,MIT
scenescape-autocalibration,jinja2==3.1.6,pypi,NOASSERTION
scenescape-autocalibration,joblib==1.5.3,pypi,BSD-3-Clause
scenescape-autocalibration,jsonschema==4.26.0,pypi,MIT
scenescape-autocalibration,jsonschema-specifications==2025.9.1,pypi,MIT
scenescape-autocalibration,jupyter-core==5.9.1,pypi,BSD-3-Clause
scenescape-autocalibration,jupyterlab-plotly@6.0.1,npm,MIT
scenescape-autocalibration,jupyterlab-plotly@6.0.1,npm,MIT
scenescape-autocalibration,jupyterlab-widgets==3.0.16,pypi,BSD-3-Clause
scenescape-autocalibration,kiwisolver==1.5.0,pypi,LicenseRef-4e89b2eeb82ea10ec61119c814f2ca0bbccdc22b72d0eb4f5542ef08f6a73ed2
scenescape-autocalibration,kornia==0.8.2,pypi,Apache-2.0
scenescape-autocalibration,kornia-rs==0.1.10,pypi,NOASSERTION
scenescape-autocalibration,kubernetes==34.1.0,pypi,LicenseRef-Apache-License-Version-2.0
scenescape-autocalibration,libXau:1.0.9-3.el8,UNKNOWN,NOASSERTION
scenescape-autocalibration,libacl1:2.3.1-3,Ubuntu,GPL-2.0-only AND GPL-2.0-or-later AND LGPL-2.0-or-later AND LGPL-2.1-only
scenescape-autocalibration,libapt-pkg6.0:2.6.1,Ubuntu,BSD-3-Clause AND LicenseRef-Expat AND GPL-2.0-only AND GPL-2.0-or-later
scenescape-autocalibration,libattr1:1:2.5.1-4,Ubuntu,GPL-2.0-only AND GPL-2.0-or-later AND LGPL-2.0-or-later AND LGPL-2.1-only
scenescape-autocalibration,libaudit-common:1:3.0.9-1,Ubuntu,GPL-1.0-only AND GPL-2.0-only AND LGPL-2.1-only
scenescape-autocalibration,libaudit1:1:3.0.9-1,Ubuntu,GPL-1.0-only AND GPL-2.0-only AND LGPL-2.1-only
scenescape-autocalibration,libblkid1:2.38.1-5+deb12u3,Ubuntu,BSD-3-Clause AND BSD-4-Clause AND LicenseRef-BSLA AND GPL-2.0-only AND GPL-2.0-or-later AND GPL-3.0-only AND GPL-3.0-or-later AND LicenseRef-LGPL AND LGPL-2.0-only AND LGPL-2.0-or-later AND LGPL-2.1-only AND LGPL-2.1-or-later AND LGPL-3.0-only AND LGPL-3.0-or-later AND MIT AND LicenseRef-public-domain
scenescape-autocalibration,libbrotli1:1.0.9-2+b6,Ubuntu,MIT
scenescape-autocalibration,libbsd0:0.11.7-2,Ubuntu,BSD-2-Clause AND BSD-2-Clause AND LicenseRef-BSD-2-clause-author AND LicenseRef-BSD-2-clause-verbatim AND BSD-3-Clause AND LicenseRef-BSD-3-clause-John-Birrell AND LicenseRef-BSD-3-clause-Regents AND LicenseRef-BSD-3-clause-author AND LicenseRef-BSD-4-clause-Niels-Provos AND Beerware AND LicenseRef-Expat AND ISC AND LicenseRef-ISC-Original AND libutil-David-Nugent AND LicenseRef-public-domain
scenescape-autocalibration,libbz2-1.0:1.0.8-5+b1,Ubuntu,LicenseRef-BSD-variant AND GPL-2.0-only
scenescape-autocalibration,libc-bin:2.36-9+deb12u13,Ubuntu,GPL-2.0-only AND LGPL-2.1-only
scenescape-autocalibration,libc6:2.36-9+deb12u13,Ubuntu,GPL-2.0-only AND LGPL-2.1-only
scenescape-autocalibration,libcap-ng0:0.8.3-1+b3,Ubuntu,GPL-2.0-only AND GPL-2.0-or-later AND GPL-3.0-only AND LGPL-2.1-only AND LGPL-2.1-or-later
scenescape-autocalibration,libcap2:1:2.66-4+deb12u2+b2,Ubuntu,BSD-3-Clause AND GPL-2.0-only AND GPL-2.0-or-later
scenescape-autocalibration,libcom-err2:1.47.0-2+b2,Ubuntu,Apache-2.0 AND Apache-2.0 AND BSD-3-Clause AND LicenseRef-GPL AND GPL-2.0-only AND GPL-2.0-or-later AND ISC AND Kazlib AND LGPL-2.0-only AND Latex2e
scenescape-autocalibration,libcrypt1:1:4.4.33-2,Ubuntu,NOASSERTION
scenescape-autocalibration,libcurl4:7.88.1-10+deb12u14,Ubuntu,BSD-3-Clause AND BSD-3-Clause AND BSD-4-Clause-UC AND FSFULLR AND GPL-2.0-only AND GPL-2.0-or-later AND GPL-3.0-or-later AND ISC AND OLDAP-2.8 AND X11 AND curl
scenescape-autocalibration,libdb5.3:5.3.28+dfsg2-1,Ubuntu,LicenseRef-Artistic AND BSD-3-Clause AND LicenseRef-BSD-3-clause-fjord AND LicenseRef-GPL AND GPL-3.0-only AND LicenseRef-MIT-old AND MS-PL AND Sleepycat AND LicenseRef-TCL-like AND X11 AND Zlib
scenescape-autocalibration,libdebconfclient0:0.270,Ubuntu,BSD-2-Clause AND BSD-2-Clause AND GPL-2.0-only AND GPL-2.0-or-later
scenescape-autocalibration,libdrm-amdgpu1:2.4.114-1+b1,Ubuntu,NOASSERTION
scenescape-autocalibration,libdrm-common:2.4.114-1,Ubuntu,NOASSERTION
scenescape-autocalibration,libdrm-intel1:2.4.114-1+b1,Ubuntu,NOASSERTION
scenescape-autocalibration,libdrm-nouveau2:2.4.114-1+b1,Ubuntu,NOASSERTION
scenescape-autocalibration,libdrm-radeon1:2.4.114-1+b1,Ubuntu,NOASSERTION
scenescape-autocalibration,libdrm2:2.4.114-1+b1,Ubuntu,NOASSERTION
scenescape-autocalibration,libedit2:3.1-20221030-2,Ubuntu,BSD-3-Clause
scenescape-autocalibration,libegl-mesa0:22.3.6-1+deb12u1,Ubuntu,Apache-2.0 AND BSD-2-Clause AND LicenseRef-BSD-3-google AND LicenseRef-BSL AND LicenseRef-GPL AND LicenseRef-Khronos AND MIT AND LicenseRef-MLAA AND LicenseRef-SGI
scenescape-autocalibration,libegl1:1.6.0-1,Ubuntu,Apache-2.0 AND BSD-1-Clause AND LicenseRef-GPL AND GPL-3.0-only AND GPL-3.0-or-later AND MIT
scenescape-autocalibration,libelf1:0.188-2.1,Ubuntu,BSD-2-Clause AND GFDL-1.3-only AND LicenseRef-GFDL-NIV-1.3 AND GPL-2.0-only AND GPL-3.0-only AND GPL-3.0-or-later AND LGPL-2.1-only AND LGPL-2.1-or-later AND LGPL-3.0-only AND LGPL-3.0-or-later
scenescape-autocalibration,libexpat1:2.5.0-1+deb12u2,Ubuntu,MIT
scenescape-autocalibration,libext2fs2:1.47.0-2+b2,Ubuntu,Apache-2.0 AND Apache-2.0 AND BSD-3-Clause AND LicenseRef-GPL AND GPL-2.0-only AND GPL-2.0-or-later AND ISC AND Kazlib AND LGPL-2.0-only AND Latex2e
scenescape-autocalibration,libffi8:3.4.4-1,Ubuntu,LicenseRef-Expat AND LicenseRef-GPL AND GPL-2.0-or-later AND GPL-3.0-or-later AND MPL-1.1 AND X11 AND LicenseRef-public-domain
scenescape-autocalibration,libgbm1:22.3.6-1+deb12u1,Ubuntu,Apache-2.0 AND BSD-2-Clause AND LicenseRef-BSD-3-google AND LicenseRef-BSL AND LicenseRef-GPL AND LicenseRef-Khronos AND MIT AND LicenseRef-MLAA AND LicenseRef-SGI
scenescape-autocalibration,libgcc-s1:12.2.0-14+deb12u1,Ubuntu,LicenseRef-Artistic AND GFDL-1.2-only AND LicenseRef-GPL AND GPL-2.0-only AND GPL-3.0-only AND LicenseRef-LGPL
scenescape-autocalibration,libgcrypt20:1.10.1-3,Ubuntu,GPL-2.0-only AND LicenseRef-LGPL
scenescape-autocalibration,libgdbm6:1.23-3,Ubuntu,LicenseRef-GFDL-NIV-1.3- AND GPL-2.0-only AND GPL-2.0-or-later AND GPL-3.0-only AND GPL-3.0-or-later
scenescape-autocalibration,libgl1:1.6.0-1,Ubuntu,Apache-2.0 AND BSD-1-Clause AND LicenseRef-GPL AND GPL-3.0-only AND GPL-3.0-or-later AND MIT
scenescape-autocalibration,libgl1-mesa-dri:22.3.6-1+deb12u1,Ubuntu,Apache-2.0 AND BSD-2-Clause AND LicenseRef-BSD-3-google AND LicenseRef-BSL AND LicenseRef-GPL AND LicenseRef-Khronos AND MIT AND LicenseRef-MLAA AND LicenseRef-SGI
scenescape-autocalibration,libglapi-mesa:22.3.6-1+deb12u1,Ubuntu,Apache-2.0 AND BSD-2-Clause AND LicenseRef-BSD-3-google AND LicenseRef-BSL AND LicenseRef-GPL AND LicenseRef-Khronos AND MIT AND LicenseRef-MLAA AND LicenseRef-SGI
scenescape-autocalibration,libglib2.0-0:2.74.6-2+deb12u8,Ubuntu,AFL-2.0 AND Apache-2.0 AND LicenseRef-BSD-3-clause-pcre AND CC-BY-SA-3.0 AND CC0-1.0 AND LicenseRef-Expat AND FSFULLR AND GPL-2.0-only AND GPL-2.0-or-later AND LicenseRef-Iconv-PD AND LicenseRef-Janik-permissive AND LicenseRef-Kuchling-PD AND LGPL-2.0-only AND LGPL-2.0-or-later AND LGPL-2.1-only AND LGPL-2.1-or-later AND LGPL-3.0-only AND LGPL-3.0-or-later AND LicenseRef-Mingw-PD AND LicenseRef-Old-GLib-Tests-permissive AND LicenseRef-Plumb-PD AND Unicode-DFS-2016 AND bzip2-1.0.6
scenescape-autocalibration,libglvnd0:1.6.0-1,Ubuntu,Apache-2.0 AND BSD-1-Clause AND LicenseRef-GPL AND GPL-3.0-only AND GPL-3.0-or-later AND MIT
scenescape-autocalibration,libglx-mesa0:22.3.6-1+deb12u1,Ubuntu,Apache-2.0 AND BSD-2-Clause AND LicenseRef-BSD-3-google AND LicenseRef-BSL AND LicenseRef-GPL AND LicenseRef-Khronos AND MIT AND LicenseRef-MLAA AND LicenseRef-SGI
scenescape-autocalibration,libglx0:1.6.0-1,Ubuntu,Apache-2.0 AND BSD-1-Clause AND LicenseRef-GPL AND GPL-3.0-only AND GPL-3.0-or-later AND MIT
scenescape-autocalibration,libgmp10:2:6.2.1+dfsg1-1.1,Ubuntu,GPL-2.0-only AND GPL-2.0-or-later AND GPL-3.0-only AND GPL-3.0-or-later AND LGPL-3.0-only AND LGPL-3.0-or-later
scenescape-autocalibration,libgnutls30:3.7.9-2+deb12u6,Ubuntu,Apache-2.0 AND BSD-3-Clause AND LicenseRef-CC0 AND LicenseRef-Expat AND GFDL-1.3-only AND LicenseRef-GPL AND GPL-3.0-only AND LicenseRef-GPLv3- AND LicenseRef-LGPL AND LGPL-3.0-only AND LicenseRef-LGPLv2.1- AND LicenseRef-LGPLv3--or-GPLv2- AND LicenseRef-The
scenescape-autocalibration,libgomp:8.5.0-28.el8_10.alma.1,UNKNOWN,NOASSERTION
scenescape-autocalibration,libgomp1:12.2.0-14+deb12u1,Ubuntu,LicenseRef-Artistic AND GFDL-1.2-only AND LicenseRef-GPL AND GPL-2.0-only AND GPL-3.0-only AND LicenseRef-LGPL
scenescape-autocalibration,libgpg-error0:1.46-1,Ubuntu,BSD-3-Clause AND GPL-3.0-only AND GPL-3.0-or-later AND LGPL-2.1-only AND LGPL-2.1-or-later AND LicenseRef-g10-permissive
scenescape-autocalibration,libgssapi-krb5-2:1.20.1-2+deb12u4,Ubuntu,GPL-2.0-only
scenescape-autocalibration,libhogweed6:3.8.1-2,Ubuntu,LicenseRef-Expat AND LicenseRef-GAP AND LicenseRef-GPL AND GPL-2.0-only AND GPL-2.0-or-later AND GPL-3.0-or-later AND LicenseRef-LGPL AND LGPL-2.0-only AND LGPL-2.0-or-later AND LGPL-3.0-or-later AND LicenseRef-public-domain
scenescape-autocalibration,libicu72:72.1-3+deb12u1,Ubuntu,GPL-3.0-only AND MIT
scenescape-autocalibration,libidn2-0:2.3.3-1+b1,Ubuntu,GPL-2.0-only AND GPL-2.0-or-later AND GPL-3.0-only AND GPL-3.0-or-later AND LGPL-3.0-only AND LGPL-3.0-or-later AND LicenseRef-Unicode
scenescape-autocalibration,libk5crypto3:1.20.1-2+deb12u4,Ubuntu,GPL-2.0-only
scenescape-autocalibration,libkeyutils1:1.6.3-2,Ubuntu,GPL-2.0-only AND GPL-2.0-or-later AND LGPL-2.0-only AND LGPL-2.0-or-later
scenescape-autocalibration,libkrb5-3:1.20.1-2+deb12u4,Ubuntu,GPL-2.0-only
scenescape-autocalibration,libkrb5support0:1.20.1-2+deb12u4,Ubuntu,GPL-2.0-only
scenescape-autocalibration,libldap-2.5-0:2.5.13+dfsg-5,Ubuntu,BSD-3-Clause AND LicenseRef-BSD-3-clause-California AND LicenseRef-BSD-3-clause-variant AND LicenseRef-BSD-4-clause-California AND Beerware AND LicenseRef-Expat AND LicenseRef-Expat-ISC AND LicenseRef-Expat-UNM AND LicenseRef-F5 AND LicenseRef-FSF-unlimited AND GPL-2.0-only AND GPL-2.0-or-later AND GPL-3.0-only AND GPL-3.0-or-later AND LicenseRef-JCG AND LicenseRef-MIT-XC AND LicenseRef-NeoSoft-permissive AND LicenseRef-OpenLDAP-2.8 AND LicenseRef-UMich AND LicenseRef-public-domain
scenescape-autocalibration,libllvm15:1:15.0.6-4+b1,Ubuntu,LicenseRef-APACHE-2-LLVM-EXCEPTIONS AND Apache-2.0 AND BSD-3-Clause AND BSD-3-Clause AND MIT AND LicenseRef-Python AND LicenseRef-solar-public-domain
scenescape-autocalibration,liblz4-1:1.9.4-1,Ubuntu,BSD-2-Clause AND GPL-2.0-only AND GPL-2.0-or-later
scenescape-autocalibration,liblzma5:5.4.1-1,Ubuntu,LicenseRef-Autoconf AND GPL-2.0-only AND GPL-2.0-or-later AND GPL-3.0-only AND LGPL-2.0-only AND LGPL-2.1-only AND LGPL-2.1-or-later AND LicenseRef-PD AND LicenseRef-PD-debian AND LicenseRef-config-h AND LicenseRef-noderivs AND LicenseRef-permissive-fsf AND LicenseRef-permissive-nowarranty AND LicenseRef-probably-PD
scenescape-autocalibration,libmd0:1.0.4-2,Ubuntu,BSD-2-Clause AND BSD-2-Clause AND BSD-3-Clause AND LicenseRef-BSD-3-clause-Aaron-D-Gifford AND Beerware AND ISC AND LicenseRef-public-domain-md4 AND LicenseRef-public-domain-md5 AND LicenseRef-public-domain-sha1
scenescape-autocalibration,libmount1:2.38.1-5+deb12u3,Ubuntu,BSD-3-Clause AND BSD-4-Clause AND LicenseRef-BSLA AND GPL-2.0-only AND GPL-2.0-or-later AND GPL-3.0-only AND GPL-3.0-or-later AND LicenseRef-LGPL AND LGPL-2.0-only AND LGPL-2.0-or-later AND LGPL-2.1-only AND LGPL-2.1-or-later AND LGPL-3.0-only AND LGPL-3.0-or-later AND MIT AND LicenseRef-public-domain
scenescape-autocalibration,libncursesw6:6.4-4,Ubuntu,BSD-3-Clause AND LicenseRef-MIT-X11 AND X11
scenescape-autocalibration,libnettle8:3.8.1-2,Ubuntu,LicenseRef-Expat AND LicenseRef-GAP AND LicenseRef-GPL AND GPL-2.0-only AND GPL-2.0-or-later AND GPL-3.0-or-later AND LicenseRef-LGPL AND LGPL-2.0-only AND LGPL-2.0-or-later AND LGPL-3.0-or-later AND LicenseRef-public-domain
scenescape-autocalibration,libnghttp2-14:1.52.0-1+deb12u2,Ubuntu,BSD-2-Clause AND LicenseRef-Expat AND GPL-3.0-only AND GPL-3.0-or-later AND MIT AND LicenseRef-all-permissive
scenescape-autocalibration,libnsl2:1.3.0-2,Ubuntu,BSD-3-Clause AND GPL-2.0-only AND LicenseRef-GPL-2--autoconf-exception AND LicenseRef-GPL-2--libtool-exception AND GPL-3.0-only AND LicenseRef-GPL-3--autoconf-exception AND LGPL-2.1-only AND LGPL-2.1-or-later AND MIT AND LicenseRef-permissive-autoconf-m4 AND LicenseRef-permissive-autoconf-m4-no-warranty AND LicenseRef-permissive-configure AND LicenseRef-permissive-fsf AND LicenseRef-permissive-makefile-in
scenescape-autocalibration,libp11-kit0:0.24.1-2,Ubuntu,Apache-2.0 AND BSD-3-Clause AND ISC AND LicenseRef-ISC-IBM AND LGPL-2.1-only AND LGPL-2.1-or-later AND LicenseRef-permissive-like-automake-output AND LicenseRef-same-as-rest-of-p11kit
scenescape-autocalibration,libpam-modules:1.5.2-6+deb12u2,Ubuntu,BSD-3-Clause AND LicenseRef-BSD-tcp-wrappers AND Beerware AND LicenseRef-GPL AND GPL-2.0-only AND GPL-2.0-or-later AND GPL-3.0-only AND GPL-3.0-or-later AND LGPL-2.0-only AND LGPL-2.0-or-later AND LicenseRef-public-domain
scenescape-autocalibration,libpam-modules-bin:1.5.2-6+deb12u2,Ubuntu,BSD-3-Clause AND LicenseRef-BSD-tcp-wrappers AND Beerware AND LicenseRef-GPL AND GPL-2.0-only AND GPL-2.0-or-later AND GPL-3.0-only AND GPL-3.0-or-later AND LGPL-2.0-only AND LGPL-2.0-or-later AND LicenseRef-public-domain
scenescape-autocalibration,libpam-runtime:1.5.2-6+deb12u2,Ubuntu,BSD-3-Clause AND LicenseRef-BSD-tcp-wrappers AND Beerware AND LicenseRef-GPL AND GPL-2.0-only AND GPL-2.0-or-later AND GPL-3.0-only AND GPL-3.0-or-later AND LGPL-2.0-only AND LGPL-2.0-or-later AND LicenseRef-public-domain
scenescape-autocalibration,libpam0g:1.5.2-6+deb12u2,Ubuntu,BSD-3-Clause AND LicenseRef-BSD-tcp-wrappers AND Beerware AND LicenseRef-GPL AND GPL-2.0-only AND GPL-2.0-or-later AND GPL-3.0-only AND GPL-3.0-or-later AND LGPL-2.0-only AND LGPL-2.0-or-later AND LicenseRef-public-domain
scenescape-autocalibration,libpciaccess0:0.17-2,Ubuntu,LicenseRef-GPL
scenescape-autocalibration,libpcre2-8-0:10.42-1,Ubuntu,BSD-2-Clause AND BSD-3-Clause AND LicenseRef-BSD-3-clause-Cambridge AND X11 AND LicenseRef-public-domain
scenescape-autocalibration,libpsl5:0.21.2-1,Ubuntu,LicenseRef-Chromium AND MIT AND LicenseRef-gnulib
scenescape-autocalibration,libpython3-stdlib:3.11.2-1+b1,Ubuntu,NOASSERTION
scenescape-autocalibration,libpython3.11-minimal:3.11.2-6+deb12u6,Ubuntu,LicenseRef-By AND GPL-2.0-only AND LicenseRef-Permission AND LicenseRef-Redistribution AND LicenseRef-This
scenescape-autocalibration,libpython3.11-stdlib:3.11.2-6+deb12u6,Ubuntu,LicenseRef-By AND GPL-2.0-only AND LicenseRef-Permission AND LicenseRef-Redistribution AND LicenseRef-This
scenescape-autocalibration,libreadline8:8.2-1.3,Ubuntu,LicenseRef-GFDL AND LicenseRef-GFDL-NIV-1.3- AND GPL-2.0-only AND GPL-2.0-or-later AND GPL-3.0-only AND GPL-3.0-or-later AND LicenseRef-ISC-no-attribution
scenescape-autocalibration,librtmp1:2.4+20151223.gitfa8646d.1-2+b2,Ubuntu,GPL-2.0-only AND LGPL-2.1-only
scenescape-autocalibration,libsasl2-2:2.1.28+dfsg-10,Ubuntu,BSD-2-Clause AND LicenseRef-BSD-2.2-clause AND BSD-3-Clause AND LicenseRef-BSD-3-clause-JANET AND LicenseRef-BSD-3-clause-PADL AND BSD-4-Clause AND LicenseRef-BSD-4-clause-KTH AND BSD-4-Clause-UC AND FSFULLR AND GPL-3.0-only AND GPL-3.0-or-later AND LicenseRef-IBM-as-is AND MIT-CMU AND LicenseRef-MIT-Export AND LicenseRef-MIT-OpenVision AND LicenseRef-OpenLDAP AND OpenSSL AND RSA-MD AND LicenseRef-SSLeay
scenescape-autocalibration,libsasl2-modules-db:2.1.28+dfsg-10,Ubuntu,BSD-2-Clause AND LicenseRef-BSD-2.2-clause AND BSD-3-Clause AND LicenseRef-BSD-3-clause-JANET AND LicenseRef-BSD-3-clause-PADL AND BSD-4-Clause AND LicenseRef-BSD-4-clause-KTH AND BSD-4-Clause-UC AND FSFULLR AND GPL-3.0-only AND GPL-3.0-or-later AND LicenseRef-IBM-as-is AND MIT-CMU AND LicenseRef-MIT-Export AND LicenseRef-MIT-OpenVision AND LicenseRef-OpenLDAP AND OpenSSL AND RSA-MD AND LicenseRef-SSLeay
scenescape-autocalibration,libseccomp2:2.5.4-1+deb12u1,Ubuntu,LGPL-2.1-only
scenescape-autocalibration,libselinux1:3.4-1+b6,Ubuntu,GPL-2.0-only AND LGPL-2.1-only
scenescape-autocalibration,libsemanage-common:3.4-1,Ubuntu,LicenseRef-GPL AND LicenseRef-LGPL
scenescape-autocalibration,libsemanage2:3.4-1+b5,Ubuntu,LicenseRef-GPL AND LicenseRef-LGPL
scenescape-autocalibration,libsensors-config:1:3.6.0-7.1,Ubuntu,GPL-2.0-only AND LGPL-2.1-only
scenescape-autocalibration,libsensors5:1:3.6.0-7.1,Ubuntu,GPL-2.0-only AND LGPL-2.1-only
scenescape-autocalibration,libsepol2:3.4-2.1,Ubuntu,GPL-2.0-only AND GPL-2.0-or-later AND LGPL-2.1-only AND LGPL-2.1-or-later AND Zlib
scenescape-autocalibration,libsmartcols1:2.38.1-5+deb12u3,Ubuntu,BSD-3-Clause AND BSD-4-Clause AND LicenseRef-BSLA AND GPL-2.0-only AND GPL-2.0-or-later AND GPL-3.0-only AND GPL-3.0-or-later AND LicenseRef-LGPL AND LGPL-2.0-only AND LGPL-2.0-or-later AND LGPL-2.1-only AND LGPL-2.1-or-later AND LGPL-3.0-only AND LGPL-3.0-or-later AND MIT AND LicenseRef-public-domain
scenescape-autocalibration,libsqlite3-0:3.40.1-2+deb12u2,Ubuntu,GPL-2.0-only AND GPL-2.0-or-later AND LicenseRef-public-domain
scenescape-autocalibration,libss2:1.47.0-2+b2,Ubuntu,Apache-2.0 AND Apache-2.0 AND BSD-3-Clause AND LicenseRef-GPL AND GPL-2.0-only AND GPL-2.0-or-later AND ISC AND Kazlib AND LGPL-2.0-only AND Latex2e
scenescape-autocalibration,libssh2-1:1.10.0-3+b1,Ubuntu,LicenseRef-BSD3
scenescape-autocalibration,libssl3:3.0.18-1~deb12u2,Ubuntu,Apache-2.0 AND LicenseRef-Artistic AND GPL-1.0-only AND GPL-1.0-or-later
scenescape-autocalibration,libstdc++6:12.2.0-14+deb12u1,Ubuntu,LicenseRef-Artistic AND GFDL-1.2-only AND LicenseRef-GPL AND GPL-2.0-only AND GPL-3.0-only AND LicenseRef-LGPL
scenescape-autocalibration,libsystemd0:252.39-1~deb12u1,Ubuntu,CC0-1.0 AND LicenseRef-Expat AND GPL-2.0-only AND GPL-2.0-or-later AND LGPL-2.1-only AND LGPL-2.1-or-later AND LicenseRef-public-domain
scenescape-autocalibration,libtasn1-6:4.19.0-2+deb12u1,Ubuntu,GFDL-1.3-only AND GPL-3.0-only AND LicenseRef-LGPL AND LGPL-2.1-only
scenescape-autocalibration,libtinfo6:6.4-4,Ubuntu,BSD-3-Clause AND LicenseRef-MIT-X11 AND X11
scenescape-autocalibration,libtirpc-common:1.3.3+ds-1,Ubuntu,BSD-3-Clause AND GPL-2.0-only AND LGPL-2.1-only
scenescape-autocalibration,libtirpc3:1.3.3+ds-1,Ubuntu,BSD-3-Clause AND GPL-2.0-only AND LGPL-2.1-only
scenescape-autocalibration,libudev1:252.39-1~deb12u1,Ubuntu,CC0-1.0 AND LicenseRef-Expat AND GPL-2.0-only AND GPL-2.0-or-later AND LGPL-2.1-only AND LGPL-2.1-or-later AND LicenseRef-public-domain
scenescape-autocalibration,libunistring2:1.0-2,Ubuntu,LicenseRef-FreeSoftware AND GFDL-1.2-only AND GFDL-1.2-or-later AND GPL-2.0-only AND GPL-2.0-or-later AND GPL-3.0-only AND GPL-3.0-or-later AND LGPL-3.0-only AND LGPL-3.0-or-later AND MIT
scenescape-autocalibration,libuuid1:2.38.1-5+deb12u3,Ubuntu,BSD-3-Clause AND BSD-4-Clause AND LicenseRef-BSLA AND GPL-2.0-only AND GPL-2.0-or-later AND GPL-3.0-only AND GPL-3.0-or-later AND LicenseRef-LGPL AND LGPL-2.0-only AND LGPL-2.0-or-later AND LGPL-2.1-only AND LGPL-2.1-or-later AND LGPL-3.0-only AND LGPL-3.0-or-later AND MIT AND LicenseRef-public-domain
scenescape-autocalibration,libwayland-client0:1.21.0-1,Ubuntu,X11
scenescape-autocalibration,libwayland-server0:1.21.0-1,Ubuntu,X11
scenescape-autocalibration,libx11-6:2:1.8.4-2+deb12u2,Ubuntu,NOASSERTION
scenescape-autocalibration,libx11-data:2:1.8.4-2+deb12u2,Ubuntu,NOASSERTION
scenescape-autocalibration,libx11-xcb1:2:1.8.4-2+deb12u2,Ubuntu,NOASSERTION
scenescape-autocalibration,libxau6:1:1.0.9-1,Ubuntu,NOASSERTION
scenescape-autocalibration,libxcb-dri2-0:1.15-1,Ubuntu,NOASSERTION
scenescape-autocalibration,libxcb-dri3-0:1.15-1,Ubuntu,NOASSERTION
scenescape-autocalibration,libxcb-glx0:1.15-1,Ubuntu,NOASSERTION
scenescape-autocalibration,libxcb-present0:1.15-1,Ubuntu,NOASSERTION
scenescape-autocalibration,libxcb-randr0:1.15-1,Ubuntu,NOASSERTION
scenescape-autocalibration,libxcb-shm0:1.15-1,Ubuntu,NOASSERTION
scenescape-autocalibration,libxcb-sync1:1.15-1,Ubuntu,NOASSERTION
scenescape-autocalibration,libxcb-xfixes0:1.15-1,Ubuntu,NOASSERTION
scenescape-autocalibration,libxcb1:1.15-1,Ubuntu,NOASSERTION
scenescape-autocalibration,libxdmcp6:1:1.1.2-3,Ubuntu,NOASSERTION
scenescape-autocalibration,libxext6:2:1.3.4-1+b1,Ubuntu,NOASSERTION
scenescape-autocalibration,libxfixes3:1:6.0.0-2,Ubuntu,NOASSERTION
scenescape-autocalibration,libxml2:2.9.14+dfsg-1.3~deb12u5,Ubuntu,ISC AND LicenseRef-MIT-1
scenescape-autocalibration,libxshmfence1:1.3-1,Ubuntu,NOASSERTION
scenescape-autocalibration,libxxf86vm1:1:1.1.4-1+b2,Ubuntu,NOASSERTION
scenescape-autocalibration,libxxhash0:0.8.1-1,Ubuntu,BSD-2-Clause AND GPL-2.0-only
scenescape-autocalibration,libz3-4:4.8.12-3.1,Ubuntu,LicenseRef-Expat AND GPL-2.0-only AND GPL-2.0-or-later
scenescape-autocalibration,libzstd1:1.5.4+dfsg2-5,Ubuntu,BSD-3-Clause AND LicenseRef-Expat AND GPL-2.0-only AND Zlib
scenescape-autocalibration,login:1:4.13+dfsg1-1+deb12u2,Ubuntu,BSD-3-Clause AND GPL-1.0-only AND GPL-2.0-only AND GPL-2.0-or-later AND LicenseRef-public-domain
scenescape-autocalibration,logsave:1.47.0-2+b2,Ubuntu,Apache-2.0 AND Apache-2.0 AND BSD-3-Clause AND LicenseRef-GPL AND GPL-2.0-only AND GPL-2.0-or-later AND ISC AND Kazlib AND LGPL-2.0-only AND Latex2e
scenescape-autocalibration,lxml==6.0.2,pypi,BSD-3-Clause
scenescape-autocalibration,markupsafe==3.0.3,pypi,BSD-3-Clause
scenescape-autocalibration,matplotlib==3.10.8,pypi,LicenseRef-3cb2c7aa8ec1f91fe59071d47f0d875cd1381b51d1cbf3ec8e225168c552597a
scenescape-autocalibration,matplotlib-inline==0.2.1,pypi,NOASSERTION
scenescape-autocalibration,mawk:1.3.4.20200120-3.1,Ubuntu,CC-BY-3.0 AND GPL-2.0-only AND X11
scenescape-autocalibration,media-types:10.0.0,Ubuntu,LicenseRef-ad-hoc
scenescape-autocalibration,more-itertools==10.8.0,pypi,MIT
scenescape-autocalibration,mount:2.38.1-5+deb12u3,Ubuntu,BSD-3-Clause AND BSD-4-Clause AND LicenseRef-BSLA AND GPL-2.0-only AND GPL-2.0-or-later AND GPL-3.0-only AND GPL-3.0-or-later AND LicenseRef-LGPL AND LGPL-2.0-only AND LGPL-2.0-or-later AND LGPL-2.1-only AND LGPL-2.1-or-later AND LGPL-3.0-only AND LGPL-3.0-or-later AND MIT AND LicenseRef-public-domain
scenescape-autocalibration,mpmath==1.3.0,pypi,LicenseRef-BSD
scenescape-autocalibration,narwhals==2.18.0,pypi,MIT
scenescape-autocalibration,nbformat==5.10.4,pypi,BSD-3-Clause
scenescape-autocalibration,ncurses-base:6.4-4,Ubuntu,BSD-3-Clause AND LicenseRef-MIT-X11 AND X11
scenescape-autocalibration,ncurses-bin:6.4-4,Ubuntu,BSD-3-Clause AND LicenseRef-MIT-X11 AND X11
scenescape-autocalibration,nest-asyncio==1.6.0,pypi,LicenseRef-BSD
scenescape-autocalibration,netbase:6.4,Ubuntu,GPL-2.0-only
scenescape-autocalibration,networkx==3.6.1,pypi,BSD-3-Clause
scenescape-autocalibration,numpy==2.2.6,pypi,BSD-3-Clause
scenescape-autocalibration,oauthlib==3.3.1,pypi,BSD-3-Clause
scenescape-autocalibration,onvif-zeep==0.2.12,pypi,MIT
scenescape-autocalibration,open3d@0.19.0,npm,MIT
scenescape-autocalibration,open3d@0.19.0,npm,MIT
scenescape-autocalibration,open3d-cpu==0.19.0,pypi,MIT
scenescape-autocalibration,opencv-python-headless==4.12.0.88,pypi,LicenseRef-Apache-2.0
scenescape-autocalibration,openssl:3.0.18-1~deb12u2,Ubuntu,Apache-2.0 AND LicenseRef-Artistic AND GPL-1.0-only AND GPL-1.0-or-later
scenescape-autocalibration,packaging==26.0,pypi,(Apache-2.0 OR BSD-2-Clause)
scenescape-autocalibration,packaging==26.0,pypi,(Apache-2.0 OR BSD-2-Clause)
scenescape-autocalibration,paho-mqtt==2.1.0,pypi,(EPL-2.0 OR BSD-3-Clause)
scenescape-autocalibration,pandas==3.0.1,pypi,LicenseRef-6dc1ad62d707e8dda646a5461c66fff8e6497c8656e04ccee9a64d411b017d65
scenescape-autocalibration,parso==0.8.6,pypi,MIT
scenescape-autocalibration,passwd:1:4.13+dfsg1-1+deb12u2,Ubuntu,BSD-3-Clause AND GPL-1.0-only AND GPL-2.0-only AND GPL-2.0-or-later AND LicenseRef-public-domain
scenescape-autocalibration,perl-base:5.36.0-7+deb12u3,Ubuntu,LicenseRef-Artistic AND Artistic-2.0 AND Artistic-dist AND BSD-3-Clause AND LicenseRef-BSD-3-clause-GENERIC AND LicenseRef-BSD-3-clause-with-weird-numbering AND LicenseRef-BSD-4-clause-POWERDOG AND LicenseRef-BZIP AND LicenseRef-DONT-CHANGE-THE-GPL AND LicenseRef-Expat AND GPL-1.0-only AND GPL-1.0-or-later AND GPL-2.0-only AND GPL-2.0-or-later AND LicenseRef-GPL-3--WITH-BISON-EXCEPTION AND LicenseRef-HSIEH-BSD AND LicenseRef-HSIEH-DERIVATIVE AND LGPL-2.1-only AND LicenseRef-REGCOMP AND LicenseRef-REGCOMP- AND LicenseRef-RRA-KEEP-THIS-NOTICE AND LicenseRef-SDBM-PUBLIC-DOMAIN AND LicenseRef-TEXT-TABS AND LicenseRef-Unicode AND Zlib
scenescape-autocalibration,pexpect==4.9.0,pypi,LicenseRef-ISC-license
scenescape-autocalibration,pillow==12.1.1,pypi,MIT-CMU
scenescape-autocalibration,pillow==12.1.1,pypi,NOASSERTION
scenescape-autocalibration,pip==23.0.1,pypi,MIT
scenescape-autocalibration,pip==26.0.1,pypi,MIT
scenescape-autocalibration,platformdirs==4.4.0,pypi,MIT
scenescape-autocalibration,platformdirs==4.9.4,pypi,MIT
scenescape-autocalibration,plotly==6.6.0,pypi,MIT
scenescape-autocalibration,prompt-toolkit==3.0.52,pypi,NOASSERTION
scenescape-autocalibration,ptyprocess==0.7.0,pypi,LicenseRef-UNKNOWN
scenescape-autocalibration,pure-eval==0.2.3,pypi,MIT
scenescape-autocalibration,pyasn1==0.6.2,pypi,BSD-2-Clause
scenescape-autocalibration,pyasn1-modules==0.4.2,pypi,LicenseRef-BSD
scenescape-autocalibration,pycolmap==0.6.0,pypi,BSD-3-Clause
scenescape-autocalibration,pycparser==3.0,pypi,BSD-3-Clause
scenescape-autocalibration,pygments==2.19.2,pypi,BSD-2-Clause
scenescape-autocalibration,pyparsing==3.3.2,pypi,MIT
scenescape-autocalibration,pyquaternion==0.9.9,pypi,MIT
scenescape-autocalibration,pysocks==1.7.1,pypi,LicenseRef-BSD
scenescape-autocalibration,python:3.11.14,UNKNOWN,NOASSERTION
scenescape-autocalibration,python-dateutil==2.9.0.post0,pypi,LicenseRef-Dual-License
scenescape-autocalibration,python-engineio==4.13.1,pypi,MIT
scenescape-autocalibration,python-socketio==5.16.1,pypi,MIT
scenescape-autocalibration,python3:3.11.2-1+b1,Ubuntu,NOASSERTION
scenescape-autocalibration,python3-distutils:3.11.2-3,Ubuntu,NOASSERTION
scenescape-autocalibration,python3-lib2to3:3.11.2-3,Ubuntu,NOASSERTION
scenescape-autocalibration,python3-minimal:3.11.2-1+b1,Ubuntu,NOASSERTION
scenescape-autocalibration,python3-pip:23.0.1+dfsg-1,Ubuntu,Apache-2.0 AND LicenseRef-BSD-2 AND LicenseRef-BSD-3 AND LicenseRef-Expat AND ISC AND LGPL-2.1-only AND LGPL-2.1-or-later AND MPL-2.0 AND MPL-2.0 AND LicenseRef-Python
scenescape-autocalibration,python3-pkg-resources:66.1.1-1+deb12u2,Ubuntu,Apache-2.0 AND BSD-3-Clause
scenescape-autocalibration,python3-setuptools:66.1.1-1+deb12u2,Ubuntu,Apache-2.0 AND BSD-3-Clause
scenescape-autocalibration,python3-wheel:0.38.4-2,Ubuntu,LicenseRef-Expat AND GPL-3.0-only
scenescape-autocalibration,python3.11:3.11.2-6+deb12u6,Ubuntu,LicenseRef-By AND GPL-2.0-only AND LicenseRef-Permission AND LicenseRef-Redistribution AND LicenseRef-This
scenescape-autocalibration,python3.11-minimal:3.11.2-6+deb12u6,Ubuntu,LicenseRef-By AND GPL-2.0-only AND LicenseRef-Permission AND LicenseRef-Redistribution AND LicenseRef-This
scenescape-autocalibration,pytz==2026.1.post1,pypi,MIT
scenescape-autocalibration,pyyaml==6.0.3,pypi,MIT
scenescape-autocalibration,readline-common:8.2-1.3,Ubuntu,LicenseRef-GFDL AND LicenseRef-GFDL-NIV-1.3- AND GPL-2.0-only AND GPL-2.0-or-later AND GPL-3.0-only AND GPL-3.0-or-later AND LicenseRef-ISC-no-attribution
scenescape-autocalibration,referencing==0.37.0,pypi,MIT
scenescape-autocalibration,requests==2.32.5,pypi,Apache-2.0
scenescape-autocalibration,requests-file==3.0.1,pypi,LicenseRef-Apache-2.0
scenescape-autocalibration,requests-oauthlib==2.0.0,pypi,ISC
scenescape-autocalibration,requests-toolbelt==1.0.0,pypi,LicenseRef-Apache-2.0
scenescape-autocalibration,retrying==1.4.2,pypi,Apache-2.0
scenescape-autocalibration,rpds-py==0.30.0,pypi,MIT
scenescape-autocalibration,rsa==4.9.1,pypi,Apache-2.0
scenescape-autocalibration,scikit-learn==1.8.0,pypi,BSD-3-Clause
scenescape-autocalibration,scikit_learn==1.8.0,pypi,NOASSERTION
scenescape-autocalibration,scipy==1.16.3,pypi,BSD-3-Clause
scenescape-autocalibration,sed:4.9-1,Ubuntu,BSD-4-Clause-UC AND BSL-1.0 AND GFDL-1.3-only AND LicenseRef-GFDL-NIV-1.3- AND GPL-3.0-only AND GPL-3.0-or-later AND ISC AND X11 AND LicenseRef-pcre
scenescape-autocalibration,setuptools==66.1.1,pypi,NOASSERTION
scenescape-autocalibration,setuptools==82.0.1,pypi,MIT
scenescape-autocalibration,simple-websocket==1.1.0,pypi,NOASSERTION
scenescape-autocalibration,six==1.17.0,pypi,MIT
scenescape-autocalibration,soupsieve==2.8.3,pypi,MIT
scenescape-autocalibration,stack-data==0.6.3,pypi,MIT
scenescape-autocalibration,sympy==1.14.0,pypi,LicenseRef-BSD
scenescape-autocalibration,sysvinit-utils:3.06-4,Ubuntu,GPL-2.0-only AND GPL-2.0-only AND GPL-2.0-or-later AND GPL-3.0-only AND GPL-3.0-only
scenescape-autocalibration,tar:1.34+dfsg-1.2+deb12u1,Ubuntu,GPL-2.0-only AND GPL-2.0-or-later AND GPL-3.0-only AND GPL-3.0-or-later AND LGPL-3.0-only AND LGPL-3.0-or-later
scenescape-autocalibration,third-party==1.0.0,pypi,NOASSERTION
scenescape-autocalibration,threadpoolctl==3.6.0,pypi,BSD-3-Clause
scenescape-autocalibration,tomli==2.4.0,pypi,MIT
scenescape-autocalibration,torch==2.10.0+cpu,pypi,BSD-3-Clause
scenescape-autocalibration,torchvision==0.25.0+cpu,pypi,LicenseRef-BSD
scenescape-autocalibration,tqdm==4.67.3,pypi,(MPL-2.0 AND MIT)
scenescape-autocalibration,traitlets==5.14.3,pypi,BSD-3-Clause
scenescape-autocalibration,trimesh==4.11.2,pypi,MIT
scenescape-autocalibration,typing-extensions==4.15.0,pypi,PSF-2.0
scenescape-autocalibration,tzdata:2025b-0+deb12u2,Ubuntu,LicenseRef-public-domain
scenescape-autocalibration,urllib3==2.3.0,pypi,NOASSERTION
scenescape-autocalibration,usr-is-merged:37~deb12u1,Ubuntu,GPL-2.0-only AND GPL-2.0-or-later
scenescape-autocalibration,util-linux:2.38.1-5+deb12u3,Ubuntu,BSD-3-Clause AND BSD-4-Clause AND LicenseRef-BSLA AND GPL-2.0-only AND GPL-2.0-or-later AND GPL-3.0-only AND GPL-3.0-or-later AND LicenseRef-LGPL AND LGPL-2.0-only AND LGPL-2.0-or-later AND LGPL-2.1-only AND LGPL-2.1-or-later AND LGPL-3.0-only AND LGPL-3.0-or-later AND MIT AND LicenseRef-public-domain
scenescape-autocalibration,util-linux-extra:2.38.1-5+deb12u3,Ubuntu,BSD-3-Clause AND BSD-4-Clause AND LicenseRef-BSLA AND GPL-2.0-only AND GPL-2.0-or-later AND GPL-3.0-only AND GPL-3.0-or-later AND LicenseRef-LGPL AND LGPL-2.0-only AND LGPL-2.0-or-later AND LGPL-2.1-only AND LGPL-2.1-or-later AND LGPL-3.0-only AND LGPL-3.0-or-later AND MIT AND LicenseRef-public-domain
scenescape-autocalibration,wcwidth==0.6.0,pypi,MIT
scenescape-autocalibration,websocket-client==1.9.0,pypi,Apache-2.0
scenescape-autocalibration,werkzeug==3.1.6,pypi,BSD-3-Clause
scenescape-autocalibration,wget:1.21.3-1+deb12u1,Ubuntu,GFDL-1.2-only AND GPL-3.0-only
scenescape-autocalibration,wheel==0.38.4,pypi,MIT
scenescape-autocalibration,wheel==0.46.3,pypi,MIT
scenescape-autocalibration,wheel==0.46.3,pypi,MIT
scenescape-autocalibration,widgetsnbextension==4.0.15,pypi,LicenseRef-BSD-3-Clause-License
scenescape-autocalibration,wsproto==1.3.2,pypi,MIT
scenescape-autocalibration,zeep==4.3.2,pypi,MIT
scenescape-autocalibration,zipp==3.23.0,pypi,MIT
scenescape-autocalibration,zipp==3.23.0,pypi,MIT
scenescape-autocalibration,zlib1g:1:1.2.13.dfsg-1,Ubuntu,Zlib
scenescape-autocalibration,sbom,UNKNOWN,NOASSERTION
scenescape-cluster-analytics,Simple Launcher:1.1.0.14,UNKNOWN,NOASSERTION
scenescape-cluster-analytics,Simple Launcher:1.1.0.14,UNKNOWN,NOASSERTION
scenescape-cluster-analytics,Simple Launcher:1.1.0.14,UNKNOWN,NOASSERTION
scenescape-cluster-analytics,Simple Launcher:1.1.0.14,UNKNOWN,NOASSERTION
scenescape-cluster-analytics,Simple Launcher:1.1.0.14,UNKNOWN,NOASSERTION
scenescape-cluster-analytics,Simple Launcher:1.1.0.14,UNKNOWN,NOASSERTION
scenescape-cluster-analytics,adduser:3.134,Ubuntu,GPL-2.0-only AND GPL-2.0-or-later
scenescape-cluster-analytics,apt:2.6.1,Ubuntu,BSD-3-Clause AND LicenseRef-Expat AND GPL-2.0-only AND GPL-2.0-or-later
scenescape-cluster-analytics,autocommand==2.2.2,pypi,LicenseRef-LGPLv3
scenescape-cluster-analytics,backports-tarfile==1.2.0,pypi,NOASSERTION
scenescape-cluster-analytics,base-files:12.4+deb12u13,Ubuntu,LicenseRef-GPL
scenescape-cluster-analytics,base-passwd:3.6.1,Ubuntu,GPL-2.0-only AND LicenseRef-public-domain
scenescape-cluster-analytics,bash:5.2.15-2+b10,Ubuntu,BSD-4-Clause-UC AND GFDL-1.3-only AND LicenseRef-GFDL-NIV-1.3 AND GPL-2.0-only AND GPL-2.0-or-later AND GPL-3.0-only AND GPL-3.0-or-later AND Latex2e AND LicenseRef-MIT-like AND LicenseRef-permissive
scenescape-cluster-analytics,bidict==0.23.1,pypi,LicenseRef-MPL-2.0
scenescape-cluster-analytics,blinker==1.9.0,pypi,NOASSERTION
scenescape-cluster-analytics,bsdutils:1:2.38.1-5+deb12u3,Ubuntu,BSD-3-Clause AND BSD-4-Clause AND LicenseRef-BSLA AND GPL-2.0-only AND GPL-2.0-or-later AND GPL-3.0-only AND GPL-3.0-or-later AND LicenseRef-LGPL AND LGPL-2.0-only AND LGPL-2.0-or-later AND LGPL-2.1-only AND LGPL-2.1-or-later AND LGPL-3.0-only AND LGPL-3.0-or-later AND MIT AND LicenseRef-public-domain
scenescape-cluster-analytics,ca-certificates:20230311+deb12u1,Ubuntu,GPL-2.0-only AND GPL-2.0-or-later AND MPL-2.0
scenescape-cluster-analytics,cli:UNKNOWN,UNKNOWN,NOASSERTION
scenescape-cluster-analytics,cli-32:UNKNOWN,UNKNOWN,NOASSERTION
scenescape-cluster-analytics,cli-64:UNKNOWN,UNKNOWN,NOASSERTION
scenescape-cluster-analytics,cli-arm64:UNKNOWN,UNKNOWN,NOASSERTION
scenescape-cluster-analytics,click==8.3.0,pypi,BSD-3-Clause
scenescape-cluster-analytics,coreutils:9.1-1,Ubuntu,BSD-4-Clause-UC AND FSFULLR AND GFDL-1.3-only AND LicenseRef-GFDL-NIV-1.3 AND GPL-3.0-only AND GPL-3.0-or-later AND ISC
scenescape-cluster-analytics,dash:0.5.12-2,Ubuntu,BSD-3-Clause AND BSD-3-Clause AND GPL-2.0-only AND GPL-2.0-or-later AND LicenseRef-public-domain
scenescape-cluster-analytics,debconf:1.5.82,Ubuntu,BSD-2-Clause
scenescape-cluster-analytics,debian-archive-keyring:2023.3+deb12u2,Ubuntu,LicenseRef-GPL
scenescape-cluster-analytics,debianutils:5.7-0.5~deb12u1,Ubuntu,GPL-2.0-only AND GPL-2.0-or-later AND SMAIL-GPL AND LicenseRef-public-domain
scenescape-cluster-analytics,diffutils:1:3.8-4,Ubuntu,FSFAP AND FSFULLR AND GFDL-1.3-only AND LicenseRef-GFDL-NIV-1.3 AND GPL-2.0-only AND GPL-2.0-or-later AND GPL-3.0-only AND GPL-3.0-or-later AND LGPL-2.0-only AND LGPL-2.0-or-later AND LGPL-2.1-only AND LGPL-2.1-or-later AND LGPL-3.0-only AND LGPL-3.0-or-later AND X11 AND LicenseRef-public-domain
scenescape-cluster-analytics,dnspython==2.7.0,pypi,ISC
scenescape-cluster-analytics,dpkg:1.21.22,Ubuntu,BSD-2-Clause AND GPL-2.0-only AND GPL-2.0-or-later AND LicenseRef-public-domain-s-s-d
scenescape-cluster-analytics,e2fsprogs:1.47.0-2+b2,Ubuntu,Apache-2.0 AND Apache-2.0 AND BSD-3-Clause AND LicenseRef-GPL AND GPL-2.0-only AND GPL-2.0-or-later AND ISC AND Kazlib AND LGPL-2.0-only AND Latex2e
scenescape-cluster-analytics,eventlet==0.40.3,pypi,MIT
scenescape-cluster-analytics,ffmpeg:5.1.6,UNKNOWN,NOASSERTION
scenescape-cluster-analytics,findutils:4.9.0-4,Ubuntu,BSD-3-Clause AND FSFAP AND FSFULLR AND GFDL-1.3-only AND LicenseRef-GFDL-NIV-1.3- AND LicenseRef-GPL AND GPL-2.0-only AND GPL-2.0-or-later AND GPL-3.0-only AND GPL-3.0-or-later AND ISC AND LGPL-2.0-only AND LGPL-2.0-or-later AND LGPL-2.1-only AND LGPL-2.1-or-later AND LGPL-3.0-only AND LGPL-3.0-or-later AND X11 AND LicenseRef-public-domain
scenescape-cluster-analytics,flask==3.1.1,pypi,BSD-3-Clause
scenescape-cluster-analytics,flask-socketio==5.4.1,pypi,NOASSERTION
scenescape-cluster-analytics,gcc-12-base:12.2.0-14+deb12u1,Ubuntu,LicenseRef-Artistic AND GFDL-1.2-only AND LicenseRef-GPL AND GPL-2.0-only AND GPL-3.0-only AND LicenseRef-LGPL
scenescape-cluster-analytics,gpgv:2.2.40-1.1+deb12u2,Ubuntu,BSD-3-Clause AND CC0-1.0 AND LicenseRef-Expat AND GPL-3.0-only AND GPL-3.0-or-later AND LGPL-2.1-only AND LGPL-2.1-or-later AND LGPL-3.0-only AND LGPL-3.0-or-later AND LicenseRef-RFC-Reference AND LicenseRef-TinySCHEME AND LicenseRef-permissive
scenescape-cluster-analytics,greenlet==3.1.1,pypi,LicenseRef-MIT-License
scenescape-cluster-analytics,grep:3.8-5,Ubuntu,GPL-3.0-only AND GPL-3.0-or-later
scenescape-cluster-analytics,gui:UNKNOWN,UNKNOWN,NOASSERTION
scenescape-cluster-analytics,gui-32:UNKNOWN,UNKNOWN,NOASSERTION
scenescape-cluster-analytics,gui-64:UNKNOWN,UNKNOWN,NOASSERTION
scenescape-cluster-analytics,gui-arm64:UNKNOWN,UNKNOWN,NOASSERTION
scenescape-cluster-analytics,gzip:1.12-1,Ubuntu,LicenseRef-FSF-manpages AND LicenseRef-GFDL-1.3--no-invariant AND LicenseRef-GFDL-3 AND GPL-3.0-only AND GPL-3.0-or-later
scenescape-cluster-analytics,h11==0.16.0,pypi,MIT
scenescape-cluster-analytics,hostname:3.23+nmu1,Ubuntu,GPL-2.0-only
scenescape-cluster-analytics,importlib-metadata==8.7.1,pypi,Apache-2.0
scenescape-cluster-analytics,init-system-helpers:1.65.2+deb12u1,Ubuntu,BSD-3-Clause AND GPL-2.0-only AND GPL-2.0-or-later
scenescape-cluster-analytics,itsdangerous==2.2.0,pypi,NOASSERTION
scenescape-cluster-analytics,jaraco-context==6.1.0,pypi,MIT
scenescape-cluster-analytics,jaraco-functools==4.4.0,pypi,MIT
scenescape-cluster-analytics,jaraco-text==4.0.0,pypi,NOASSERTION
scenescape-cluster-analytics,jinja2==3.1.6,pypi,NOASSERTION
scenescape-cluster-analytics,joblib==1.5.2,pypi,LicenseRef-BSD-3-Clause
scenescape-cluster-analytics,libacl1:2.3.1-3,Ubuntu,GPL-2.0-only AND GPL-2.0-or-later AND LGPL-2.0-or-later AND LGPL-2.1-only
scenescape-cluster-analytics,libapt-pkg6.0:2.6.1,Ubuntu,BSD-3-Clause AND LicenseRef-Expat AND GPL-2.0-only AND GPL-2.0-or-later
scenescape-cluster-analytics,libattr1:1:2.5.1-4,Ubuntu,GPL-2.0-only AND GPL-2.0-or-later AND LGPL-2.0-or-later AND LGPL-2.1-only
scenescape-cluster-analytics,libaudit-common:1:3.0.9-1,Ubuntu,GPL-1.0-only AND GPL-2.0-only AND LGPL-2.1-only
scenescape-cluster-analytics,libaudit1:1:3.0.9-1,Ubuntu,GPL-1.0-only AND GPL-2.0-only AND LGPL-2.1-only
scenescape-cluster-analytics,libblkid1:2.38.1-5+deb12u3,Ubuntu,BSD-3-Clause AND BSD-4-Clause AND LicenseRef-BSLA AND GPL-2.0-only AND GPL-2.0-or-later AND GPL-3.0-only AND GPL-3.0-or-later AND LicenseRef-LGPL AND LGPL-2.0-only AND LGPL-2.0-or-later AND LGPL-2.1-only AND LGPL-2.1-or-later AND LGPL-3.0-only AND LGPL-3.0-or-later AND MIT AND LicenseRef-public-domain
scenescape-cluster-analytics,libbsd0:0.11.7-2,Ubuntu,BSD-2-Clause AND BSD-2-Clause AND LicenseRef-BSD-2-clause-author AND LicenseRef-BSD-2-clause-verbatim AND BSD-3-Clause AND LicenseRef-BSD-3-clause-John-Birrell AND LicenseRef-BSD-3-clause-Regents AND LicenseRef-BSD-3-clause-author AND LicenseRef-BSD-4-clause-Niels-Provos AND Beerware AND LicenseRef-Expat AND ISC AND LicenseRef-ISC-Original AND libutil-David-Nugent AND LicenseRef-public-domain
scenescape-cluster-analytics,libbz2-1.0:1.0.8-5+b1,Ubuntu,LicenseRef-BSD-variant AND GPL-2.0-only
scenescape-cluster-analytics,libc-bin:2.36-9+deb12u13,Ubuntu,GPL-2.0-only AND LGPL-2.1-only
scenescape-cluster-analytics,libc6:2.36-9+deb12u13,Ubuntu,GPL-2.0-only AND LGPL-2.1-only
scenescape-cluster-analytics,libcap-ng0:0.8.3-1+b3,Ubuntu,GPL-2.0-only AND GPL-2.0-or-later AND GPL-3.0-only AND LGPL-2.1-only AND LGPL-2.1-or-later
scenescape-cluster-analytics,libcap2:1:2.66-4+deb12u2+b2,Ubuntu,BSD-3-Clause AND GPL-2.0-only AND GPL-2.0-or-later
scenescape-cluster-analytics,libcom-err2:1.47.0-2+b2,Ubuntu,Apache-2.0 AND Apache-2.0 AND BSD-3-Clause AND LicenseRef-GPL AND GPL-2.0-only AND GPL-2.0-or-later AND ISC AND Kazlib AND LGPL-2.0-only AND Latex2e
scenescape-cluster-analytics,libcrypt1:1:4.4.33-2,Ubuntu,NOASSERTION
scenescape-cluster-analytics,libdb5.3:5.3.28+dfsg2-1,Ubuntu,LicenseRef-Artistic AND BSD-3-Clause AND LicenseRef-BSD-3-clause-fjord AND LicenseRef-GPL AND GPL-3.0-only AND LicenseRef-MIT-old AND MS-PL AND Sleepycat AND LicenseRef-TCL-like AND X11 AND Zlib
scenescape-cluster-analytics,libdebconfclient0:0.270,Ubuntu,BSD-2-Clause AND BSD-2-Clause AND GPL-2.0-only AND GPL-2.0-or-later
scenescape-cluster-analytics,libdrm-amdgpu1:2.4.114-1+b1,Ubuntu,NOASSERTION
scenescape-cluster-analytics,libdrm-common:2.4.114-1,Ubuntu,NOASSERTION
scenescape-cluster-analytics,libdrm-intel1:2.4.114-1+b1,Ubuntu,NOASSERTION
scenescape-cluster-analytics,libdrm-nouveau2:2.4.114-1+b1,Ubuntu,NOASSERTION
scenescape-cluster-analytics,libdrm-radeon1:2.4.114-1+b1,Ubuntu,NOASSERTION
scenescape-cluster-analytics,libdrm2:2.4.114-1+b1,Ubuntu,NOASSERTION
scenescape-cluster-analytics,libedit2:3.1-20221030-2,Ubuntu,BSD-3-Clause
scenescape-cluster-analytics,libelf1:0.188-2.1,Ubuntu,BSD-2-Clause AND GFDL-1.3-only AND LicenseRef-GFDL-NIV-1.3 AND GPL-2.0-only AND GPL-3.0-only AND GPL-3.0-or-later AND LGPL-2.1-only AND LGPL-2.1-or-later AND LGPL-3.0-only AND LGPL-3.0-or-later
scenescape-cluster-analytics,libexpat1:2.5.0-1+deb12u2,Ubuntu,MIT
scenescape-cluster-analytics,libext2fs2:1.47.0-2+b2,Ubuntu,Apache-2.0 AND Apache-2.0 AND BSD-3-Clause AND LicenseRef-GPL AND GPL-2.0-only AND GPL-2.0-or-later AND ISC AND Kazlib AND LGPL-2.0-only AND Latex2e
scenescape-cluster-analytics,libffi8:3.4.4-1,Ubuntu,LicenseRef-Expat AND LicenseRef-GPL AND GPL-2.0-or-later AND GPL-3.0-or-later AND MPL-1.1 AND X11 AND LicenseRef-public-domain
scenescape-cluster-analytics,libgcc-s1:12.2.0-14+deb12u1,Ubuntu,LicenseRef-Artistic AND GFDL-1.2-only AND LicenseRef-GPL AND GPL-2.0-only AND GPL-3.0-only AND LicenseRef-LGPL
scenescape-cluster-analytics,libgcrypt20:1.10.1-3,Ubuntu,GPL-2.0-only AND LicenseRef-LGPL
scenescape-cluster-analytics,libgdbm6:1.23-3,Ubuntu,LicenseRef-GFDL-NIV-1.3- AND GPL-2.0-only AND GPL-2.0-or-later AND GPL-3.0-only AND GPL-3.0-or-later
scenescape-cluster-analytics,libgl1:1.6.0-1,Ubuntu,Apache-2.0 AND BSD-1-Clause AND LicenseRef-GPL AND GPL-3.0-only AND GPL-3.0-or-later AND MIT
scenescape-cluster-analytics,libgl1-mesa-dri:22.3.6-1+deb12u1,Ubuntu,Apache-2.0 AND BSD-2-Clause AND LicenseRef-BSD-3-google AND LicenseRef-BSL AND LicenseRef-GPL AND LicenseRef-Khronos AND MIT AND LicenseRef-MLAA AND LicenseRef-SGI
scenescape-cluster-analytics,libglapi-mesa:22.3.6-1+deb12u1,Ubuntu,Apache-2.0 AND BSD-2-Clause AND LicenseRef-BSD-3-google AND LicenseRef-BSL AND LicenseRef-GPL AND LicenseRef-Khronos AND MIT AND LicenseRef-MLAA AND LicenseRef-SGI
scenescape-cluster-analytics,libglib2.0-0:2.74.6-2+deb12u8,Ubuntu,AFL-2.0 AND Apache-2.0 AND LicenseRef-BSD-3-clause-pcre AND CC-BY-SA-3.0 AND CC0-1.0 AND LicenseRef-Expat AND FSFULLR AND GPL-2.0-only AND GPL-2.0-or-later AND LicenseRef-Iconv-PD AND LicenseRef-Janik-permissive AND LicenseRef-Kuchling-PD AND LGPL-2.0-only AND LGPL-2.0-or-later AND LGPL-2.1-only AND LGPL-2.1-or-later AND LGPL-3.0-only AND LGPL-3.0-or-later AND LicenseRef-Mingw-PD AND LicenseRef-Old-GLib-Tests-permissive AND LicenseRef-Plumb-PD AND Unicode-DFS-2016 AND bzip2-1.0.6
scenescape-cluster-analytics,libglvnd0:1.6.0-1,Ubuntu,Apache-2.0 AND BSD-1-Clause AND LicenseRef-GPL AND GPL-3.0-only AND GPL-3.0-or-later AND MIT
scenescape-cluster-analytics,libglx-mesa0:22.3.6-1+deb12u1,Ubuntu,Apache-2.0 AND BSD-2-Clause AND LicenseRef-BSD-3-google AND LicenseRef-BSL AND LicenseRef-GPL AND LicenseRef-Khronos AND MIT AND LicenseRef-MLAA AND LicenseRef-SGI
scenescape-cluster-analytics,libglx0:1.6.0-1,Ubuntu,Apache-2.0 AND BSD-1-Clause AND LicenseRef-GPL AND GPL-3.0-only AND GPL-3.0-or-later AND MIT
scenescape-cluster-analytics,libgmp10:2:6.2.1+dfsg1-1.1,Ubuntu,GPL-2.0-only AND GPL-2.0-or-later AND GPL-3.0-only AND GPL-3.0-or-later AND LGPL-3.0-only AND LGPL-3.0-or-later
scenescape-cluster-analytics,libgnutls30:3.7.9-2+deb12u6,Ubuntu,Apache-2.0 AND BSD-3-Clause AND LicenseRef-CC0 AND LicenseRef-Expat AND GFDL-1.3-only AND LicenseRef-GPL AND GPL-3.0-only AND LicenseRef-GPLv3- AND LicenseRef-LGPL AND LGPL-3.0-only AND LicenseRef-LGPLv2.1- AND LicenseRef-LGPLv3--or-GPLv2- AND LicenseRef-The
scenescape-cluster-analytics,libgpg-error0:1.46-1,Ubuntu,BSD-3-Clause AND GPL-3.0-only AND GPL-3.0-or-later AND LGPL-2.1-only AND LGPL-2.1-or-later AND LicenseRef-g10-permissive
scenescape-cluster-analytics,libgssapi-krb5-2:1.20.1-2+deb12u4,Ubuntu,GPL-2.0-only
scenescape-cluster-analytics,libhogweed6:3.8.1-2,Ubuntu,LicenseRef-Expat AND LicenseRef-GAP AND LicenseRef-GPL AND GPL-2.0-only AND GPL-2.0-or-later AND GPL-3.0-or-later AND LicenseRef-LGPL AND LGPL-2.0-only AND LGPL-2.0-or-later AND LGPL-3.0-or-later AND LicenseRef-public-domain
scenescape-cluster-analytics,libicu72:72.1-3+deb12u1,Ubuntu,GPL-3.0-only AND MIT
scenescape-cluster-analytics,libidn2-0:2.3.3-1+b1,Ubuntu,GPL-2.0-only AND GPL-2.0-or-later AND GPL-3.0-only AND GPL-3.0-or-later AND LGPL-3.0-only AND LGPL-3.0-or-later AND LicenseRef-Unicode
scenescape-cluster-analytics,libk5crypto3:1.20.1-2+deb12u4,Ubuntu,GPL-2.0-only
scenescape-cluster-analytics,libkeyutils1:1.6.3-2,Ubuntu,GPL-2.0-only AND GPL-2.0-or-later AND LGPL-2.0-only AND LGPL-2.0-or-later
scenescape-cluster-analytics,libkrb5-3:1.20.1-2+deb12u4,Ubuntu,GPL-2.0-only
scenescape-cluster-analytics,libkrb5support0:1.20.1-2+deb12u4,Ubuntu,GPL-2.0-only
scenescape-cluster-analytics,libllvm15:1:15.0.6-4+b1,Ubuntu,LicenseRef-APACHE-2-LLVM-EXCEPTIONS AND Apache-2.0 AND BSD-3-Clause AND BSD-3-Clause AND MIT AND LicenseRef-Python AND LicenseRef-solar-public-domain
scenescape-cluster-analytics,liblz4-1:1.9.4-1,Ubuntu,BSD-2-Clause AND GPL-2.0-only AND GPL-2.0-or-later
scenescape-cluster-analytics,liblzma5:5.4.1-1,Ubuntu,LicenseRef-Autoconf AND GPL-2.0-only AND GPL-2.0-or-later AND GPL-3.0-only AND LGPL-2.0-only AND LGPL-2.1-only AND LGPL-2.1-or-later AND LicenseRef-PD AND LicenseRef-PD-debian AND LicenseRef-config-h AND LicenseRef-noderivs AND LicenseRef-permissive-fsf AND LicenseRef-permissive-nowarranty AND LicenseRef-probably-PD
scenescape-cluster-analytics,libmd0:1.0.4-2,Ubuntu,BSD-2-Clause AND BSD-2-Clause AND BSD-3-Clause AND LicenseRef-BSD-3-clause-Aaron-D-Gifford AND Beerware AND ISC AND LicenseRef-public-domain-md4 AND LicenseRef-public-domain-md5 AND LicenseRef-public-domain-sha1
scenescape-cluster-analytics,libmount1:2.38.1-5+deb12u3,Ubuntu,BSD-3-Clause AND BSD-4-Clause AND LicenseRef-BSLA AND GPL-2.0-only AND GPL-2.0-or-later AND GPL-3.0-only AND GPL-3.0-or-later AND LicenseRef-LGPL AND LGPL-2.0-only AND LGPL-2.0-or-later AND LGPL-2.1-only AND LGPL-2.1-or-later AND LGPL-3.0-only AND LGPL-3.0-or-later AND MIT AND LicenseRef-public-domain
scenescape-cluster-analytics,libncursesw6:6.4-4,Ubuntu,BSD-3-Clause AND LicenseRef-MIT-X11 AND X11
scenescape-cluster-analytics,libnettle8:3.8.1-2,Ubuntu,LicenseRef-Expat AND LicenseRef-GAP AND LicenseRef-GPL AND GPL-2.0-only AND GPL-2.0-or-later AND GPL-3.0-or-later AND LicenseRef-LGPL AND LGPL-2.0-only AND LGPL-2.0-or-later AND LGPL-3.0-or-later AND LicenseRef-public-domain
scenescape-cluster-analytics,libnsl2:1.3.0-2,Ubuntu,BSD-3-Clause AND GPL-2.0-only AND LicenseRef-GPL-2--autoconf-exception AND LicenseRef-GPL-2--libtool-exception AND GPL-3.0-only AND LicenseRef-GPL-3--autoconf-exception AND LGPL-2.1-only AND LGPL-2.1-or-later AND MIT AND LicenseRef-permissive-autoconf-m4 AND LicenseRef-permissive-autoconf-m4-no-warranty AND LicenseRef-permissive-configure AND LicenseRef-permissive-fsf AND LicenseRef-permissive-makefile-in
scenescape-cluster-analytics,libp11-kit0:0.24.1-2,Ubuntu,Apache-2.0 AND BSD-3-Clause AND ISC AND LicenseRef-ISC-IBM AND LGPL-2.1-only AND LGPL-2.1-or-later AND LicenseRef-permissive-like-automake-output AND LicenseRef-same-as-rest-of-p11kit
scenescape-cluster-analytics,libpam-modules:1.5.2-6+deb12u2,Ubuntu,BSD-3-Clause AND LicenseRef-BSD-tcp-wrappers AND Beerware AND LicenseRef-GPL AND GPL-2.0-only AND GPL-2.0-or-later AND GPL-3.0-only AND GPL-3.0-or-later AND LGPL-2.0-only AND LGPL-2.0-or-later AND LicenseRef-public-domain
scenescape-cluster-analytics,libpam-modules-bin:1.5.2-6+deb12u2,Ubuntu,BSD-3-Clause AND LicenseRef-BSD-tcp-wrappers AND Beerware AND LicenseRef-GPL AND GPL-2.0-only AND GPL-2.0-or-later AND GPL-3.0-only AND GPL-3.0-or-later AND LGPL-2.0-only AND LGPL-2.0-or-later AND LicenseRef-public-domain
scenescape-cluster-analytics,libpam-runtime:1.5.2-6+deb12u2,Ubuntu,BSD-3-Clause AND LicenseRef-BSD-tcp-wrappers AND Beerware AND LicenseRef-GPL AND GPL-2.0-only AND GPL-2.0-or-later AND GPL-3.0-only AND GPL-3.0-or-later AND LGPL-2.0-only AND LGPL-2.0-or-later AND LicenseRef-public-domain
scenescape-cluster-analytics,libpam0g:1.5.2-6+deb12u2,Ubuntu,BSD-3-Clause AND LicenseRef-BSD-tcp-wrappers AND Beerware AND LicenseRef-GPL AND GPL-2.0-only AND GPL-2.0-or-later AND GPL-3.0-only AND GPL-3.0-or-later AND LGPL-2.0-only AND LGPL-2.0-or-later AND LicenseRef-public-domain
scenescape-cluster-analytics,libpciaccess0:0.17-2,Ubuntu,LicenseRef-GPL
scenescape-cluster-analytics,libpcre2-8-0:10.42-1,Ubuntu,BSD-2-Clause AND BSD-3-Clause AND LicenseRef-BSD-3-clause-Cambridge AND X11 AND LicenseRef-public-domain
scenescape-cluster-analytics,libreadline8:8.2-1.3,Ubuntu,LicenseRef-GFDL AND LicenseRef-GFDL-NIV-1.3- AND GPL-2.0-only AND GPL-2.0-or-later AND GPL-3.0-only AND GPL-3.0-or-later AND LicenseRef-ISC-no-attribution
scenescape-cluster-analytics,libseccomp2:2.5.4-1+deb12u1,Ubuntu,LGPL-2.1-only
scenescape-cluster-analytics,libselinux1:3.4-1+b6,Ubuntu,GPL-2.0-only AND LGPL-2.1-only
scenescape-cluster-analytics,libsemanage-common:3.4-1,Ubuntu,LicenseRef-GPL AND LicenseRef-LGPL
scenescape-cluster-analytics,libsemanage2:3.4-1+b5,Ubuntu,LicenseRef-GPL AND LicenseRef-LGPL
scenescape-cluster-analytics,libsensors-config:1:3.6.0-7.1,Ubuntu,GPL-2.0-only AND LGPL-2.1-only
scenescape-cluster-analytics,libsensors5:1:3.6.0-7.1,Ubuntu,GPL-2.0-only AND LGPL-2.1-only
scenescape-cluster-analytics,libsepol2:3.4-2.1,Ubuntu,GPL-2.0-only AND GPL-2.0-or-later AND LGPL-2.1-only AND LGPL-2.1-or-later AND Zlib
scenescape-cluster-analytics,libsmartcols1:2.38.1-5+deb12u3,Ubuntu,BSD-3-Clause AND BSD-4-Clause AND LicenseRef-BSLA AND GPL-2.0-only AND GPL-2.0-or-later AND GPL-3.0-only AND GPL-3.0-or-later AND LicenseRef-LGPL AND LGPL-2.0-only AND LGPL-2.0-or-later AND LGPL-2.1-only AND LGPL-2.1-or-later AND LGPL-3.0-only AND LGPL-3.0-or-later AND MIT AND LicenseRef-public-domain
scenescape-cluster-analytics,libsqlite3-0:3.40.1-2+deb12u2,Ubuntu,GPL-2.0-only AND GPL-2.0-or-later AND LicenseRef-public-domain
scenescape-cluster-analytics,libss2:1.47.0-2+b2,Ubuntu,Apache-2.0 AND Apache-2.0 AND BSD-3-Clause AND LicenseRef-GPL AND GPL-2.0-only AND GPL-2.0-or-later AND ISC AND Kazlib AND LGPL-2.0-only AND Latex2e
scenescape-cluster-analytics,libssl3:3.0.18-1~deb12u2,Ubuntu,Apache-2.0 AND LicenseRef-Artistic AND GPL-1.0-only AND GPL-1.0-or-later
scenescape-cluster-analytics,libstdc++6:12.2.0-14+deb12u1,Ubuntu,LicenseRef-Artistic AND GFDL-1.2-only AND LicenseRef-GPL AND GPL-2.0-only AND GPL-3.0-only AND LicenseRef-LGPL
scenescape-cluster-analytics,libsystemd0:252.39-1~deb12u1,Ubuntu,CC0-1.0 AND LicenseRef-Expat AND GPL-2.0-only AND GPL-2.0-or-later AND LGPL-2.1-only AND LGPL-2.1-or-later AND LicenseRef-public-domain
scenescape-cluster-analytics,libtasn1-6:4.19.0-2+deb12u1,Ubuntu,GFDL-1.3-only AND GPL-3.0-only AND LicenseRef-LGPL AND LGPL-2.1-only
scenescape-cluster-analytics,libtinfo6:6.4-4,Ubuntu,BSD-3-Clause AND LicenseRef-MIT-X11 AND X11
scenescape-cluster-analytics,libtirpc-common:1.3.3+ds-1,Ubuntu,BSD-3-Clause AND GPL-2.0-only AND LGPL-2.1-only
scenescape-cluster-analytics,libtirpc3:1.3.3+ds-1,Ubuntu,BSD-3-Clause AND GPL-2.0-only AND LGPL-2.1-only
scenescape-cluster-analytics,libudev1:252.39-1~deb12u1,Ubuntu,CC0-1.0 AND LicenseRef-Expat AND GPL-2.0-only AND GPL-2.0-or-later AND LGPL-2.1-only AND LGPL-2.1-or-later AND LicenseRef-public-domain
scenescape-cluster-analytics,libunistring2:1.0-2,Ubuntu,LicenseRef-FreeSoftware AND GFDL-1.2-only AND GFDL-1.2-or-later AND GPL-2.0-only AND GPL-2.0-or-later AND GPL-3.0-only AND GPL-3.0-or-later AND LGPL-3.0-only AND LGPL-3.0-or-later AND MIT
scenescape-cluster-analytics,libuuid1:2.38.1-5+deb12u3,Ubuntu,BSD-3-Clause AND BSD-4-Clause AND LicenseRef-BSLA AND GPL-2.0-only AND GPL-2.0-or-later AND GPL-3.0-only AND GPL-3.0-or-later AND LicenseRef-LGPL AND LGPL-2.0-only AND LGPL-2.0-or-later AND LGPL-2.1-only AND LGPL-2.1-or-later AND LGPL-3.0-only AND LGPL-3.0-or-later AND MIT AND LicenseRef-public-domain
scenescape-cluster-analytics,libx11-6:2:1.8.4-2+deb12u2,Ubuntu,NOASSERTION
scenescape-cluster-analytics,libx11-data:2:1.8.4-2+deb12u2,Ubuntu,NOASSERTION
scenescape-cluster-analytics,libx11-xcb1:2:1.8.4-2+deb12u2,Ubuntu,NOASSERTION
scenescape-cluster-analytics,libxau6:1:1.0.9-1,Ubuntu,NOASSERTION
scenescape-cluster-analytics,libxcb-dri2-0:1.15-1,Ubuntu,NOASSERTION
scenescape-cluster-analytics,libxcb-dri3-0:1.15-1,Ubuntu,NOASSERTION
scenescape-cluster-analytics,libxcb-glx0:1.15-1,Ubuntu,NOASSERTION
scenescape-cluster-analytics,libxcb-present0:1.15-1,Ubuntu,NOASSERTION
scenescape-cluster-analytics,libxcb-randr0:1.15-1,Ubuntu,NOASSERTION
scenescape-cluster-analytics,libxcb-shm0:1.15-1,Ubuntu,NOASSERTION
scenescape-cluster-analytics,libxcb-sync1:1.15-1,Ubuntu,NOASSERTION
scenescape-cluster-analytics,libxcb-xfixes0:1.15-1,Ubuntu,NOASSERTION
scenescape-cluster-analytics,libxcb1:1.15-1,Ubuntu,NOASSERTION
scenescape-cluster-analytics,libxdmcp6:1:1.1.2-3,Ubuntu,NOASSERTION
scenescape-cluster-analytics,libxext6:2:1.3.4-1+b1,Ubuntu,NOASSERTION
scenescape-cluster-analytics,libxfixes3:1:6.0.0-2,Ubuntu,NOASSERTION
scenescape-cluster-analytics,libxml2:2.9.14+dfsg-1.3~deb12u5,Ubuntu,ISC AND LicenseRef-MIT-1
scenescape-cluster-analytics,libxshmfence1:1.3-1,Ubuntu,NOASSERTION
scenescape-cluster-analytics,libxxf86vm1:1:1.1.4-1+b2,Ubuntu,NOASSERTION
scenescape-cluster-analytics,libxxhash0:0.8.1-1,Ubuntu,BSD-2-Clause AND GPL-2.0-only
scenescape-cluster-analytics,libz3-4:4.8.12-3.1,Ubuntu,LicenseRef-Expat AND GPL-2.0-only AND GPL-2.0-or-later
scenescape-cluster-analytics,libzstd1:1.5.4+dfsg2-5,Ubuntu,BSD-3-Clause AND LicenseRef-Expat AND GPL-2.0-only AND Zlib
scenescape-cluster-analytics,login:1:4.13+dfsg1-1+deb12u2,Ubuntu,BSD-3-Clause AND GPL-1.0-only AND GPL-2.0-only AND GPL-2.0-or-later AND LicenseRef-public-domain
scenescape-cluster-analytics,logsave:1.47.0-2+b2,Ubuntu,Apache-2.0 AND Apache-2.0 AND BSD-3-Clause AND LicenseRef-GPL AND GPL-2.0-only AND GPL-2.0-or-later AND ISC AND Kazlib AND LGPL-2.0-only AND Latex2e
scenescape-cluster-analytics,markupsafe==3.0.3,pypi,BSD-3-Clause
scenescape-cluster-analytics,mawk:1.3.4.20200120-3.1,Ubuntu,CC-BY-3.0 AND GPL-2.0-only AND X11
scenescape-cluster-analytics,more-itertools==10.8.0,pypi,MIT
scenescape-cluster-analytics,mount:2.38.1-5+deb12u3,Ubuntu,BSD-3-Clause AND BSD-4-Clause AND LicenseRef-BSLA AND GPL-2.0-only AND GPL-2.0-or-later AND GPL-3.0-only AND GPL-3.0-or-later AND LicenseRef-LGPL AND LGPL-2.0-only AND LGPL-2.0-or-later AND LGPL-2.1-only AND LGPL-2.1-or-later AND LGPL-3.0-only AND LGPL-3.0-or-later AND MIT AND LicenseRef-public-domain
scenescape-cluster-analytics,ncurses-base:6.4-4,Ubuntu,BSD-3-Clause AND LicenseRef-MIT-X11 AND X11
scenescape-cluster-analytics,ncurses-bin:6.4-4,Ubuntu,BSD-3-Clause AND LicenseRef-MIT-X11 AND X11
scenescape-cluster-analytics,netbase:6.4,Ubuntu,GPL-2.0-only
scenescape-cluster-analytics,numpy==2.3.5,pypi,BSD-3-Clause
scenescape-cluster-analytics,opencv-python-headless==4.11.0.86,pypi,LicenseRef-Apache-2.0
scenescape-cluster-analytics,openssl:3.0.18-1~deb12u2,Ubuntu,Apache-2.0 AND LicenseRef-Artistic AND GPL-1.0-only AND GPL-1.0-or-later
scenescape-cluster-analytics,packaging==24.2,pypi,NOASSERTION
scenescape-cluster-analytics,packaging==26.0,pypi,(Apache-2.0 OR BSD-2-Clause)
scenescape-cluster-analytics,paho-mqtt==2.1.0,pypi,(EPL-2.0 OR BSD-3-Clause)
scenescape-cluster-analytics,passwd:1:4.13+dfsg1-1+deb12u2,Ubuntu,BSD-3-Clause AND GPL-1.0-only AND GPL-2.0-only AND GPL-2.0-or-later AND LicenseRef-public-domain
scenescape-cluster-analytics,perl-base:5.36.0-7+deb12u3,Ubuntu,LicenseRef-Artistic AND Artistic-2.0 AND Artistic-dist AND BSD-3-Clause AND LicenseRef-BSD-3-clause-GENERIC AND LicenseRef-BSD-3-clause-with-weird-numbering AND LicenseRef-BSD-4-clause-POWERDOG AND LicenseRef-BZIP AND LicenseRef-DONT-CHANGE-THE-GPL AND LicenseRef-Expat AND GPL-1.0-only AND GPL-1.0-or-later AND GPL-2.0-only AND GPL-2.0-or-later AND LicenseRef-GPL-3--WITH-BISON-EXCEPTION AND LicenseRef-HSIEH-BSD AND LicenseRef-HSIEH-DERIVATIVE AND LGPL-2.1-only AND LicenseRef-REGCOMP AND LicenseRef-REGCOMP- AND LicenseRef-RRA-KEEP-THIS-NOTICE AND LicenseRef-SDBM-PUBLIC-DOMAIN AND LicenseRef-TEXT-TABS AND LicenseRef-Unicode AND Zlib
scenescape-cluster-analytics,pip==26.0.1,pypi,MIT
scenescape-cluster-analytics,platformdirs==4.4.0,pypi,MIT
scenescape-cluster-analytics,protobuf==6.33.5,pypi,LicenseRef-3-Clause-BSD-License
scenescape-cluster-analytics,python:3.11.14,UNKNOWN,NOASSERTION
scenescape-cluster-analytics,python-engineio==4.12.3,pypi,MIT
scenescape-cluster-analytics,python-socketio==5.14.0,pypi,MIT
scenescape-cluster-analytics,readline-common:8.2-1.3,Ubuntu,LicenseRef-GFDL AND LicenseRef-GFDL-NIV-1.3- AND GPL-2.0-only AND GPL-2.0-or-later AND GPL-3.0-only AND GPL-3.0-or-later AND LicenseRef-ISC-no-attribution
scenescape-cluster-analytics,scikit-learn==1.6.1,pypi,LicenseRef-eb8f4504317ebae6da2ce1752d7f93adfc2f7e25ba576f06e8643daf223c2cb3
scenescape-cluster-analytics,scipy==1.16.2,pypi,BSD-3-Clause
scenescape-cluster-analytics,sed:4.9-1,Ubuntu,BSD-4-Clause-UC AND BSL-1.0 AND GFDL-1.3-only AND LicenseRef-GFDL-NIV-1.3- AND GPL-3.0-only AND GPL-3.0-or-later AND ISC AND X11 AND LicenseRef-pcre
scenescape-cluster-analytics,setuptools==82.0.1,pypi,MIT
scenescape-cluster-analytics,simple-websocket==1.1.0,pypi,NOASSERTION
scenescape-cluster-analytics,sysvinit-utils:3.06-4,Ubuntu,GPL-2.0-only AND GPL-2.0-only AND GPL-2.0-or-later AND GPL-3.0-only AND GPL-3.0-only
scenescape-cluster-analytics,tar:1.34+dfsg-1.2+deb12u1,Ubuntu,GPL-2.0-only AND GPL-2.0-or-later AND GPL-3.0-only AND GPL-3.0-or-later AND LGPL-3.0-only AND LGPL-3.0-or-later
scenescape-cluster-analytics,threadpoolctl==3.6.0,pypi,BSD-3-Clause
scenescape-cluster-analytics,tomli==2.4.0,pypi,MIT
scenescape-cluster-analytics,tzdata:2025b-0+deb12u2,Ubuntu,LicenseRef-public-domain
scenescape-cluster-analytics,usr-is-merged:37~deb12u1,Ubuntu,GPL-2.0-only AND GPL-2.0-or-later
scenescape-cluster-analytics,util-linux:2.38.1-5+deb12u3,Ubuntu,BSD-3-Clause AND BSD-4-Clause AND LicenseRef-BSLA AND GPL-2.0-only AND GPL-2.0-or-later AND GPL-3.0-only AND GPL-3.0-or-later AND LicenseRef-LGPL AND LGPL-2.0-only AND LGPL-2.0-or-later AND LGPL-2.1-only AND LGPL-2.1-or-later AND LGPL-3.0-only AND LGPL-3.0-or-later AND MIT AND LicenseRef-public-domain
scenescape-cluster-analytics,util-linux-extra:2.38.1-5+deb12u3,Ubuntu,BSD-3-Clause AND BSD-4-Clause AND LicenseRef-BSLA AND GPL-2.0-only AND GPL-2.0-or-later AND GPL-3.0-only AND GPL-3.0-or-later AND LicenseRef-LGPL AND LGPL-2.0-only AND LGPL-2.0-or-later AND LGPL-2.1-only AND LGPL-2.1-or-later AND LGPL-3.0-only AND LGPL-3.0-or-later AND MIT AND LicenseRef-public-domain
scenescape-cluster-analytics,werkzeug==3.1.5,pypi,BSD-3-Clause
scenescape-cluster-analytics,wheel==0.46.3,pypi,MIT
scenescape-cluster-analytics,wheel==0.46.3,pypi,MIT
scenescape-cluster-analytics,wsproto==1.2.0,pypi,LicenseRef-MIT-License
scenescape-cluster-analytics,zipp==3.23.0,pypi,MIT
scenescape-cluster-analytics,zlib1g:1:1.2.13.dfsg-1,Ubuntu,Zlib
scenescape-cluster-analytics,sbom,UNKNOWN,NOASSERTION
scenescape-controller,@jupyter-widgets/jupyterlab-manager@5.0.15,npm,BSD-3-Clause
scenescape-controller,@plotly/dash-jupyterlab@0.4.3,npm,MIT
scenescape-controller,Simple Launcher:1.1.0.14,UNKNOWN,NOASSERTION
scenescape-controller,Simple Launcher:1.1.0.14,UNKNOWN,NOASSERTION
scenescape-controller,Simple Launcher:1.1.0.14,UNKNOWN,NOASSERTION
scenescape-controller,Simple Launcher:1.1.0.14,UNKNOWN,NOASSERTION
scenescape-controller,Simple Launcher:1.1.0.14,UNKNOWN,NOASSERTION
scenescape-controller,Simple Launcher:1.1.0.14,UNKNOWN,NOASSERTION
scenescape-controller,addict==2.4.0,pypi,LicenseRef-UNKNOWN
scenescape-controller,adduser:3.134,Ubuntu,GPL-2.0-only AND GPL-2.0-or-later
scenescape-controller,apt:2.6.1,Ubuntu,BSD-3-Clause AND LicenseRef-Expat AND GPL-2.0-only AND GPL-2.0-or-later
scenescape-controller,asttokens==3.0.1,pypi,LicenseRef-Apache-2.0
scenescape-controller,attrs==25.4.0,pypi,MIT
scenescape-controller,autocommand==2.2.2,pypi,LicenseRef-LGPLv3
scenescape-controller,backports-tarfile==1.2.0,pypi,NOASSERTION
scenescape-controller,base-files:12.4+deb12u13,Ubuntu,LicenseRef-GPL
scenescape-controller,base-passwd:3.6.1,Ubuntu,GPL-2.0-only AND LicenseRef-public-domain
scenescape-controller,bash:5.2.15-2+b10,Ubuntu,BSD-4-Clause-UC AND GFDL-1.3-only AND LicenseRef-GFDL-NIV-1.3 AND GPL-2.0-only AND GPL-2.0-or-later AND GPL-3.0-only AND GPL-3.0-or-later AND Latex2e AND LicenseRef-MIT-like AND LicenseRef-permissive
scenescape-controller,blinker==1.9.0,pypi,NOASSERTION
scenescape-controller,bsdutils:1:2.38.1-5+deb12u3,Ubuntu,BSD-3-Clause AND BSD-4-Clause AND LicenseRef-BSLA AND GPL-2.0-only AND GPL-2.0-or-later AND GPL-3.0-only AND GPL-3.0-or-later AND LicenseRef-LGPL AND LGPL-2.0-only AND LGPL-2.0-or-later AND LGPL-2.1-only AND LGPL-2.1-or-later AND LGPL-3.0-only AND LGPL-3.0-or-later AND MIT AND LicenseRef-public-domain
scenescape-controller,ca-certificates:20230311+deb12u1,Ubuntu,GPL-2.0-only AND GPL-2.0-or-later AND MPL-2.0
scenescape-controller,certifi==2026.2.25,pypi,MPL-2.0
scenescape-controller,charset-normalizer==3.4.5,pypi,MIT
scenescape-controller,cli:UNKNOWN,UNKNOWN,NOASSERTION
scenescape-controller,cli-32:UNKNOWN,UNKNOWN,NOASSERTION
scenescape-controller,cli-64:UNKNOWN,UNKNOWN,NOASSERTION
scenescape-controller,cli-arm64:UNKNOWN,UNKNOWN,NOASSERTION
scenescape-controller,click==8.3.1,pypi,BSD-3-Clause
scenescape-controller,comm==0.2.3,pypi,BSD-3-Clause
scenescape-controller,configargparse==1.7.5,pypi,MIT
scenescape-controller,contourpy==1.3.3,pypi,BSD-3-Clause
scenescape-controller,coreutils:9.1-1,Ubuntu,BSD-4-Clause-UC AND FSFULLR AND GFDL-1.3-only AND LicenseRef-GFDL-NIV-1.3 AND GPL-3.0-only AND GPL-3.0-or-later AND ISC
scenescape-controller,cycler==0.12.1,pypi,BSD-3-Clause
scenescape-controller,dash:0.5.12-2,Ubuntu,BSD-3-Clause AND BSD-3-Clause AND GPL-2.0-only AND GPL-2.0-or-later AND LicenseRef-public-domain
scenescape-controller,dash==4.0.0,pypi,MIT
scenescape-controller,debconf:1.5.82,Ubuntu,BSD-2-Clause
scenescape-controller,debian-archive-keyring:2023.3+deb12u2,Ubuntu,LicenseRef-GPL
scenescape-controller,debianutils:5.7-0.5~deb12u1,Ubuntu,GPL-2.0-only AND GPL-2.0-or-later AND SMAIL-GPL AND LicenseRef-public-domain
scenescape-controller,decorator==5.2.1,pypi,BSD-2-Clause
scenescape-controller,diffutils:1:3.8-4,Ubuntu,FSFAP AND FSFULLR AND GFDL-1.3-only AND LicenseRef-GFDL-NIV-1.3 AND GPL-2.0-only AND GPL-2.0-or-later AND GPL-3.0-only AND GPL-3.0-or-later AND LGPL-2.0-only AND LGPL-2.0-or-later AND LGPL-2.1-only AND LGPL-2.1-or-later AND LGPL-3.0-only AND LGPL-3.0-or-later AND X11 AND LicenseRef-public-domain
scenescape-controller,dpkg:1.21.22,Ubuntu,BSD-2-Clause AND GPL-2.0-only AND GPL-2.0-or-later AND LicenseRef-public-domain-s-s-d
scenescape-controller,e2fsprogs:1.47.0-2+b2,Ubuntu,Apache-2.0 AND Apache-2.0 AND BSD-3-Clause AND LicenseRef-GPL AND GPL-2.0-only AND GPL-2.0-or-later AND ISC AND Kazlib AND LGPL-2.0-only AND Latex2e
scenescape-controller,executing==2.2.1,pypi,MIT
scenescape-controller,fastjsonschema==2.21.2,pypi,LicenseRef-BSD
scenescape-controller,ffmpeg:5.1.6,UNKNOWN,NOASSERTION
scenescape-controller,findutils:4.9.0-4,Ubuntu,BSD-3-Clause AND FSFAP AND FSFULLR AND GFDL-1.3-only AND LicenseRef-GFDL-NIV-1.3- AND LicenseRef-GPL AND GPL-2.0-only AND GPL-2.0-or-later AND GPL-3.0-only AND GPL-3.0-or-later AND ISC AND LGPL-2.0-only AND LGPL-2.0-or-later AND LGPL-2.1-only AND LGPL-2.1-or-later AND LGPL-3.0-only AND LGPL-3.0-or-later AND X11 AND LicenseRef-public-domain
scenescape-controller,flask==3.1.3,pypi,BSD-3-Clause
scenescape-controller,fontconfig:2.14.1-4,Ubuntu,NOASSERTION
scenescape-controller,fontconfig-config:2.14.1-4,Ubuntu,NOASSERTION
scenescape-controller,fonts-dejavu-core:2.37-6,Ubuntu,GPL-2.0-only AND GPL-2.0-or-later AND Bitstream-Vera
scenescape-controller,fonttools==4.62.0,pypi,MIT
scenescape-controller,gcc-12-base:12.2.0-14+deb12u1,Ubuntu,LicenseRef-Artistic AND GFDL-1.2-only AND LicenseRef-GPL AND GPL-2.0-only AND GPL-3.0-only AND LicenseRef-LGPL
scenescape-controller,gdal-data:3.6.2+dfsg-1,Ubuntu,Apache-2.0 AND BSD-3-Clause AND LicenseRef-Base64 AND LicenseRef-Expat AND GPL-3.0-only AND GPL-3.0-or-later AND LicenseRef-HPND-3i AND LicenseRef-HPND-disclaimer AND LicenseRef-HPND-eos AND LicenseRef-HPND-p-sl-sgi AND LicenseRef-HPND-sl-gl-sgi AND LicenseRef-HPND-sl-sgi AND IJG AND ISC AND LicenseRef-ITT AND Info-ZIP AND LGPL-2.0-only AND LGPL-2.0-or-later AND PostgreSQL AND Qhull AND LicenseRef-cpl-mem-cache AND LicenseRef-fontconfig AND Libpng AND LicenseRef-public-domain AND Zlib
scenescape-controller,gdal-plugins:3.6.2+dfsg-1+b2,Ubuntu,Apache-2.0 AND BSD-3-Clause AND LicenseRef-Base64 AND LicenseRef-Expat AND GPL-3.0-only AND GPL-3.0-or-later AND LicenseRef-HPND-3i AND LicenseRef-HPND-disclaimer AND LicenseRef-HPND-eos AND LicenseRef-HPND-p-sl-sgi AND LicenseRef-HPND-sl-gl-sgi AND LicenseRef-HPND-sl-sgi AND IJG AND ISC AND LicenseRef-ITT AND Info-ZIP AND LGPL-2.0-only AND LGPL-2.0-or-later AND PostgreSQL AND Qhull AND LicenseRef-cpl-mem-cache AND LicenseRef-fontconfig AND Libpng AND LicenseRef-public-domain AND Zlib
scenescape-controller,github.com/tianon/gosu:UNKNOWN,UNKNOWN,NOASSERTION
scenescape-controller,googleapis-common-protos==1.73.0,pypi,LicenseRef-Apache-2.0
scenescape-controller,gosu:1.14-1+b10,Ubuntu,Apache-2.0 AND GPL-3.0-only AND GPL-3.0-or-later
scenescape-controller,gpgv:2.2.40-1.1+deb12u2,Ubuntu,BSD-3-Clause AND CC0-1.0 AND LicenseRef-Expat AND GPL-3.0-only AND GPL-3.0-or-later AND LGPL-2.1-only AND LGPL-2.1-or-later AND LGPL-3.0-only AND LGPL-3.0-or-later AND LicenseRef-RFC-Reference AND LicenseRef-TinySCHEME AND LicenseRef-permissive
scenescape-controller,grep:3.8-5,Ubuntu,GPL-3.0-only AND GPL-3.0-or-later
scenescape-controller,grpcio==1.78.0,pypi,Apache-2.0
scenescape-controller,gui:UNKNOWN,UNKNOWN,NOASSERTION
scenescape-controller,gui-32:UNKNOWN,UNKNOWN,NOASSERTION
scenescape-controller,gui-64:UNKNOWN,UNKNOWN,NOASSERTION
scenescape-controller,gui-arm64:UNKNOWN,UNKNOWN,NOASSERTION
scenescape-controller,gzip:1.12-1,Ubuntu,LicenseRef-FSF-manpages AND LicenseRef-GFDL-1.3--no-invariant AND LicenseRef-GFDL-3 AND GPL-3.0-only AND GPL-3.0-or-later
scenescape-controller,hostname:3.23+nmu1,Ubuntu,GPL-2.0-only
scenescape-controller,idna==3.11,pypi,BSD-3-Clause
scenescape-controller,importlib-metadata==8.7.1,pypi,Apache-2.0
scenescape-controller,importlib-metadata==8.7.1,pypi,Apache-2.0
scenescape-controller,init-system-helpers:1.65.2+deb12u1,Ubuntu,BSD-3-Clause AND GPL-2.0-only AND GPL-2.0-or-later
scenescape-controller,ipython==9.10.0,pypi,BSD-3-Clause
scenescape-controller,ipython-pygments-lexers==1.1.1,pypi,NOASSERTION
scenescape-controller,ipywidgets==8.1.8,pypi,LicenseRef-BSD-3-Clause-License
scenescape-controller,itsdangerous==2.2.0,pypi,NOASSERTION
scenescape-controller,jaraco-context==6.1.0,pypi,MIT
scenescape-controller,jaraco-functools==4.4.0,pypi,MIT
scenescape-controller,jaraco-text==4.0.0,pypi,NOASSERTION
scenescape-controller,jedi==0.19.2,pypi,MIT
scenescape-controller,jinja2==3.1.6,pypi,NOASSERTION
scenescape-controller,joblib==1.5.3,pypi,BSD-3-Clause
scenescape-controller,jsonschema==4.26.0,pypi,MIT
scenescape-controller,jsonschema-specifications==2025.9.1,pypi,MIT
scenescape-controller,jupyter-core==5.9.1,pypi,BSD-3-Clause
scenescape-controller,jupyterlab-plotly@6.0.1,npm,MIT
scenescape-controller,jupyterlab-plotly@6.0.1,npm,MIT
scenescape-controller,jupyterlab-widgets==3.0.16,pypi,BSD-3-Clause
scenescape-controller,kiwisolver==1.5.0,pypi,LicenseRef-4e89b2eeb82ea10ec61119c814f2ca0bbccdc22b72d0eb4f5542ef08f6a73ed2
scenescape-controller,libXau:1.0.9-3.el8,UNKNOWN,NOASSERTION
scenescape-controller,libacl1:2.3.1-3,Ubuntu,GPL-2.0-only AND GPL-2.0-or-later AND LGPL-2.0-or-later AND LGPL-2.1-only
scenescape-controller,libaec0:1.0.6-1+b1,Ubuntu,NOASSERTION
scenescape-controller,libaom3:3.6.0-1+deb12u2,Ubuntu,BSD-2-Clause AND BSD-2-Clause AND BSD-3-Clause AND LicenseRef-Expat AND ISC AND LicenseRef-public-domain-md5
scenescape-controller,libapt-pkg6.0:2.6.1,Ubuntu,BSD-3-Clause AND LicenseRef-Expat AND GPL-2.0-only AND GPL-2.0-or-later
scenescape-controller,libarchive13:3.6.2-1+deb12u3,Ubuntu,Apache-2.0 AND LicenseRef-BSD-1-clause-UCB AND LicenseRef-BSD-124-clause-UCB AND BSD-2-Clause AND LicenseRef-BSD-3-clause-UCB AND LicenseRef-BSD-4-clause-UCB AND CC0-1.0 AND LicenseRef-Expat AND LicenseRef-OpenSSL-SSLeay AND LicenseRef-PD
scenescape-controller,libarmadillo11:1:11.4.2+dfsg-1,Ubuntu,LicenseRef-Apache AND Apache-2.0 AND GPL-2.0-only
scenescape-controller,libarpack2:3.8.0-3,Ubuntu,BSD-3-Clause
scenescape-controller,libattr1:1:2.5.1-4,Ubuntu,GPL-2.0-only AND GPL-2.0-or-later AND LGPL-2.0-or-later AND LGPL-2.1-only
scenescape-controller,libaudit-common:1:3.0.9-1,Ubuntu,GPL-1.0-only AND GPL-2.0-only AND LGPL-2.1-only
scenescape-controller,libaudit1:1:3.0.9-1,Ubuntu,GPL-1.0-only AND GPL-2.0-only AND LGPL-2.1-only
scenescape-controller,libblas3:3.11.0-2,Ubuntu,BSD-3-Clause AND LicenseRef-BSD-3-clause-intel
scenescape-controller,libblkid1:2.38.1-5+deb12u3,Ubuntu,BSD-3-Clause AND BSD-4-Clause AND LicenseRef-BSLA AND GPL-2.0-only AND GPL-2.0-or-later AND GPL-3.0-only AND GPL-3.0-or-later AND LicenseRef-LGPL AND LGPL-2.0-only AND LGPL-2.0-or-later AND LGPL-2.1-only AND LGPL-2.1-or-later AND LGPL-3.0-only AND LGPL-3.0-or-later AND MIT AND LicenseRef-public-domain
scenescape-controller,libblosc1:1.21.3+ds-1,Ubuntu,BSD-3-Clause AND LicenseRef-Expat AND Zlib
scenescape-controller,libbrotli1:1.0.9-2+b6,Ubuntu,MIT
scenescape-controller,libbsd0:0.11.7-2,Ubuntu,BSD-2-Clause AND BSD-2-Clause AND LicenseRef-BSD-2-clause-author AND LicenseRef-BSD-2-clause-verbatim AND BSD-3-Clause AND LicenseRef-BSD-3-clause-John-Birrell AND LicenseRef-BSD-3-clause-Regents AND LicenseRef-BSD-3-clause-author AND LicenseRef-BSD-4-clause-Niels-Provos AND Beerware AND LicenseRef-Expat AND ISC AND LicenseRef-ISC-Original AND libutil-David-Nugent AND LicenseRef-public-domain
scenescape-controller,libbz2-1.0:1.0.8-5+b1,Ubuntu,LicenseRef-BSD-variant AND GPL-2.0-only
scenescape-controller,libc-bin:2.36-9+deb12u13,Ubuntu,GPL-2.0-only AND LGPL-2.1-only
scenescape-controller,libc6:2.36-9+deb12u13,Ubuntu,GPL-2.0-only AND LGPL-2.1-only
scenescape-controller,libcap-ng0:0.8.3-1+b3,Ubuntu,GPL-2.0-only AND GPL-2.0-or-later AND GPL-3.0-only AND LGPL-2.1-only AND LGPL-2.1-or-later
scenescape-controller,libcap2:1:2.66-4+deb12u2+b2,Ubuntu,BSD-3-Clause AND GPL-2.0-only AND GPL-2.0-or-later
scenescape-controller,libcfitsio10:4.2.0-3,Ubuntu,GPL-2.0-only AND LGPL-2.0-only
scenescape-controller,libcharls2:2.4.1-1,Ubuntu,BSD-3-Clause
scenescape-controller,libcom-err2:1.47.0-2+b2,Ubuntu,Apache-2.0 AND Apache-2.0 AND BSD-3-Clause AND LicenseRef-GPL AND GPL-2.0-only AND GPL-2.0-or-later AND ISC AND Kazlib AND LGPL-2.0-only AND Latex2e
scenescape-controller,libcrypt1:1:4.4.33-2,Ubuntu,NOASSERTION
scenescape-controller,libcurl3-gnutls:7.88.1-10+deb12u14,Ubuntu,BSD-3-Clause AND BSD-3-Clause AND BSD-4-Clause-UC AND FSFULLR AND GPL-2.0-only AND GPL-2.0-or-later AND GPL-3.0-or-later AND ISC AND OLDAP-2.8 AND X11 AND curl
scenescape-controller,libcurl4:7.88.1-10+deb12u14,Ubuntu,BSD-3-Clause AND BSD-3-Clause AND BSD-4-Clause-UC AND FSFULLR AND GPL-2.0-only AND GPL-2.0-or-later AND GPL-3.0-or-later AND ISC AND OLDAP-2.8 AND X11 AND curl
scenescape-controller,libdav1d6:1.0.0-2+deb12u1,Ubuntu,BSD-2-Clause AND ISC AND LicenseRef-public-domain
scenescape-controller,libdb5.3:5.3.28+dfsg2-1,Ubuntu,LicenseRef-Artistic AND BSD-3-Clause AND LicenseRef-BSD-3-clause-fjord AND LicenseRef-GPL AND GPL-3.0-only AND LicenseRef-MIT-old AND MS-PL AND Sleepycat AND LicenseRef-TCL-like AND X11 AND Zlib
scenescape-controller,libdbus-1-3:1.14.10-1~deb12u1,Ubuntu,AFL-2.1 AND BSD-3-Clause AND LicenseRef-BSD-3-clause-generic AND LicenseRef-Expat AND LicenseRef-FSF-unlimited-permission AND GPL-2.0-only AND GPL-2.0-or-later AND LGPL-2.1-only AND LGPL-2.1-or-later AND LicenseRef-Tcl-BSDish AND LicenseRef-autoconf-archive-permissive AND LicenseRef-g10-permissive
scenescape-controller,libde265-0:1.0.11-1+deb12u2,Ubuntu,BSD-4-Clause AND GPL-3.0-only AND GPL-3.0-or-later AND LGPL-3.0-only AND LGPL-3.0-or-later AND LicenseRef-other-1 AND LicenseRef-public-domain-1
scenescape-controller,libdebconfclient0:0.270,Ubuntu,BSD-2-Clause AND BSD-2-Clause AND GPL-2.0-only AND GPL-2.0-or-later
scenescape-controller,libdeflate0:1.14-1,Ubuntu,LicenseRef-Expat
scenescape-controller,libdouble-conversion3:3.2.1-1,Ubuntu,BSD-3-Clause
scenescape-controller,libdrm-amdgpu1:2.4.114-1+b1,Ubuntu,NOASSERTION
scenescape-controller,libdrm-common:2.4.114-1,Ubuntu,NOASSERTION
scenescape-controller,libdrm-intel1:2.4.114-1+b1,Ubuntu,NOASSERTION
scenescape-controller,libdrm-nouveau2:2.4.114-1+b1,Ubuntu,NOASSERTION
scenescape-controller,libdrm-radeon1:2.4.114-1+b1,Ubuntu,NOASSERTION
scenescape-controller,libdrm2:2.4.114-1+b1,Ubuntu,NOASSERTION
scenescape-controller,libedit2:3.1-20221030-2,Ubuntu,BSD-3-Clause
scenescape-controller,libegl-mesa0:22.3.6-1+deb12u1,Ubuntu,Apache-2.0 AND BSD-2-Clause AND LicenseRef-BSD-3-google AND LicenseRef-BSL AND LicenseRef-GPL AND LicenseRef-Khronos AND MIT AND LicenseRef-MLAA AND LicenseRef-SGI
scenescape-controller,libegl1:1.6.0-1,Ubuntu,Apache-2.0 AND BSD-1-Clause AND LicenseRef-GPL AND GPL-3.0-only AND GPL-3.0-or-later AND MIT
scenescape-controller,libelf1:0.188-2.1,Ubuntu,BSD-2-Clause AND GFDL-1.3-only AND LicenseRef-GFDL-NIV-1.3 AND GPL-2.0-only AND GPL-3.0-only AND GPL-3.0-or-later AND LGPL-2.1-only AND LGPL-2.1-or-later AND LGPL-3.0-only AND LGPL-3.0-or-later
scenescape-controller,libevdev2:1.13.0+dfsg-1,Ubuntu,Apache-2.0 AND LicenseRef-BSD-3 AND GPL-2.0-only AND GPL-2.0-or-later AND MIT
scenescape-controller,libexpat1:2.5.0-1+deb12u2,Ubuntu,MIT
scenescape-controller,libext2fs2:1.47.0-2+b2,Ubuntu,Apache-2.0 AND Apache-2.0 AND BSD-3-Clause AND LicenseRef-GPL AND GPL-2.0-only AND GPL-2.0-or-later AND ISC AND Kazlib AND LGPL-2.0-only AND Latex2e
scenescape-controller,libffi8:3.4.4-1,Ubuntu,LicenseRef-Expat AND LicenseRef-GPL AND GPL-2.0-or-later AND GPL-3.0-or-later AND MPL-1.1 AND X11 AND LicenseRef-public-domain
scenescape-controller,libfontconfig1:2.14.1-4,Ubuntu,NOASSERTION
scenescape-controller,libfreetype6:2.12.1+dfsg-5+deb12u4,Ubuntu,BSD-3-Clause AND BSL-1.0 AND FSFAP AND FTL AND GPL-2.0-only AND GPL-2.0-or-later AND GPL-3.0-only AND GPL-3.0-or-later AND MIT AND LicenseRef-OpenGroup-BSD-like AND LicenseRef-Public-Domain AND Zlib
scenescape-controller,libfreexl1:1.0.6-2,Ubuntu,GPL-2.0-only AND GPL-2.0-or-later AND LGPL-2.1-only AND LGPL-2.1-or-later AND MPL-1.1
scenescape-controller,libfyba0:4.1.1-8,Ubuntu,GPL-2.0-only AND GPL-2.0-or-later AND MIT
scenescape-controller,libgbm1:22.3.6-1+deb12u1,Ubuntu,Apache-2.0 AND BSD-2-Clause AND LicenseRef-BSD-3-google AND LicenseRef-BSL AND LicenseRef-GPL AND LicenseRef-Khronos AND MIT AND LicenseRef-MLAA AND LicenseRef-SGI
scenescape-controller,libgcc-s1:12.2.0-14+deb12u1,Ubuntu,LicenseRef-Artistic AND GFDL-1.2-only AND LicenseRef-GPL AND GPL-2.0-only AND GPL-3.0-only AND LicenseRef-LGPL
scenescape-controller,libgcrypt20:1.10.1-3,Ubuntu,GPL-2.0-only AND LicenseRef-LGPL
scenescape-controller,libgdal32:3.6.2+dfsg-1+b2,Ubuntu,Apache-2.0 AND BSD-3-Clause AND LicenseRef-Base64 AND LicenseRef-Expat AND GPL-3.0-only AND GPL-3.0-or-later AND LicenseRef-HPND-3i AND LicenseRef-HPND-disclaimer AND LicenseRef-HPND-eos AND LicenseRef-HPND-p-sl-sgi AND LicenseRef-HPND-sl-gl-sgi AND LicenseRef-HPND-sl-sgi AND IJG AND ISC AND LicenseRef-ITT AND Info-ZIP AND LGPL-2.0-only AND LGPL-2.0-or-later AND PostgreSQL AND Qhull AND LicenseRef-cpl-mem-cache AND LicenseRef-fontconfig AND Libpng AND LicenseRef-public-domain AND Zlib
scenescape-controller,libgdbm6:1.23-3,Ubuntu,LicenseRef-GFDL-NIV-1.3- AND GPL-2.0-only AND GPL-2.0-or-later AND GPL-3.0-only AND GPL-3.0-or-later
scenescape-controller,libgdcm3.0:3.0.21-1,Ubuntu,Apache-2.0 AND BSD-2-Clause AND LicenseRef-BSD-3-clause-alike-Alexander-Chemeris AND LicenseRef-BSD-3-clause-alike-CREATIS AND LicenseRef-BSD-3-clause-alike-Jan-de-Vaan AND LicenseRef-BSD-3-clause-alike-Mathieu-Malaterre AND LicenseRef-BSD-3-clause-alike-Theodore-Ts AND BSD-4-Clause AND LicenseRef-BSL AND LicenseRef-Expat AND LGPL-2.0-only AND LGPL-2.0-or-later AND Zlib AND LicenseRef-gdcmjpeg AND LicenseRef-public-domain AND LicenseRef-socketxx AND LicenseRef-zlib-libpng
scenescape-controller,libgeos-c1v5:3.11.1-1,Ubuntu,Apache-2.0 AND BSL-1.0 AND LicenseRef-Expat AND LGPL-2.1-only AND LGPL-2.1-or-later AND Zlib
scenescape-controller,libgeos3.11.1:3.11.1-1,Ubuntu,Apache-2.0 AND BSL-1.0 AND LicenseRef-Expat AND LGPL-2.1-only AND LGPL-2.1-or-later AND Zlib
scenescape-controller,libgeotiff5:1.7.1-2+b1,Ubuntu,BSD-3-Clause AND BSD-4-Clause AND GPL-2.0-only AND GPL-2.0-or-later AND LicenseRef-HPND-sl-sgi AND MIT AND LicenseRef-attribution
scenescape-controller,libgfortran5:12.2.0-14+deb12u1,Ubuntu,LicenseRef-Artistic AND GFDL-1.2-only AND LicenseRef-GPL AND GPL-2.0-only AND GPL-3.0-only AND LicenseRef-LGPL
scenescape-controller,libgif7:5.2.1-2.5,Ubuntu,ISC AND MIT
scenescape-controller,libgl1:1.6.0-1,Ubuntu,Apache-2.0 AND BSD-1-Clause AND LicenseRef-GPL AND GPL-3.0-only AND GPL-3.0-or-later AND MIT
scenescape-controller,libgl1-mesa-dri:22.3.6-1+deb12u1,Ubuntu,Apache-2.0 AND BSD-2-Clause AND LicenseRef-BSD-3-google AND LicenseRef-BSL AND LicenseRef-GPL AND LicenseRef-Khronos AND MIT AND LicenseRef-MLAA AND LicenseRef-SGI
scenescape-controller,libglapi-mesa:22.3.6-1+deb12u1,Ubuntu,Apache-2.0 AND BSD-2-Clause AND LicenseRef-BSD-3-google AND LicenseRef-BSL AND LicenseRef-GPL AND LicenseRef-Khronos AND MIT AND LicenseRef-MLAA AND LicenseRef-SGI
scenescape-controller,libglib2.0-0:2.74.6-2+deb12u8,Ubuntu,AFL-2.0 AND Apache-2.0 AND LicenseRef-BSD-3-clause-pcre AND CC-BY-SA-3.0 AND CC0-1.0 AND LicenseRef-Expat AND FSFULLR AND GPL-2.0-only AND GPL-2.0-or-later AND LicenseRef-Iconv-PD AND LicenseRef-Janik-permissive AND LicenseRef-Kuchling-PD AND LGPL-2.0-only AND LGPL-2.0-or-later AND LGPL-2.1-only AND LGPL-2.1-or-later AND LGPL-3.0-only AND LGPL-3.0-or-later AND LicenseRef-Mingw-PD AND LicenseRef-Old-GLib-Tests-permissive AND LicenseRef-Plumb-PD AND Unicode-DFS-2016 AND bzip2-1.0.6
scenescape-controller,libglvnd0:1.6.0-1,Ubuntu,Apache-2.0 AND BSD-1-Clause AND LicenseRef-GPL AND GPL-3.0-only AND GPL-3.0-or-later AND MIT
scenescape-controller,libglx-mesa0:22.3.6-1+deb12u1,Ubuntu,Apache-2.0 AND BSD-2-Clause AND LicenseRef-BSD-3-google AND LicenseRef-BSL AND LicenseRef-GPL AND LicenseRef-Khronos AND MIT AND LicenseRef-MLAA AND LicenseRef-SGI
scenescape-controller,libglx0:1.6.0-1,Ubuntu,Apache-2.0 AND BSD-1-Clause AND LicenseRef-GPL AND GPL-3.0-only AND GPL-3.0-or-later AND MIT
scenescape-controller,libgmp10:2:6.2.1+dfsg1-1.1,Ubuntu,GPL-2.0-only AND GPL-2.0-or-later AND GPL-3.0-only AND GPL-3.0-or-later AND LGPL-3.0-only AND LGPL-3.0-or-later
scenescape-controller,libgnutls30:3.7.9-2+deb12u6,Ubuntu,Apache-2.0 AND BSD-3-Clause AND LicenseRef-CC0 AND LicenseRef-Expat AND GFDL-1.3-only AND LicenseRef-GPL AND GPL-3.0-only AND LicenseRef-GPLv3- AND LicenseRef-LGPL AND LGPL-3.0-only AND LicenseRef-LGPLv2.1- AND LicenseRef-LGPLv3--or-GPLv2- AND LicenseRef-The
scenescape-controller,libgomp:8.5.0-28.el8_10.alma.1,UNKNOWN,NOASSERTION
scenescape-controller,libgomp1:12.2.0-14+deb12u1,Ubuntu,LicenseRef-Artistic AND GFDL-1.2-only AND LicenseRef-GPL AND GPL-2.0-only AND GPL-3.0-only AND LicenseRef-LGPL
scenescape-controller,libgpg-error0:1.46-1,Ubuntu,BSD-3-Clause AND GPL-3.0-only AND GPL-3.0-or-later AND LGPL-2.1-only AND LGPL-2.1-or-later AND LicenseRef-g10-permissive
scenescape-controller,libgraphite2-3:1.3.14-1,Ubuntu,LicenseRef-Artistic AND GPL-1.0-only AND GPL-1.0-or-later AND GPL-2.0-only AND GPL-2.0-or-later AND LGPL-2.1-only AND LGPL-2.1-or-later AND MPL-1.1 AND LicenseRef-custom-sil-open-font-license AND LicenseRef-public-domain
scenescape-controller,libgssapi-krb5-2:1.20.1-2+deb12u4,Ubuntu,GPL-2.0-only
scenescape-controller,libgudev-1.0-0:237-2,Ubuntu,LGPL-2.0-only AND LGPL-2.0-or-later
scenescape-controller,libharfbuzz0b:6.0.0+dfsg-3,Ubuntu,Apache-2.0 AND CC0-1.0 AND LicenseRef-Expat AND FSFAP AND FSFUL AND FSFULLR AND GPL-2.0-only AND GPL-2.0-or-later AND GPL-3.0-only AND GPL-3.0-or-later AND ISC AND LGPL-2.1-only AND LGPL-2.1-or-later AND MIT AND LicenseRef-Monotype AND OFL-1.1 AND LicenseRef-UFL-1.0 AND LicenseRef-Unicode
scenescape-controller,libhdf4-0-alt:4.2.15-5,Ubuntu,Apache-2.0 AND BSD-3-Clause AND GPL-2.0-only AND GPL-2.0-or-later AND LicenseRef-HDF4 AND NetCDF
scenescape-controller,libhdf5-103-1:1.10.8+repack1-1,Ubuntu,BSD-3-Clause AND GPL-2.0-only AND GPL-2.0-or-later
scenescape-controller,libhdf5-hl-100:1.10.8+repack1-1,Ubuntu,BSD-3-Clause AND GPL-2.0-only AND GPL-2.0-or-later
scenescape-controller,libheif1:1.15.1-1+deb12u1,Ubuntu,LicenseRef-BOOST-1.0 AND BSD-3-Clause AND BSD-4-Clause AND GPL-3.0-only AND GPL-3.0-or-later AND LGPL-3.0-only AND LGPL-3.0-or-later AND MIT
scenescape-controller,libhogweed6:3.8.1-2,Ubuntu,LicenseRef-Expat AND LicenseRef-GAP AND LicenseRef-GPL AND GPL-2.0-only AND GPL-2.0-or-later AND GPL-3.0-or-later AND LicenseRef-LGPL AND LGPL-2.0-only AND LGPL-2.0-or-later AND LGPL-3.0-or-later AND LicenseRef-public-domain
scenescape-controller,libhwloc15:2.9.0-1,Ubuntu,GPL-3.0-only
scenescape-controller,libice6:2:1.0.10-1,Ubuntu,NOASSERTION
scenescape-controller,libicu72:72.1-3+deb12u1,Ubuntu,GPL-3.0-only AND MIT
scenescape-controller,libidn2-0:2.3.3-1+b1,Ubuntu,GPL-2.0-only AND GPL-2.0-or-later AND GPL-3.0-only AND GPL-3.0-or-later AND LGPL-3.0-only AND LGPL-3.0-or-later AND LicenseRef-Unicode
scenescape-controller,libimath-3-1-29:3.1.6-1,Ubuntu,LicenseRef-imath
scenescape-controller,libinput-bin:1.22.1-1,Ubuntu,LicenseRef-Expat AND GPL-2.0-only
scenescape-controller,libinput10:1.22.1-1,Ubuntu,LicenseRef-Expat AND GPL-2.0-only
scenescape-controller,libjbig0:2.1-6.1,Ubuntu,GPL-2.0-only AND GPL-2.0-or-later
scenescape-controller,libjpeg62-turbo:1:2.1.5-2,Ubuntu,BSD-3-Clause AND LicenseRef-BSD-BY-LC-NE AND LicenseRef-Expat AND NTP AND Zlib
scenescape-controller,libjson-c5:0.16-2,Ubuntu,LicenseRef-Expat
scenescape-controller,libk5crypto3:1.20.1-2+deb12u4,Ubuntu,GPL-2.0-only
scenescape-controller,libkeyutils1:1.6.3-2,Ubuntu,GPL-2.0-only AND GPL-2.0-or-later AND LGPL-2.0-only AND LGPL-2.0-or-later
scenescape-controller,libkmlbase1:1.3.0-10,Ubuntu,BSD-3-Clause AND GPL-3.0-only AND GPL-3.0-or-later AND Zlib
scenescape-controller,libkmldom1:1.3.0-10,Ubuntu,BSD-3-Clause AND GPL-3.0-only AND GPL-3.0-or-later AND Zlib
scenescape-controller,libkmlengine1:1.3.0-10,Ubuntu,BSD-3-Clause AND GPL-3.0-only AND GPL-3.0-or-later AND Zlib
scenescape-controller,libkrb5-3:1.20.1-2+deb12u4,Ubuntu,GPL-2.0-only
scenescape-controller,libkrb5support0:1.20.1-2+deb12u4,Ubuntu,GPL-2.0-only
scenescape-controller,liblapack3:3.11.0-2,Ubuntu,BSD-3-Clause AND LicenseRef-BSD-3-clause-intel
scenescape-controller,liblcms2-2:2.14-2,Ubuntu,GPL-2.0-only AND GPL-2.0-or-later AND GPL-3.0-only AND IJG AND MIT
scenescape-controller,libldap-2.5-0:2.5.13+dfsg-5,Ubuntu,BSD-3-Clause AND LicenseRef-BSD-3-clause-California AND LicenseRef-BSD-3-clause-variant AND LicenseRef-BSD-4-clause-California AND Beerware AND LicenseRef-Expat AND LicenseRef-Expat-ISC AND LicenseRef-Expat-UNM AND LicenseRef-F5 AND LicenseRef-FSF-unlimited AND GPL-2.0-only AND GPL-2.0-or-later AND GPL-3.0-only AND GPL-3.0-or-later AND LicenseRef-JCG AND LicenseRef-MIT-XC AND LicenseRef-NeoSoft-permissive AND LicenseRef-OpenLDAP-2.8 AND LicenseRef-UMich AND LicenseRef-public-domain
scenescape-controller,liblept5:1.82.0-3+b3,Ubuntu,NOASSERTION
scenescape-controller,liblerc4:4.0.0+ds-2,Ubuntu,Apache-2.0
scenescape-controller,libllvm15:1:15.0.6-4+b1,Ubuntu,LicenseRef-APACHE-2-LLVM-EXCEPTIONS AND Apache-2.0 AND BSD-3-Clause AND BSD-3-Clause AND MIT AND LicenseRef-Python AND LicenseRef-solar-public-domain
scenescape-controller,libltdl7:2.4.7-7~deb12u1,Ubuntu,GFDL-1.3-only AND LicenseRef-GFDL-NIV-1.3- AND GPL-2.0-only AND GPL-2.0-or-later
scenescape-controller,liblz4-1:1.9.4-1,Ubuntu,BSD-2-Clause AND GPL-2.0-only AND GPL-2.0-or-later
scenescape-controller,liblzma5:5.4.1-1,Ubuntu,LicenseRef-Autoconf AND GPL-2.0-only AND GPL-2.0-or-later AND GPL-3.0-only AND LGPL-2.0-only AND LGPL-2.1-only AND LGPL-2.1-or-later AND LicenseRef-PD AND LicenseRef-PD-debian AND LicenseRef-config-h AND LicenseRef-noderivs AND LicenseRef-permissive-fsf AND LicenseRef-permissive-nowarranty AND LicenseRef-probably-PD
scenescape-controller,libmariadb3:1:10.11.14-0+deb12u2,Ubuntu,LicenseRef-Artistic AND BSD-2-Clause AND BSD-2-Clause AND BSD-3-Clause AND GPL-2.0-only AND GPL-2.0-or-later AND LicenseRef-GPL-2--with-bison-exception AND LicenseRef-GPL-3--with-bison-exception AND LicenseRef-LGPL AND LGPL-2.0-only AND LGPL-2.0-or-later AND LGPL-2.1-only AND LGPL-2.1-or-later AND LicenseRef-SWsoft AND LicenseRef-public-domain AND LicenseRef-unlimited-free-doc AND LicenseRef-zlib-libpng
scenescape-controller,libmd0:1.0.4-2,Ubuntu,BSD-2-Clause AND BSD-2-Clause AND BSD-3-Clause AND LicenseRef-BSD-3-clause-Aaron-D-Gifford AND Beerware AND ISC AND LicenseRef-public-domain-md4 AND LicenseRef-public-domain-md5 AND LicenseRef-public-domain-sha1
scenescape-controller,libmd4c0:0.4.8-1,Ubuntu,BSD-2-Clause AND CC-BY-SA-4.0 AND LicenseRef-Expat AND LicenseRef-public-domain
scenescape-controller,libminizip1:1.1-8+deb12u1,Ubuntu,Zlib
scenescape-controller,libmount1:2.38.1-5+deb12u3,Ubuntu,BSD-3-Clause AND BSD-4-Clause AND LicenseRef-BSLA AND GPL-2.0-only AND GPL-2.0-or-later AND GPL-3.0-only AND GPL-3.0-or-later AND LicenseRef-LGPL AND LGPL-2.0-only AND LGPL-2.0-or-later AND LGPL-2.1-only AND LGPL-2.1-or-later AND LGPL-3.0-only AND LGPL-3.0-or-later AND MIT AND LicenseRef-public-domain
scenescape-controller,libmtdev1:1.1.6-1,Ubuntu,LicenseRef-Expat
scenescape-controller,libncursesw6:6.4-4,Ubuntu,BSD-3-Clause AND LicenseRef-MIT-X11 AND X11
scenescape-controller,libnetcdf19:1:4.9.0-3+b1,Ubuntu,BSD-3-Clause AND BSL-1.0 AND CC-BY-4.0 AND LicenseRef-Expat AND GPL-3.0-only AND GPL-3.0-or-later AND HDF5 AND NetCDF AND LicenseRef-Unicode-data AND Zlib AND LicenseRef-ncxml AND LicenseRef-public-domain
scenescape-controller,libnettle8:3.8.1-2,Ubuntu,LicenseRef-Expat AND LicenseRef-GAP AND LicenseRef-GPL AND GPL-2.0-only AND GPL-2.0-or-later AND GPL-3.0-or-later AND LicenseRef-LGPL AND LGPL-2.0-only AND LGPL-2.0-or-later AND LGPL-3.0-or-later AND LicenseRef-public-domain
scenescape-controller,libnghttp2-14:1.52.0-1+deb12u2,Ubuntu,BSD-2-Clause AND LicenseRef-Expat AND GPL-3.0-only AND GPL-3.0-or-later AND MIT AND LicenseRef-all-permissive
scenescape-controller,libnsl2:1.3.0-2,Ubuntu,BSD-3-Clause AND GPL-2.0-only AND LicenseRef-GPL-2--autoconf-exception AND LicenseRef-GPL-2--libtool-exception AND GPL-3.0-only AND LicenseRef-GPL-3--autoconf-exception AND LGPL-2.1-only AND LGPL-2.1-or-later AND MIT AND LicenseRef-permissive-autoconf-m4 AND LicenseRef-permissive-autoconf-m4-no-warranty AND LicenseRef-permissive-configure AND LicenseRef-permissive-fsf AND LicenseRef-permissive-makefile-in
scenescape-controller,libnspr4:2:4.35-1,Ubuntu,MPL-2.0
scenescape-controller,libnss3:2:3.87.1-1+deb12u2,Ubuntu,LicenseRef-BSD-3 AND MPL-2.0 AND Zlib AND LicenseRef-public-domain
scenescape-controller,libnuma1:2.0.16-1,Ubuntu,LicenseRef-GPL AND LicenseRef-LGPL
scenescape-controller,libodbc2:2.3.11-2+deb12u1,Ubuntu,GPL-2.0-only AND GPL-2.0-or-later AND LGPL-2.0-only AND LGPL-2.0-or-later AND LGPL-2.1-only AND LGPL-2.1-or-later AND LicenseRef-ppowell
scenescape-controller,libodbcinst2:2.3.11-2+deb12u1,Ubuntu,GPL-2.0-only AND GPL-2.0-or-later AND LGPL-2.0-only AND LGPL-2.0-or-later AND LGPL-2.1-only AND LGPL-2.1-or-later AND LicenseRef-ppowell
scenescape-controller,libogdi4.1:4.1.0+ds-6,Ubuntu,GPL-2.0-only AND GPL-2.0-or-later AND LGPL-2.1-only AND LGPL-2.1-or-later AND MIT AND LicenseRef-OGDI-3I AND LicenseRef-OGDI-LAS AND LicenseRef-OGDI-QUEEN AND LicenseRef-VPFLIB AND LicenseRef-public-domain
scenescape-controller,libopencv-calib3d406:4.6.0+dfsg-12,Ubuntu,Apache-2.0 AND BSD-2-Clause AND BSD-3-Clause AND BSD-3-Clause AND LicenseRef-Expat AND GPL-2.0-only AND GPL-2.0-or-later AND LicenseRef-STEREO-CALIB-PERMISSIVE
scenescape-controller,libopencv-contrib406:4.6.0+dfsg-12,Ubuntu,Apache-2.0 AND BSD-2-Clause AND BSD-3-Clause AND BSD-3-Clause AND LicenseRef-Expat AND GPL-2.0-only AND GPL-2.0-or-later AND LicenseRef-STEREO-CALIB-PERMISSIVE
scenescape-controller,libopencv-core406:4.6.0+dfsg-12,Ubuntu,Apache-2.0 AND BSD-2-Clause AND BSD-3-Clause AND BSD-3-Clause AND LicenseRef-Expat AND GPL-2.0-only AND GPL-2.0-or-later AND LicenseRef-STEREO-CALIB-PERMISSIVE
scenescape-controller,libopencv-dnn406:4.6.0+dfsg-12,Ubuntu,Apache-2.0 AND BSD-2-Clause AND BSD-3-Clause AND BSD-3-Clause AND LicenseRef-Expat AND GPL-2.0-only AND GPL-2.0-or-later AND LicenseRef-STEREO-CALIB-PERMISSIVE
scenescape-controller,libopencv-features2d406:4.6.0+dfsg-12,Ubuntu,Apache-2.0 AND BSD-2-Clause AND BSD-3-Clause AND BSD-3-Clause AND LicenseRef-Expat AND GPL-2.0-only AND GPL-2.0-or-later AND LicenseRef-STEREO-CALIB-PERMISSIVE
scenescape-controller,libopencv-flann406:4.6.0+dfsg-12,Ubuntu,Apache-2.0 AND BSD-2-Clause AND BSD-3-Clause AND BSD-3-Clause AND LicenseRef-Expat AND GPL-2.0-only AND GPL-2.0-or-later AND LicenseRef-STEREO-CALIB-PERMISSIVE
scenescape-controller,libopencv-highgui406:4.6.0+dfsg-12,Ubuntu,Apache-2.0 AND BSD-2-Clause AND BSD-3-Clause AND BSD-3-Clause AND LicenseRef-Expat AND GPL-2.0-only AND GPL-2.0-or-later AND LicenseRef-STEREO-CALIB-PERMISSIVE
scenescape-controller,libopencv-imgcodecs406:4.6.0+dfsg-12,Ubuntu,Apache-2.0 AND BSD-2-Clause AND BSD-3-Clause AND BSD-3-Clause AND LicenseRef-Expat AND GPL-2.0-only AND GPL-2.0-or-later AND LicenseRef-STEREO-CALIB-PERMISSIVE
scenescape-controller,libopencv-imgproc406:4.6.0+dfsg-12,Ubuntu,Apache-2.0 AND BSD-2-Clause AND BSD-3-Clause AND BSD-3-Clause AND LicenseRef-Expat AND GPL-2.0-only AND GPL-2.0-or-later AND LicenseRef-STEREO-CALIB-PERMISSIVE
scenescape-controller,libopencv-ml406:4.6.0+dfsg-12,Ubuntu,Apache-2.0 AND BSD-2-Clause AND BSD-3-Clause AND BSD-3-Clause AND LicenseRef-Expat AND GPL-2.0-only AND GPL-2.0-or-later AND LicenseRef-STEREO-CALIB-PERMISSIVE
scenescape-controller,libopencv-objdetect406:4.6.0+dfsg-12,Ubuntu,Apache-2.0 AND BSD-2-Clause AND BSD-3-Clause AND BSD-3-Clause AND LicenseRef-Expat AND GPL-2.0-only AND GPL-2.0-or-later AND LicenseRef-STEREO-CALIB-PERMISSIVE
scenescape-controller,libopencv-stitching406:4.6.0+dfsg-12,Ubuntu,Apache-2.0 AND BSD-2-Clause AND BSD-3-Clause AND BSD-3-Clause AND LicenseRef-Expat AND GPL-2.0-only AND GPL-2.0-or-later AND LicenseRef-STEREO-CALIB-PERMISSIVE
scenescape-controller,libopencv-video406:4.6.0+dfsg-12,Ubuntu,Apache-2.0 AND BSD-2-Clause AND BSD-3-Clause AND BSD-3-Clause AND LicenseRef-Expat AND GPL-2.0-only AND GPL-2.0-or-later AND LicenseRef-STEREO-CALIB-PERMISSIVE
scenescape-controller,libopenexr-3-1-30:3.1.5-5,Ubuntu,BSD-3-Clause AND LicenseRef-openexr
scenescape-controller,libopengl0:1.6.0-1,Ubuntu,Apache-2.0 AND BSD-1-Clause AND LicenseRef-GPL AND GPL-3.0-only AND GPL-3.0-or-later AND MIT
scenescape-controller,libopenjp2-7:2.5.0-2+deb12u2,Ubuntu,LicenseRef-BSD-2 AND LicenseRef-BSD-3 AND Libpng AND libtiff AND LicenseRef-LIBTIFF-GLARSON AND LicenseRef-LIBTIFF-PIXAR AND MIT AND Zlib AND LicenseRef-public-domain
scenescape-controller,libp11-kit0:0.24.1-2,Ubuntu,Apache-2.0 AND BSD-3-Clause AND ISC AND LicenseRef-ISC-IBM AND LGPL-2.1-only AND LGPL-2.1-or-later AND LicenseRef-permissive-like-automake-output AND LicenseRef-same-as-rest-of-p11kit
scenescape-controller,libpam-modules:1.5.2-6+deb12u2,Ubuntu,BSD-3-Clause AND LicenseRef-BSD-tcp-wrappers AND Beerware AND LicenseRef-GPL AND GPL-2.0-only AND GPL-2.0-or-later AND GPL-3.0-only AND GPL-3.0-or-later AND LGPL-2.0-only AND LGPL-2.0-or-later AND LicenseRef-public-domain
scenescape-controller,libpam-modules-bin:1.5.2-6+deb12u2,Ubuntu,BSD-3-Clause AND LicenseRef-BSD-tcp-wrappers AND Beerware AND LicenseRef-GPL AND GPL-2.0-only AND GPL-2.0-or-later AND GPL-3.0-only AND GPL-3.0-or-later AND LGPL-2.0-only AND LGPL-2.0-or-later AND LicenseRef-public-domain
scenescape-controller,libpam-runtime:1.5.2-6+deb12u2,Ubuntu,BSD-3-Clause AND LicenseRef-BSD-tcp-wrappers AND Beerware AND LicenseRef-GPL AND GPL-2.0-only AND GPL-2.0-or-later AND GPL-3.0-only AND GPL-3.0-or-later AND LGPL-2.0-only AND LGPL-2.0-or-later AND LicenseRef-public-domain
scenescape-controller,libpam0g:1.5.2-6+deb12u2,Ubuntu,BSD-3-Clause AND LicenseRef-BSD-tcp-wrappers AND Beerware AND LicenseRef-GPL AND GPL-2.0-only AND GPL-2.0-or-later AND GPL-3.0-only AND GPL-3.0-or-later AND LGPL-2.0-only AND LGPL-2.0-or-later AND LicenseRef-public-domain
scenescape-controller,libpciaccess0:0.17-2,Ubuntu,LicenseRef-GPL
scenescape-controller,libpcre2-16-0:10.42-1,Ubuntu,BSD-2-Clause AND BSD-3-Clause AND LicenseRef-BSD-3-clause-Cambridge AND X11 AND LicenseRef-public-domain
scenescape-controller,libpcre2-8-0:10.42-1,Ubuntu,BSD-2-Clause AND BSD-3-Clause AND LicenseRef-BSD-3-clause-Cambridge AND X11 AND LicenseRef-public-domain
scenescape-controller,libpng16-16:1.6.39-2+deb12u3,Ubuntu,Apache-2.0 AND BSD-3-Clause AND LicenseRef-BSD-like-with-advertising-clause AND GPL-2.0-only AND GPL-2.0-or-later AND LicenseRef-expat AND Libpng
scenescape-controller,libpoppler126:22.12.0-2+deb12u1,Ubuntu,Apache-2.0 AND GPL-2.0-only AND GPL-3.0-only
scenescape-controller,libpq5:15.16-0+deb12u1,Ubuntu,LicenseRef-Artistic AND BSD-2-Clause AND BSD-3-Clause AND BSD-3-Clause AND LicenseRef-Custom-Unicode AND LicenseRef-Custom-pg-dump AND LicenseRef-Custom-regex AND GPL-1.0-only AND PostgreSQL AND TCL AND LicenseRef-double-metaphone AND LicenseRef-nagaysau-ishii
scenescape-controller,libproj25:9.1.1-1+b1,Ubuntu,Apache-2.0 AND LicenseRef-Expat AND GPL-2.0-only AND GPL-2.0-or-later AND GPL-3.0-only AND GPL-3.0-or-later AND LicenseRef-LRUCache11 AND LicenseRef-public-domain
scenescape-controller,libprotobuf32:3.21.12-3,Ubuntu,Apache-2.0 AND BSD-3-Clause AND LicenseRef-BSD-3-Clause-Google AND LicenseRef-Expat AND GPL-2.0-only AND GPL-3.0-only AND LicenseRef-GPLWithACException AND LicenseRef-Public-Domain
scenescape-controller,libpsl5:0.21.2-1,Ubuntu,LicenseRef-Chromium AND MIT AND LicenseRef-gnulib
scenescape-controller,libpython3-stdlib:3.11.2-1+b1,Ubuntu,NOASSERTION
scenescape-controller,libpython3.11:3.11.2-6+deb12u6,Ubuntu,LicenseRef-By AND GPL-2.0-only AND LicenseRef-Permission AND LicenseRef-Redistribution AND LicenseRef-This
scenescape-controller,libpython3.11-minimal:3.11.2-6+deb12u6,Ubuntu,LicenseRef-By AND GPL-2.0-only AND LicenseRef-Permission AND LicenseRef-Redistribution AND LicenseRef-This
scenescape-controller,libpython3.11-stdlib:3.11.2-6+deb12u6,Ubuntu,LicenseRef-By AND GPL-2.0-only AND LicenseRef-Permission AND LicenseRef-Redistribution AND LicenseRef-This
scenescape-controller,libqhull-r8.0:2020.2-5,Ubuntu,GPL-3.0-only AND GPL-3.0-or-later AND Qhull
scenescape-controller,libqt5core5a:5.15.8+dfsg-11+deb12u3,Ubuntu,Apache-2.0 AND BSD-2-Clause AND BSD-3-Clause AND LicenseRef-Bitstream AND CC0-1.0 AND LicenseRef-Expat AND FTL AND GFDL-1.3-only AND LicenseRef-GFDL-NIV-1.3 AND GPL-2.0-only AND GPL-2.0-or-later AND GPL-3.0-only AND LicenseRef-Harfbuzz AND LicenseRef-Hybrid-BSD AND LicenseRef-ICC AND LGPL-2.1-only AND LGPL-2.1-or-later AND LGPL-3.0-only AND MPL-2.0 AND LicenseRef-Unicode AND W3C AND Zlib AND LicenseRef-brg-endian AND LicenseRef-libjpeg AND Libpng AND LicenseRef-public-domain
scenescape-controller,libqt5dbus5:5.15.8+dfsg-11+deb12u3,Ubuntu,Apache-2.0 AND BSD-2-Clause AND BSD-3-Clause AND LicenseRef-Bitstream AND CC0-1.0 AND LicenseRef-Expat AND FTL AND GFDL-1.3-only AND LicenseRef-GFDL-NIV-1.3 AND GPL-2.0-only AND GPL-2.0-or-later AND GPL-3.0-only AND LicenseRef-Harfbuzz AND LicenseRef-Hybrid-BSD AND LicenseRef-ICC AND LGPL-2.1-only AND LGPL-2.1-or-later AND LGPL-3.0-only AND MPL-2.0 AND LicenseRef-Unicode AND W3C AND Zlib AND LicenseRef-brg-endian AND LicenseRef-libjpeg AND Libpng AND LicenseRef-public-domain
scenescape-controller,libqt5gui5:5.15.8+dfsg-11+deb12u3,Ubuntu,Apache-2.0 AND BSD-2-Clause AND BSD-3-Clause AND LicenseRef-Bitstream AND CC0-1.0 AND LicenseRef-Expat AND FTL AND GFDL-1.3-only AND LicenseRef-GFDL-NIV-1.3 AND GPL-2.0-only AND GPL-2.0-or-later AND GPL-3.0-only AND LicenseRef-Harfbuzz AND LicenseRef-Hybrid-BSD AND LicenseRef-ICC AND LGPL-2.1-only AND LGPL-2.1-or-later AND LGPL-3.0-only AND MPL-2.0 AND LicenseRef-Unicode AND W3C AND Zlib AND LicenseRef-brg-endian AND LicenseRef-libjpeg AND Libpng AND LicenseRef-public-domain
scenescape-controller,libqt5network5:5.15.8+dfsg-11+deb12u3,Ubuntu,Apache-2.0 AND BSD-2-Clause AND BSD-3-Clause AND LicenseRef-Bitstream AND CC0-1.0 AND LicenseRef-Expat AND FTL AND GFDL-1.3-only AND LicenseRef-GFDL-NIV-1.3 AND GPL-2.0-only AND GPL-2.0-or-later AND GPL-3.0-only AND LicenseRef-Harfbuzz AND LicenseRef-Hybrid-BSD AND LicenseRef-ICC AND LGPL-2.1-only AND LGPL-2.1-or-later AND LGPL-3.0-only AND MPL-2.0 AND LicenseRef-Unicode AND W3C AND Zlib AND LicenseRef-brg-endian AND LicenseRef-libjpeg AND Libpng AND LicenseRef-public-domain
scenescape-controller,libqt5opengl5:5.15.8+dfsg-11+deb12u3,Ubuntu,Apache-2.0 AND BSD-2-Clause AND BSD-3-Clause AND LicenseRef-Bitstream AND CC0-1.0 AND LicenseRef-Expat AND FTL AND GFDL-1.3-only AND LicenseRef-GFDL-NIV-1.3 AND GPL-2.0-only AND GPL-2.0-or-later AND GPL-3.0-only AND LicenseRef-Harfbuzz AND LicenseRef-Hybrid-BSD AND LicenseRef-ICC AND LGPL-2.1-only AND LGPL-2.1-or-later AND LGPL-3.0-only AND MPL-2.0 AND LicenseRef-Unicode AND W3C AND Zlib AND LicenseRef-brg-endian AND LicenseRef-libjpeg AND Libpng AND LicenseRef-public-domain
scenescape-controller,libqt5test5:5.15.8+dfsg-11+deb12u3,Ubuntu,Apache-2.0 AND BSD-2-Clause AND BSD-3-Clause AND LicenseRef-Bitstream AND CC0-1.0 AND LicenseRef-Expat AND FTL AND GFDL-1.3-only AND LicenseRef-GFDL-NIV-1.3 AND GPL-2.0-only AND GPL-2.0-or-later AND GPL-3.0-only AND LicenseRef-Harfbuzz AND LicenseRef-Hybrid-BSD AND LicenseRef-ICC AND LGPL-2.1-only AND LGPL-2.1-or-later AND LGPL-3.0-only AND MPL-2.0 AND LicenseRef-Unicode AND W3C AND Zlib AND LicenseRef-brg-endian AND LicenseRef-libjpeg AND Libpng AND LicenseRef-public-domain
scenescape-controller,libqt5widgets5:5.15.8+dfsg-11+deb12u3,Ubuntu,Apache-2.0 AND BSD-2-Clause AND BSD-3-Clause AND LicenseRef-Bitstream AND CC0-1.0 AND LicenseRef-Expat AND FTL AND GFDL-1.3-only AND LicenseRef-GFDL-NIV-1.3 AND GPL-2.0-only AND GPL-2.0-or-later AND GPL-3.0-only AND LicenseRef-Harfbuzz AND LicenseRef-Hybrid-BSD AND LicenseRef-ICC AND LGPL-2.1-only AND LGPL-2.1-or-later AND LGPL-3.0-only AND MPL-2.0 AND LicenseRef-Unicode AND W3C AND Zlib AND LicenseRef-brg-endian AND LicenseRef-libjpeg AND Libpng AND LicenseRef-public-domain
scenescape-controller,libquadmath0:12.2.0-14+deb12u1,Ubuntu,LicenseRef-Artistic AND GFDL-1.2-only AND LicenseRef-GPL AND GPL-2.0-only AND GPL-3.0-only AND LicenseRef-LGPL
scenescape-controller,libreadline8:8.2-1.3,Ubuntu,LicenseRef-GFDL AND LicenseRef-GFDL-NIV-1.3- AND GPL-2.0-only AND GPL-2.0-or-later AND GPL-3.0-only AND GPL-3.0-or-later AND LicenseRef-ISC-no-attribution
scenescape-controller,librtmp1:2.4+20151223.gitfa8646d.1-2+b2,Ubuntu,GPL-2.0-only AND LGPL-2.1-only
scenescape-controller,librttopo1:1.1.0-3,Ubuntu,GPL-2.0-only AND GPL-2.0-or-later
scenescape-controller,libsasl2-2:2.1.28+dfsg-10,Ubuntu,BSD-2-Clause AND LicenseRef-BSD-2.2-clause AND BSD-3-Clause AND LicenseRef-BSD-3-clause-JANET AND LicenseRef-BSD-3-clause-PADL AND BSD-4-Clause AND LicenseRef-BSD-4-clause-KTH AND BSD-4-Clause-UC AND FSFULLR AND GPL-3.0-only AND GPL-3.0-or-later AND LicenseRef-IBM-as-is AND MIT-CMU AND LicenseRef-MIT-Export AND LicenseRef-MIT-OpenVision AND LicenseRef-OpenLDAP AND OpenSSL AND RSA-MD AND LicenseRef-SSLeay
scenescape-controller,libsasl2-modules-db:2.1.28+dfsg-10,Ubuntu,BSD-2-Clause AND LicenseRef-BSD-2.2-clause AND BSD-3-Clause AND LicenseRef-BSD-3-clause-JANET AND LicenseRef-BSD-3-clause-PADL AND BSD-4-Clause AND LicenseRef-BSD-4-clause-KTH AND BSD-4-Clause-UC AND FSFULLR AND GPL-3.0-only AND GPL-3.0-or-later AND LicenseRef-IBM-as-is AND MIT-CMU AND LicenseRef-MIT-Export AND LicenseRef-MIT-OpenVision AND LicenseRef-OpenLDAP AND OpenSSL AND RSA-MD AND LicenseRef-SSLeay
scenescape-controller,libseccomp2:2.5.4-1+deb12u1,Ubuntu,LGPL-2.1-only
scenescape-controller,libselinux1:3.4-1+b6,Ubuntu,GPL-2.0-only AND LGPL-2.1-only
scenescape-controller,libsemanage-common:3.4-1,Ubuntu,LicenseRef-GPL AND LicenseRef-LGPL
scenescape-controller,libsemanage2:3.4-1+b5,Ubuntu,LicenseRef-GPL AND LicenseRef-LGPL
scenescape-controller,libsensors-config:1:3.6.0-7.1,Ubuntu,GPL-2.0-only AND LGPL-2.1-only
scenescape-controller,libsensors5:1:3.6.0-7.1,Ubuntu,GPL-2.0-only AND LGPL-2.1-only
scenescape-controller,libsepol2:3.4-2.1,Ubuntu,GPL-2.0-only AND GPL-2.0-or-later AND LGPL-2.1-only AND LGPL-2.1-or-later AND Zlib
scenescape-controller,libsm6:2:1.2.3-1,Ubuntu,NOASSERTION
scenescape-controller,libsmartcols1:2.38.1-5+deb12u3,Ubuntu,BSD-3-Clause AND BSD-4-Clause AND LicenseRef-BSLA AND GPL-2.0-only AND GPL-2.0-or-later AND GPL-3.0-only AND GPL-3.0-or-later AND LicenseRef-LGPL AND LGPL-2.0-only AND LGPL-2.0-or-later AND LGPL-2.1-only AND LGPL-2.1-or-later AND LGPL-3.0-only AND LGPL-3.0-or-later AND MIT AND LicenseRef-public-domain
scenescape-controller,libsnappy1v5:1.1.9-3,Ubuntu,BSD-3-Clause AND CC-BY-3.0 AND CC-BY-4.0 AND MIT AND LicenseRef-public-domain
scenescape-controller,libsocket++1:1.12.13+git20131030.5d039ba-1+b1,Ubuntu,LicenseRef-AS-IS AND LicenseRef-PD
scenescape-controller,libspatialite7:5.0.1-3,Ubuntu,BSD-4-Clause AND GPL-2.0-only AND GPL-2.0-or-later AND GPL-3.0-only AND GPL-3.0-or-later AND LGPL-2.0-only AND LGPL-2.0-or-later AND LGPL-2.1-only AND LGPL-2.1-or-later AND MPL-1.1 AND LicenseRef-public-domain
scenescape-controller,libsqlite3-0:3.40.1-2+deb12u2,Ubuntu,GPL-2.0-only AND GPL-2.0-or-later AND LicenseRef-public-domain
scenescape-controller,libss2:1.47.0-2+b2,Ubuntu,Apache-2.0 AND Apache-2.0 AND BSD-3-Clause AND LicenseRef-GPL AND GPL-2.0-only AND GPL-2.0-or-later AND ISC AND Kazlib AND LGPL-2.0-only AND Latex2e
scenescape-controller,libssh2-1:1.10.0-3+b1,Ubuntu,LicenseRef-BSD3
scenescape-controller,libssl3:3.0.18-1~deb12u2,Ubuntu,Apache-2.0 AND LicenseRef-Artistic AND GPL-1.0-only AND GPL-1.0-or-later
scenescape-controller,libstdc++6:12.2.0-14+deb12u1,Ubuntu,LicenseRef-Artistic AND GFDL-1.2-only AND LicenseRef-GPL AND GPL-2.0-only AND GPL-3.0-only AND LicenseRef-LGPL
scenescape-controller,libsuperlu5:5.3.0+dfsg1-2+b1,Ubuntu,BSD-3-Clause AND GPL-2.0-only AND GPL-2.0-or-later AND LicenseRef-permissive AND LicenseRef-permissive-colamd
scenescape-controller,libsystemd0:252.39-1~deb12u1,Ubuntu,CC0-1.0 AND LicenseRef-Expat AND GPL-2.0-only AND GPL-2.0-or-later AND LGPL-2.1-only AND LGPL-2.1-or-later AND LicenseRef-public-domain
scenescape-controller,libsz2:1.0.6-1+b1,Ubuntu,NOASSERTION
scenescape-controller,libtasn1-6:4.19.0-2+deb12u1,Ubuntu,GFDL-1.3-only AND GPL-3.0-only AND LicenseRef-LGPL AND LGPL-2.1-only
scenescape-controller,libtbb12:2021.8.0-2+deb12u1,Ubuntu,Apache-2.0 AND BSD-3-Clause AND LicenseRef-BSD-like-bzip2 AND GPL-1.0-only AND GPL-1.0-or-later AND GPL-2.0-only AND MIT
scenescape-controller,libtbbbind-2-5:2021.8.0-2+deb12u1,Ubuntu,Apache-2.0 AND BSD-3-Clause AND LicenseRef-BSD-like-bzip2 AND GPL-1.0-only AND GPL-1.0-or-later AND GPL-2.0-only AND MIT
scenescape-controller,libtbbmalloc2:2021.8.0-2+deb12u1,Ubuntu,Apache-2.0 AND BSD-3-Clause AND LicenseRef-BSD-like-bzip2 AND GPL-1.0-only AND GPL-1.0-or-later AND GPL-2.0-only AND MIT
scenescape-controller,libtesseract5:5.3.0-2,Ubuntu,Apache-2.0
scenescape-controller,libtiff6:4.5.0-6+deb12u3,Ubuntu,LicenseRef-Hylafax
scenescape-controller,libtinfo6:6.4-4,Ubuntu,BSD-3-Clause AND LicenseRef-MIT-X11 AND X11
scenescape-controller,libtirpc-common:1.3.3+ds-1,Ubuntu,BSD-3-Clause AND GPL-2.0-only AND LGPL-2.1-only
scenescape-controller,libtirpc3:1.3.3+ds-1,Ubuntu,BSD-3-Clause AND GPL-2.0-only AND LGPL-2.1-only
scenescape-controller,libudev1:252.39-1~deb12u1,Ubuntu,CC0-1.0 AND LicenseRef-Expat AND GPL-2.0-only AND GPL-2.0-or-later AND LGPL-2.1-only AND LGPL-2.1-or-later AND LicenseRef-public-domain
scenescape-controller,libunistring2:1.0-2,Ubuntu,LicenseRef-FreeSoftware AND GFDL-1.2-only AND GFDL-1.2-or-later AND GPL-2.0-only AND GPL-2.0-or-later AND GPL-3.0-only AND GPL-3.0-or-later AND LGPL-3.0-only AND LGPL-3.0-or-later AND MIT
scenescape-controller,liburiparser1:0.9.7+dfsg-2,Ubuntu,BSD-3-Clause AND GPL-3.0-only AND GPL-3.0-or-later AND LGPL-2.1-only AND LGPL-2.1-or-later
scenescape-controller,libuuid1:2.38.1-5+deb12u3,Ubuntu,BSD-3-Clause AND BSD-4-Clause AND LicenseRef-BSLA AND GPL-2.0-only AND GPL-2.0-or-later AND GPL-3.0-only AND GPL-3.0-or-later AND LicenseRef-LGPL AND LGPL-2.0-only AND LGPL-2.0-or-later AND LGPL-2.1-only AND LGPL-2.1-or-later AND LGPL-3.0-only AND LGPL-3.0-or-later AND MIT AND LicenseRef-public-domain
scenescape-controller,libwacom-common:2.6.0-1,Ubuntu,MIT AND LicenseRef-permissive
scenescape-controller,libwacom9:2.6.0-1,Ubuntu,MIT AND LicenseRef-permissive
scenescape-controller,libwayland-client0:1.21.0-1,Ubuntu,X11
scenescape-controller,libwayland-server0:1.21.0-1,Ubuntu,X11
scenescape-controller,libwebp7:1.2.4-0.2+deb12u1,Ubuntu,Apache-2.0
scenescape-controller,libwebpmux3:1.2.4-0.2+deb12u1,Ubuntu,Apache-2.0
scenescape-controller,libx11-6:2:1.8.4-2+deb12u2,Ubuntu,NOASSERTION
scenescape-controller,libx11-data:2:1.8.4-2+deb12u2,Ubuntu,NOASSERTION
scenescape-controller,libx11-xcb1:2:1.8.4-2+deb12u2,Ubuntu,NOASSERTION
scenescape-controller,libx265-199:3.5-2+b1,Ubuntu,LicenseRef-Expat AND GPL-2.0-only AND GPL-2.0-or-later AND ISC AND LGPL-2.1-only AND LGPL-2.1-or-later
scenescape-controller,libxau6:1:1.0.9-1,Ubuntu,NOASSERTION
scenescape-controller,libxcb-dri2-0:1.15-1,Ubuntu,NOASSERTION
scenescape-controller,libxcb-dri3-0:1.15-1,Ubuntu,NOASSERTION
scenescape-controller,libxcb-glx0:1.15-1,Ubuntu,NOASSERTION
scenescape-controller,libxcb-icccm4:0.4.1-1.1,Ubuntu,GPL-2.0-only AND GPL-2.0-or-later AND LicenseRef-MIT-X
scenescape-controller,libxcb-image0:0.4.0-2,Ubuntu,GPL-2.0-only AND GPL-2.0-or-later AND LicenseRef-MIT-X11
scenescape-controller,libxcb-keysyms1:0.4.0-1+b2,Ubuntu,GPL-2.0-only AND GPL-2.0-or-later AND LicenseRef-MIT-X11
scenescape-controller,libxcb-present0:1.15-1,Ubuntu,NOASSERTION
scenescape-controller,libxcb-randr0:1.15-1,Ubuntu,NOASSERTION
scenescape-controller,libxcb-render-util0:0.3.9-1+b1,Ubuntu,GPL-2.0-only AND GPL-2.0-or-later AND LicenseRef-MIT-X
scenescape-controller,libxcb-render0:1.15-1,Ubuntu,NOASSERTION
scenescape-controller,libxcb-shape0:1.15-1,Ubuntu,NOASSERTION
scenescape-controller,libxcb-shm0:1.15-1,Ubuntu,NOASSERTION
scenescape-controller,libxcb-sync1:1.15-1,Ubuntu,NOASSERTION
scenescape-controller,libxcb-util1:0.4.0-1+b1,Ubuntu,GPL-2.0-only AND GPL-2.0-or-later AND MIT
scenescape-controller,libxcb-xfixes0:1.15-1,Ubuntu,NOASSERTION
scenescape-controller,libxcb-xinerama0:1.15-1,Ubuntu,NOASSERTION
scenescape-controller,libxcb-xinput0:1.15-1,Ubuntu,NOASSERTION
scenescape-controller,libxcb-xkb1:1.15-1,Ubuntu,NOASSERTION
scenescape-controller,libxcb1:1.15-1,Ubuntu,NOASSERTION
scenescape-controller,libxdmcp6:1:1.1.2-3,Ubuntu,NOASSERTION
scenescape-controller,libxerces-c3.2:3.2.4+debian-1,Ubuntu,Apache-2.0 AND GPL-2.0-only AND GPL-2.0-or-later AND GPL-3.0-only AND GPL-3.0-or-later AND LicenseRef-X11-install-sh AND LicenseRef-permissive-configure AND LicenseRef-permissive-fsf AND LicenseRef-xerces-Apache-2.0
scenescape-controller,libxext6:2:1.3.4-1+b1,Ubuntu,NOASSERTION
scenescape-controller,libxfixes3:1:6.0.0-2,Ubuntu,NOASSERTION
scenescape-controller,libxkbcommon-x11-0:1.5.0-1,Ubuntu,NOASSERTION
scenescape-controller,libxkbcommon0:1.5.0-1,Ubuntu,NOASSERTION
scenescape-controller,libxml2:2.9.14+dfsg-1.3~deb12u5,Ubuntu,ISC AND LicenseRef-MIT-1
scenescape-controller,libxrender1:1:0.9.10-1.1,Ubuntu,NOASSERTION
scenescape-controller,libxshmfence1:1.3-1,Ubuntu,NOASSERTION
scenescape-controller,libxxf86vm1:1:1.1.4-1+b2,Ubuntu,NOASSERTION
scenescape-controller,libxxhash0:0.8.1-1,Ubuntu,BSD-2-Clause AND GPL-2.0-only
scenescape-controller,libz3-4:4.8.12-3.1,Ubuntu,LicenseRef-Expat AND GPL-2.0-only AND GPL-2.0-or-later
scenescape-controller,libzstd1:1.5.4+dfsg2-5,Ubuntu,BSD-3-Clause AND LicenseRef-Expat AND GPL-2.0-only AND Zlib
scenescape-controller,login:1:4.13+dfsg1-1+deb12u2,Ubuntu,BSD-3-Clause AND GPL-1.0-only AND GPL-2.0-only AND GPL-2.0-or-later AND LicenseRef-public-domain
scenescape-controller,logsave:1.47.0-2+b2,Ubuntu,Apache-2.0 AND Apache-2.0 AND BSD-3-Clause AND LicenseRef-GPL AND GPL-2.0-only AND GPL-2.0-or-later AND ISC AND Kazlib AND LGPL-2.0-only AND Latex2e
scenescape-controller,mapbox-earcut==1.0.3,pypi,NOASSERTION
scenescape-controller,mariadb-common:1:10.11.14-0+deb12u2,Ubuntu,LicenseRef-Artistic AND BSD-2-Clause AND BSD-2-Clause AND BSD-3-Clause AND GPL-2.0-only AND GPL-2.0-or-later AND LicenseRef-GPL-2--with-bison-exception AND LicenseRef-GPL-3--with-bison-exception AND LicenseRef-LGPL AND LGPL-2.0-only AND LGPL-2.0-or-later AND LGPL-2.1-only AND LGPL-2.1-or-later AND LicenseRef-SWsoft AND LicenseRef-public-domain AND LicenseRef-unlimited-free-doc AND LicenseRef-zlib-libpng
scenescape-controller,markupsafe==3.0.3,pypi,BSD-3-Clause
scenescape-controller,matplotlib==3.10.8,pypi,LicenseRef-3cb2c7aa8ec1f91fe59071d47f0d875cd1381b51d1cbf3ec8e225168c552597a
scenescape-controller,matplotlib-inline==0.2.1,pypi,NOASSERTION
scenescape-controller,mawk:1.3.4.20200120-3.1,Ubuntu,CC-BY-3.0 AND GPL-2.0-only AND X11
scenescape-controller,media-types:10.0.0,Ubuntu,LicenseRef-ad-hoc
scenescape-controller,more-itertools==10.8.0,pypi,MIT
scenescape-controller,mount:2.38.1-5+deb12u3,Ubuntu,BSD-3-Clause AND BSD-4-Clause AND LicenseRef-BSLA AND GPL-2.0-only AND GPL-2.0-or-later AND GPL-3.0-only AND GPL-3.0-or-later AND LicenseRef-LGPL AND LGPL-2.0-only AND LGPL-2.0-or-later AND LGPL-2.1-only AND LGPL-2.1-or-later AND LGPL-3.0-only AND LGPL-3.0-or-later AND MIT AND LicenseRef-public-domain
scenescape-controller,mysql-common:5.8+1.1.0,Ubuntu,GPL-2.0-only AND GPL-2.0-or-later
scenescape-controller,narwhals==2.18.0,pypi,MIT
scenescape-controller,nbformat==5.10.4,pypi,BSD-3-Clause
scenescape-controller,ncurses-base:6.4-4,Ubuntu,BSD-3-Clause AND LicenseRef-MIT-X11 AND X11
scenescape-controller,ncurses-bin:6.4-4,Ubuntu,BSD-3-Clause AND LicenseRef-MIT-X11 AND X11
scenescape-controller,nest-asyncio==1.6.0,pypi,LicenseRef-BSD
scenescape-controller,netbase:6.4,Ubuntu,GPL-2.0-only
scenescape-controller,ntplib==0.4.0,pypi,MIT
scenescape-controller,numpy==2.2.6,pypi,BSD-3-Clause
scenescape-controller,open3d@0.19.0,npm,MIT
scenescape-controller,open3d@0.19.0,npm,MIT
scenescape-controller,open3d-cpu==0.19.0,pypi,MIT
scenescape-controller,opencv-python-headless==4.12.0.88,pypi,LicenseRef-Apache-2.0
scenescape-controller,openssl:3.0.18-1~deb12u2,Ubuntu,Apache-2.0 AND LicenseRef-Artistic AND GPL-1.0-only AND GPL-1.0-or-later
scenescape-controller,opentelemetry-api==1.38.0,pypi,Apache-2.0
scenescape-controller,opentelemetry-exporter-otlp-proto-common==1.38.0,pypi,Apache-2.0
scenescape-controller,opentelemetry-exporter-otlp-proto-grpc==1.38.0,pypi,Apache-2.0
scenescape-controller,opentelemetry-proto==1.38.0,pypi,Apache-2.0
scenescape-controller,opentelemetry-sdk==1.38.0,pypi,Apache-2.0
scenescape-controller,opentelemetry-semantic-conventions==0.59b0,pypi,Apache-2.0
scenescape-controller,orjson==3.11.5,pypi,(Apache-2.0 OR MIT)
scenescape-controller,packaging==26.0,pypi,(Apache-2.0 OR BSD-2-Clause)
scenescape-controller,packaging==26.0,pypi,(Apache-2.0 OR BSD-2-Clause)
scenescape-controller,paho-mqtt==2.1.0,pypi,(EPL-2.0 OR BSD-3-Clause)
scenescape-controller,pandas==3.0.1,pypi,LicenseRef-6dc1ad62d707e8dda646a5461c66fff8e6497c8656e04ccee9a64d411b017d65
scenescape-controller,parso==0.8.6,pypi,MIT
scenescape-controller,passwd:1:4.13+dfsg1-1+deb12u2,Ubuntu,BSD-3-Clause AND GPL-1.0-only AND GPL-2.0-only AND GPL-2.0-or-later AND LicenseRef-public-domain
scenescape-controller,perl-base:5.36.0-7+deb12u3,Ubuntu,LicenseRef-Artistic AND Artistic-2.0 AND Artistic-dist AND BSD-3-Clause AND LicenseRef-BSD-3-clause-GENERIC AND LicenseRef-BSD-3-clause-with-weird-numbering AND LicenseRef-BSD-4-clause-POWERDOG AND LicenseRef-BZIP AND LicenseRef-DONT-CHANGE-THE-GPL AND LicenseRef-Expat AND GPL-1.0-only AND GPL-1.0-or-later AND GPL-2.0-only AND GPL-2.0-or-later AND LicenseRef-GPL-3--WITH-BISON-EXCEPTION AND LicenseRef-HSIEH-BSD AND LicenseRef-HSIEH-DERIVATIVE AND LGPL-2.1-only AND LicenseRef-REGCOMP AND LicenseRef-REGCOMP- AND LicenseRef-RRA-KEEP-THIS-NOTICE AND LicenseRef-SDBM-PUBLIC-DOMAIN AND LicenseRef-TEXT-TABS AND LicenseRef-Unicode AND Zlib
scenescape-controller,pexpect==4.9.0,pypi,LicenseRef-ISC-license
scenescape-controller,pillow==12.1.1,pypi,MIT-CMU
scenescape-controller,pillow==12.1.1,pypi,NOASSERTION
scenescape-controller,pip==23.0.1,pypi,MIT
scenescape-controller,pip==26.0.1,pypi,MIT
scenescape-controller,platformdirs==4.4.0,pypi,MIT
scenescape-controller,platformdirs==4.9.4,pypi,MIT
scenescape-controller,plotly==6.6.0,pypi,MIT
scenescape-controller,proj-data:9.1.1-1,Ubuntu,Apache-2.0 AND LicenseRef-Expat AND GPL-2.0-only AND GPL-2.0-or-later AND GPL-3.0-only AND GPL-3.0-or-later AND LicenseRef-LRUCache11 AND LicenseRef-public-domain
scenescape-controller,prompt-toolkit==3.0.52,pypi,NOASSERTION
scenescape-controller,protobuf==7.34.0,pypi,LicenseRef-3-Clause-BSD-License
scenescape-controller,ptyprocess==0.7.0,pypi,LicenseRef-UNKNOWN
scenescape-controller,pure-eval==0.2.3,pypi,MIT
scenescape-controller,pygments==2.19.2,pypi,BSD-2-Clause
scenescape-controller,pyparsing==3.3.2,pypi,MIT
scenescape-controller,pyquaternion==0.9.9,pypi,MIT
scenescape-controller,python:3.11.14,UNKNOWN,NOASSERTION
scenescape-controller,python-dateutil==2.9.0.post0,pypi,LicenseRef-Dual-License
scenescape-controller,python3:3.11.2-1+b1,Ubuntu,NOASSERTION
scenescape-controller,python3-distutils:3.11.2-3,Ubuntu,NOASSERTION
scenescape-controller,python3-lib2to3:3.11.2-3,Ubuntu,NOASSERTION
scenescape-controller,python3-minimal:3.11.2-1+b1,Ubuntu,NOASSERTION
scenescape-controller,python3-pip:23.0.1+dfsg-1,Ubuntu,Apache-2.0 AND LicenseRef-BSD-2 AND LicenseRef-BSD-3 AND LicenseRef-Expat AND ISC AND LGPL-2.1-only AND LGPL-2.1-or-later AND MPL-2.0 AND MPL-2.0 AND LicenseRef-Python
scenescape-controller,python3-pkg-resources:66.1.1-1+deb12u2,Ubuntu,Apache-2.0 AND BSD-3-Clause
scenescape-controller,python3-setuptools:66.1.1-1+deb12u2,Ubuntu,Apache-2.0 AND BSD-3-Clause
scenescape-controller,python3-wheel:0.38.4-2,Ubuntu,LicenseRef-Expat AND GPL-3.0-only
scenescape-controller,python3.11:3.11.2-6+deb12u6,Ubuntu,LicenseRef-By AND GPL-2.0-only AND LicenseRef-Permission AND LicenseRef-Redistribution AND LicenseRef-This
scenescape-controller,python3.11-minimal:3.11.2-6+deb12u6,Ubuntu,LicenseRef-By AND GPL-2.0-only AND LicenseRef-Permission AND LicenseRef-Redistribution AND LicenseRef-This
scenescape-controller,pyyaml==6.0.3,pypi,MIT
scenescape-controller,readline-common:8.2-1.3,Ubuntu,LicenseRef-GFDL AND LicenseRef-GFDL-NIV-1.3- AND GPL-2.0-only AND GPL-2.0-or-later AND GPL-3.0-only AND GPL-3.0-or-later AND LicenseRef-ISC-no-attribution
scenescape-controller,referencing==0.37.0,pypi,MIT
scenescape-controller,requests==2.32.5,pypi,Apache-2.0
scenescape-controller,retrying==1.4.2,pypi,Apache-2.0
scenescape-controller,rpds-py==0.30.0,pypi,MIT
scenescape-controller,scikit-learn==1.8.0,pypi,BSD-3-Clause
scenescape-controller,scikit_learn==1.8.0,pypi,NOASSERTION
scenescape-controller,scipy==1.16.3,pypi,BSD-3-Clause
scenescape-controller,sed:4.9-1,Ubuntu,BSD-4-Clause-UC AND BSL-1.0 AND GFDL-1.3-only AND LicenseRef-GFDL-NIV-1.3- AND GPL-3.0-only AND GPL-3.0-or-later AND ISC AND X11 AND LicenseRef-pcre
scenescape-controller,setuptools==66.1.1,pypi,NOASSERTION
scenescape-controller,setuptools==82.0.1,pypi,MIT
scenescape-controller,shapely==2.1.1,pypi,LicenseRef-BSD-3-Clause
scenescape-controller,shared-mime-info:2.2-1,Ubuntu,LicenseRef-GPL
scenescape-controller,six==1.17.0,pypi,MIT
scenescape-controller,stack-data==0.6.3,pypi,MIT
scenescape-controller,stdlib:go1.19.8,UNKNOWN,BSD-3-Clause
scenescape-controller,sudo:1.9.13p3-1+deb12u3,Ubuntu,BSD-2-Clause AND BSD-3-Clause AND ISC AND Zlib AND LicenseRef-other AND LicenseRef-public-domain
scenescape-controller,sysvinit-utils:3.06-4,Ubuntu,GPL-2.0-only AND GPL-2.0-only AND GPL-2.0-or-later AND GPL-3.0-only AND GPL-3.0-only
scenescape-controller,tar:1.34+dfsg-1.2+deb12u1,Ubuntu,GPL-2.0-only AND GPL-2.0-or-later AND GPL-3.0-only AND GPL-3.0-or-later AND LGPL-3.0-only AND LGPL-3.0-or-later
scenescape-controller,threadpoolctl==3.6.0,pypi,BSD-3-Clause
scenescape-controller,tomli==2.4.0,pypi,MIT
scenescape-controller,tqdm==4.67.3,pypi,(MPL-2.0 AND MIT)
scenescape-controller,traitlets==5.14.3,pypi,BSD-3-Clause
scenescape-controller,trimesh==4.11.2,pypi,MIT
scenescape-controller,typing-extensions==4.15.0,pypi,PSF-2.0
scenescape-controller,tzdata:2025b-0+deb12u2,Ubuntu,LicenseRef-public-domain
scenescape-controller,unixodbc-common:2.3.11-2+deb12u1,Ubuntu,GPL-2.0-only AND GPL-2.0-or-later AND LGPL-2.0-only AND LGPL-2.0-or-later AND LGPL-2.1-only AND LGPL-2.1-or-later AND LicenseRef-ppowell
scenescape-controller,urllib3==2.6.3,pypi,MIT
scenescape-controller,usr-is-merged:37~deb12u1,Ubuntu,GPL-2.0-only AND GPL-2.0-or-later
scenescape-controller,util-linux:2.38.1-5+deb12u3,Ubuntu,BSD-3-Clause AND BSD-4-Clause AND LicenseRef-BSLA AND GPL-2.0-only AND GPL-2.0-or-later AND GPL-3.0-only AND GPL-3.0-or-later AND LicenseRef-LGPL AND LGPL-2.0-only AND LGPL-2.0-or-later AND LGPL-2.1-only AND LGPL-2.1-or-later AND LGPL-3.0-only AND LGPL-3.0-or-later AND MIT AND LicenseRef-public-domain
scenescape-controller,util-linux-extra:2.38.1-5+deb12u3,Ubuntu,BSD-3-Clause AND BSD-4-Clause AND LicenseRef-BSLA AND GPL-2.0-only AND GPL-2.0-or-later AND GPL-3.0-only AND GPL-3.0-or-later AND LicenseRef-LGPL AND LGPL-2.0-only AND LGPL-2.0-or-later AND LGPL-2.1-only AND LGPL-2.1-or-later AND LGPL-3.0-only AND LGPL-3.0-or-later AND MIT AND LicenseRef-public-domain
scenescape-controller,vdms==0.0.22,pypi,MIT
scenescape-controller,wcwidth==0.6.0,pypi,MIT
scenescape-controller,werkzeug==3.1.6,pypi,BSD-3-Clause
scenescape-controller,wheel==0.38.4,pypi,MIT
scenescape-controller,wheel==0.46.3,pypi,MIT
scenescape-controller,wheel==0.46.3,pypi,MIT
scenescape-controller,widgetsnbextension==4.0.15,pypi,LicenseRef-BSD-3-Clause-License
scenescape-controller,x11-common:1:7.7+23,Ubuntu,LicenseRef-GPL
scenescape-controller,xkb-data:2.35.1-1,Ubuntu,NOASSERTION
scenescape-controller,zipp==3.23.0,pypi,MIT
scenescape-controller,zipp==3.23.0,pypi,MIT
scenescape-controller,zlib1g:1:1.2.13.dfsg-1,Ubuntu,Zlib
scenescape-controller,sbom,UNKNOWN,NOASSERTION
scenescape-manager,@jupyter-widgets/jupyterlab-manager@5.0.15,npm,BSD-3-Clause
scenescape-manager,@plotly/dash-jupyterlab@0.4.3,npm,MIT
scenescape-manager,Simple Launcher:1.1.0.14,UNKNOWN,NOASSERTION
scenescape-manager,Simple Launcher:1.1.0.14,UNKNOWN,NOASSERTION
scenescape-manager,Simple Launcher:1.1.0.14,UNKNOWN,NOASSERTION
scenescape-manager,Simple Launcher:1.1.0.14,UNKNOWN,NOASSERTION
scenescape-manager,Simple Launcher:1.1.0.14,UNKNOWN,NOASSERTION
scenescape-manager,Simple Launcher:1.1.0.14,UNKNOWN,NOASSERTION
scenescape-manager,addict==2.4.0,pypi,LicenseRef-UNKNOWN
scenescape-manager,adduser:3.134,Ubuntu,GPL-2.0-only AND GPL-2.0-or-later
scenescape-manager,aiofiles==25.1.0,pypi,Apache-2.0
scenescape-manager,apache2:2.4.66-1~deb12u1,Ubuntu,Apache-2.0 AND BSD-2-Clause-Darwin AND LicenseRef-BSD-3-clause-Cambridge AND LicenseRef-BSD-3-clause-Smrgrav AND LicenseRef-Cisco AND LicenseRef-Custom AND LicenseRef-Expat AND GPL-2.0-only AND GPL-2.0-or-later AND GPL-3.0-only AND GPL-3.0-or-later AND LicenseRef-Haines AND LicenseRef-MD5 AND LicenseRef-PCRE AND LicenseRef-Zeus
scenescape-manager,apache2-bin:2.4.66-1~deb12u1,Ubuntu,Apache-2.0 AND BSD-2-Clause-Darwin AND LicenseRef-BSD-3-clause-Cambridge AND LicenseRef-BSD-3-clause-Smrgrav AND LicenseRef-Cisco AND LicenseRef-Custom AND LicenseRef-Expat AND GPL-2.0-only AND GPL-2.0-or-later AND GPL-3.0-only AND GPL-3.0-or-later AND LicenseRef-Haines AND LicenseRef-MD5 AND LicenseRef-PCRE AND LicenseRef-Zeus
scenescape-manager,apache2-data:2.4.66-1~deb12u1,Ubuntu,Apache-2.0 AND BSD-2-Clause-Darwin AND LicenseRef-BSD-3-clause-Cambridge AND LicenseRef-BSD-3-clause-Smrgrav AND LicenseRef-Cisco AND LicenseRef-Custom AND LicenseRef-Expat AND GPL-2.0-only AND GPL-2.0-or-later AND GPL-3.0-only AND GPL-3.0-or-later AND LicenseRef-Haines AND LicenseRef-MD5 AND LicenseRef-PCRE AND LicenseRef-Zeus
scenescape-manager,apache2-utils:2.4.66-1~deb12u1,Ubuntu,Apache-2.0 AND BSD-2-Clause-Darwin AND LicenseRef-BSD-3-clause-Cambridge AND LicenseRef-BSD-3-clause-Smrgrav AND LicenseRef-Cisco AND LicenseRef-Custom AND LicenseRef-Expat AND GPL-2.0-only AND GPL-2.0-or-later AND GPL-3.0-only AND GPL-3.0-or-later AND LicenseRef-Haines AND LicenseRef-MD5 AND LicenseRef-PCRE AND LicenseRef-Zeus
scenescape-manager,apt:2.6.1,Ubuntu,BSD-3-Clause AND LicenseRef-Expat AND GPL-2.0-only AND GPL-2.0-or-later
scenescape-manager,asgiref==3.11.1,pypi,BSD-3-Clause
scenescape-manager,asttokens==3.0.1,pypi,LicenseRef-Apache-2.0
scenescape-manager,attrs==25.4.0,pypi,MIT
scenescape-manager,autocommand==2.2.2,pypi,LicenseRef-LGPLv3
scenescape-manager,backports-tarfile==1.2.0,pypi,NOASSERTION
scenescape-manager,base-files:12.4+deb12u13,Ubuntu,LicenseRef-GPL
scenescape-manager,base-passwd:3.6.1,Ubuntu,GPL-2.0-only AND LicenseRef-public-domain
scenescape-manager,bash:5.2.15-2+b10,Ubuntu,BSD-4-Clause-UC AND GFDL-1.3-only AND LicenseRef-GFDL-NIV-1.3 AND GPL-2.0-only AND GPL-2.0-or-later AND GPL-3.0-only AND GPL-3.0-or-later AND Latex2e AND LicenseRef-MIT-like AND LicenseRef-permissive
scenescape-manager,bindfs:1.14.7-1,Ubuntu,GPL-2.0-only
scenescape-manager,blinker==1.9.0,pypi,NOASSERTION
scenescape-manager,bsdutils:1:2.38.1-5+deb12u3,Ubuntu,BSD-3-Clause AND BSD-4-Clause AND LicenseRef-BSLA AND GPL-2.0-only AND GPL-2.0-or-later AND GPL-3.0-only AND GPL-3.0-or-later AND LicenseRef-LGPL AND LGPL-2.0-only AND LGPL-2.0-or-later AND LGPL-2.1-only AND LGPL-2.1-or-later AND LGPL-3.0-only AND LGPL-3.0-or-later AND MIT AND LicenseRef-public-domain
scenescape-manager,bzip2:1.0.8-5+b1,Ubuntu,LicenseRef-BSD-variant AND GPL-2.0-only
scenescape-manager,ca-certificates:20230311+deb12u1,Ubuntu,GPL-2.0-only AND GPL-2.0-or-later AND MPL-2.0
scenescape-manager,certifi==2026.2.25,pypi,MPL-2.0
scenescape-manager,cffi==2.0.0,pypi,MIT
scenescape-manager,charset-normalizer==3.4.5,pypi,MIT
scenescape-manager,cli:UNKNOWN,UNKNOWN,NOASSERTION
scenescape-manager,cli-32:UNKNOWN,UNKNOWN,NOASSERTION
scenescape-manager,cli-64:UNKNOWN,UNKNOWN,NOASSERTION
scenescape-manager,cli-arm64:UNKNOWN,UNKNOWN,NOASSERTION
scenescape-manager,click==8.3.1,pypi,BSD-3-Clause
scenescape-manager,comm==0.2.3,pypi,BSD-3-Clause
scenescape-manager,configargparse==1.7.5,pypi,MIT
scenescape-manager,contourpy==1.3.3,pypi,BSD-3-Clause
scenescape-manager,coreutils:9.1-1,Ubuntu,BSD-4-Clause-UC AND FSFULLR AND GFDL-1.3-only AND LicenseRef-GFDL-NIV-1.3 AND GPL-3.0-only AND GPL-3.0-or-later AND ISC
scenescape-manager,cryptography==46.0.5,pypi,(Apache-2.0 OR BSD-3-Clause)
scenescape-manager,curl:7.88.1-10+deb12u14,Ubuntu,BSD-3-Clause AND BSD-3-Clause AND BSD-4-Clause-UC AND FSFULLR AND GPL-2.0-only AND GPL-2.0-or-later AND GPL-3.0-or-later AND ISC AND OLDAP-2.8 AND X11 AND curl
scenescape-manager,cycler==0.12.1,pypi,BSD-3-Clause
scenescape-manager,dash:0.5.12-2,Ubuntu,BSD-3-Clause AND BSD-3-Clause AND GPL-2.0-only AND GPL-2.0-or-later AND LicenseRef-public-domain
scenescape-manager,dash==4.0.0,pypi,MIT
scenescape-manager,debconf:1.5.82,Ubuntu,BSD-2-Clause
scenescape-manager,debian-archive-keyring:2023.3+deb12u2,Ubuntu,LicenseRef-GPL
scenescape-manager,debianutils:5.7-0.5~deb12u1,Ubuntu,GPL-2.0-only AND GPL-2.0-or-later AND SMAIL-GPL AND LicenseRef-public-domain
scenescape-manager,decorator==5.2.1,pypi,BSD-2-Clause
scenescape-manager,diffutils:1:3.8-4,Ubuntu,FSFAP AND FSFULLR AND GFDL-1.3-only AND LicenseRef-GFDL-NIV-1.3 AND GPL-2.0-only AND GPL-2.0-or-later AND GPL-3.0-only AND GPL-3.0-or-later AND LGPL-2.0-only AND LGPL-2.0-or-later AND LGPL-2.1-only AND LGPL-2.1-or-later AND LGPL-3.0-only AND LGPL-3.0-or-later AND X11 AND LicenseRef-public-domain
scenescape-manager,django==5.2.12,pypi,BSD-3-Clause
scenescape-manager,django-axes==8.0.0,pypi,MIT
scenescape-manager,django-debug-toolbar==6.0.0,pypi,BSD-3-Clause
scenescape-manager,django-session-timeout==0.1.0,pypi,MIT
scenescape-manager,djangorestframework==3.16.1,pypi,LicenseRef-BSD
scenescape-manager,dpkg:1.21.22,Ubuntu,BSD-2-Clause AND GPL-2.0-only AND GPL-2.0-or-later AND LicenseRef-public-domain-s-s-d
scenescape-manager,durationpy==0.10,pypi,MIT
scenescape-manager,e2fsprogs:1.47.0-2+b2,Ubuntu,Apache-2.0 AND Apache-2.0 AND BSD-3-Clause AND LicenseRef-GPL AND GPL-2.0-only AND GPL-2.0-or-later AND ISC AND Kazlib AND LGPL-2.0-only AND Latex2e
scenescape-manager,executing==2.2.1,pypi,MIT
scenescape-manager,fastjsonschema==2.21.2,pypi,LicenseRef-BSD
scenescape-manager,ffmpeg:5.1.6,UNKNOWN,NOASSERTION
scenescape-manager,findutils:4.9.0-4,Ubuntu,BSD-3-Clause AND FSFAP AND FSFULLR AND GFDL-1.3-only AND LicenseRef-GFDL-NIV-1.3- AND LicenseRef-GPL AND GPL-2.0-only AND GPL-2.0-or-later AND GPL-3.0-only AND GPL-3.0-or-later AND ISC AND LGPL-2.0-only AND LGPL-2.0-or-later AND LGPL-2.1-only AND LGPL-2.1-or-later AND LGPL-3.0-only AND LGPL-3.0-or-later AND X11 AND LicenseRef-public-domain
scenescape-manager,flask==3.1.3,pypi,BSD-3-Clause
scenescape-manager,fonttools==4.62.0,pypi,MIT
scenescape-manager,fuse:2.9.9-6+b1,Ubuntu,GPL-2.0-only AND GPL-2.0-or-later AND LGPL-2.0-only
scenescape-manager,gcc-12-base:12.2.0-14+deb12u1,Ubuntu,LicenseRef-Artistic AND GFDL-1.2-only AND LicenseRef-GPL AND GPL-2.0-only AND GPL-3.0-only AND LicenseRef-LGPL
scenescape-manager,google-auth==2.49.0,pypi,LicenseRef-Apache-2.0
scenescape-manager,gpgv:2.2.40-1.1+deb12u2,Ubuntu,BSD-3-Clause AND CC0-1.0 AND LicenseRef-Expat AND GPL-3.0-only AND GPL-3.0-or-later AND LGPL-2.1-only AND LGPL-2.1-or-later AND LGPL-3.0-only AND LGPL-3.0-or-later AND LicenseRef-RFC-Reference AND LicenseRef-TinySCHEME AND LicenseRef-permissive
scenescape-manager,grep:3.8-5,Ubuntu,GPL-3.0-only AND GPL-3.0-or-later
scenescape-manager,gui:UNKNOWN,UNKNOWN,NOASSERTION
scenescape-manager,gui-32:UNKNOWN,UNKNOWN,NOASSERTION
scenescape-manager,gui-64:UNKNOWN,UNKNOWN,NOASSERTION
scenescape-manager,gui-arm64:UNKNOWN,UNKNOWN,NOASSERTION
scenescape-manager,gzip:1.12-1,Ubuntu,LicenseRef-FSF-manpages AND LicenseRef-GFDL-1.3--no-invariant AND LicenseRef-GFDL-3 AND GPL-3.0-only AND GPL-3.0-or-later
scenescape-manager,hostname:3.23+nmu1,Ubuntu,GPL-2.0-only
scenescape-manager,idna==3.11,pypi,BSD-3-Clause
scenescape-manager,importlib-metadata==8.7.1,pypi,Apache-2.0
scenescape-manager,importlib-metadata==8.7.1,pypi,Apache-2.0
scenescape-manager,init-system-helpers:1.65.2+deb12u1,Ubuntu,BSD-3-Clause AND GPL-2.0-only AND GPL-2.0-or-later
scenescape-manager,ipython==9.10.0,pypi,BSD-3-Clause
scenescape-manager,ipython-pygments-lexers==1.1.1,pypi,NOASSERTION
scenescape-manager,ipywidgets==8.1.8,pypi,LicenseRef-BSD-3-Clause-License
scenescape-manager,isodate==0.7.2,pypi,BSD-3-Clause
scenescape-manager,itsdangerous==2.2.0,pypi,NOASSERTION
scenescape-manager,jaraco-context==6.1.0,pypi,MIT
scenescape-manager,jaraco-functools==4.4.0,pypi,MIT
scenescape-manager,jaraco-text==4.0.0,pypi,NOASSERTION
scenescape-manager,jedi==0.19.2,pypi,MIT
scenescape-manager,jinja2==3.1.6,pypi,NOASSERTION
scenescape-manager,joblib==1.5.3,pypi,BSD-3-Clause
scenescape-manager,jsonschema==4.25.1,pypi,MIT
scenescape-manager,jsonschema-specifications==2025.9.1,pypi,MIT
scenescape-manager,jupyter-core==5.9.1,pypi,BSD-3-Clause
scenescape-manager,jupyterlab-plotly@6.0.1,npm,MIT
scenescape-manager,jupyterlab-plotly@6.0.1,npm,MIT
scenescape-manager,jupyterlab-widgets==3.0.16,pypi,BSD-3-Clause
scenescape-manager,kiwisolver==1.5.0,pypi,LicenseRef-4e89b2eeb82ea10ec61119c814f2ca0bbccdc22b72d0eb4f5542ef08f6a73ed2
scenescape-manager,kubernetes==33.1.0,pypi,LicenseRef-Apache-License-Version-2.0
scenescape-manager,libXau:1.0.9-3.el8,UNKNOWN,NOASSERTION
scenescape-manager,libacl1:2.3.1-3,Ubuntu,GPL-2.0-only AND GPL-2.0-or-later AND LGPL-2.0-or-later AND LGPL-2.1-only
scenescape-manager,libapache2-mod-wsgi-py3:4.9.4-1+b2,Ubuntu,Apache-2.0
scenescape-manager,libapr1:1.7.2-3+deb12u1,Ubuntu,Apache-2.0
scenescape-manager,libaprutil1:1.6.3-1,Ubuntu,Apache-2.0
scenescape-manager,libaprutil1-dbd-sqlite3:1.6.3-1,Ubuntu,Apache-2.0
scenescape-manager,libaprutil1-ldap:1.6.3-1,Ubuntu,Apache-2.0
scenescape-manager,libapt-pkg6.0:2.6.1,Ubuntu,BSD-3-Clause AND LicenseRef-Expat AND GPL-2.0-only AND GPL-2.0-or-later
scenescape-manager,libattr1:1:2.5.1-4,Ubuntu,GPL-2.0-only AND GPL-2.0-or-later AND LGPL-2.0-or-later AND LGPL-2.1-only
scenescape-manager,libaudit-common:1:3.0.9-1,Ubuntu,GPL-1.0-only AND GPL-2.0-only AND LGPL-2.1-only
scenescape-manager,libaudit1:1:3.0.9-1,Ubuntu,GPL-1.0-only AND GPL-2.0-only AND LGPL-2.1-only
scenescape-manager,libblkid1:2.38.1-5+deb12u3,Ubuntu,BSD-3-Clause AND BSD-4-Clause AND LicenseRef-BSLA AND GPL-2.0-only AND GPL-2.0-or-later AND GPL-3.0-only AND GPL-3.0-or-later AND LicenseRef-LGPL AND LGPL-2.0-only AND LGPL-2.0-or-later AND LGPL-2.1-only AND LGPL-2.1-or-later AND LGPL-3.0-only AND LGPL-3.0-or-later AND MIT AND LicenseRef-public-domain
scenescape-manager,libbrotli1:1.0.9-2+b6,Ubuntu,MIT
scenescape-manager,libbsd0:0.11.7-2,Ubuntu,BSD-2-Clause AND BSD-2-Clause AND LicenseRef-BSD-2-clause-author AND LicenseRef-BSD-2-clause-verbatim AND BSD-3-Clause AND LicenseRef-BSD-3-clause-John-Birrell AND LicenseRef-BSD-3-clause-Regents AND LicenseRef-BSD-3-clause-author AND LicenseRef-BSD-4-clause-Niels-Provos AND Beerware AND LicenseRef-Expat AND ISC AND LicenseRef-ISC-Original AND libutil-David-Nugent AND LicenseRef-public-domain
scenescape-manager,libbz2-1.0:1.0.8-5+b1,Ubuntu,LicenseRef-BSD-variant AND GPL-2.0-only
scenescape-manager,libc-bin:2.36-9+deb12u13,Ubuntu,GPL-2.0-only AND LGPL-2.1-only
scenescape-manager,libc6:2.36-9+deb12u13,Ubuntu,GPL-2.0-only AND LGPL-2.1-only
scenescape-manager,libcap-ng0:0.8.3-1+b3,Ubuntu,GPL-2.0-only AND GPL-2.0-or-later AND GPL-3.0-only AND LGPL-2.1-only AND LGPL-2.1-or-later
scenescape-manager,libcap2:1:2.66-4+deb12u2+b2,Ubuntu,BSD-3-Clause AND GPL-2.0-only AND GPL-2.0-or-later
scenescape-manager,libcjson1:1.7.15-1+deb12u4,Ubuntu,Apache-2.0 AND MIT
scenescape-manager,libcom-err2:1.47.0-2+b2,Ubuntu,Apache-2.0 AND Apache-2.0 AND BSD-3-Clause AND LicenseRef-GPL AND GPL-2.0-only AND GPL-2.0-or-later AND ISC AND Kazlib AND LGPL-2.0-only AND Latex2e
scenescape-manager,libcrypt1:1:4.4.33-2,Ubuntu,NOASSERTION
scenescape-manager,libcurl4:7.88.1-10+deb12u14,Ubuntu,BSD-3-Clause AND BSD-3-Clause AND BSD-4-Clause-UC AND FSFULLR AND GPL-2.0-only AND GPL-2.0-or-later AND GPL-3.0-or-later AND ISC AND OLDAP-2.8 AND X11 AND curl
scenescape-manager,libdb5.3:5.3.28+dfsg2-1,Ubuntu,LicenseRef-Artistic AND BSD-3-Clause AND LicenseRef-BSD-3-clause-fjord AND LicenseRef-GPL AND GPL-3.0-only AND LicenseRef-MIT-old AND MS-PL AND Sleepycat AND LicenseRef-TCL-like AND X11 AND Zlib
scenescape-manager,libdebconfclient0:0.270,Ubuntu,BSD-2-Clause AND BSD-2-Clause AND GPL-2.0-only AND GPL-2.0-or-later
scenescape-manager,libdrm-amdgpu1:2.4.114-1+b1,Ubuntu,NOASSERTION
scenescape-manager,libdrm-common:2.4.114-1,Ubuntu,NOASSERTION
scenescape-manager,libdrm-intel1:2.4.114-1+b1,Ubuntu,NOASSERTION
scenescape-manager,libdrm-nouveau2:2.4.114-1+b1,Ubuntu,NOASSERTION
scenescape-manager,libdrm-radeon1:2.4.114-1+b1,Ubuntu,NOASSERTION
scenescape-manager,libdrm2:2.4.114-1+b1,Ubuntu,NOASSERTION
scenescape-manager,libedit2:3.1-20221030-2,Ubuntu,BSD-3-Clause
scenescape-manager,libegl-mesa0:22.3.6-1+deb12u1,Ubuntu,Apache-2.0 AND BSD-2-Clause AND LicenseRef-BSD-3-google AND LicenseRef-BSL AND LicenseRef-GPL AND LicenseRef-Khronos AND MIT AND LicenseRef-MLAA AND LicenseRef-SGI
scenescape-manager,libegl1:1.6.0-1,Ubuntu,Apache-2.0 AND BSD-1-Clause AND LicenseRef-GPL AND GPL-3.0-only AND GPL-3.0-or-later AND MIT
scenescape-manager,libelf1:0.188-2.1,Ubuntu,BSD-2-Clause AND GFDL-1.3-only AND LicenseRef-GFDL-NIV-1.3 AND GPL-2.0-only AND GPL-3.0-only AND GPL-3.0-or-later AND LGPL-2.1-only AND LGPL-2.1-or-later AND LGPL-3.0-only AND LGPL-3.0-or-later
scenescape-manager,libexpat1:2.5.0-1+deb12u2,Ubuntu,MIT
scenescape-manager,libext2fs2:1.47.0-2+b2,Ubuntu,Apache-2.0 AND Apache-2.0 AND BSD-3-Clause AND LicenseRef-GPL AND GPL-2.0-only AND GPL-2.0-or-later AND ISC AND Kazlib AND LGPL-2.0-only AND Latex2e
scenescape-manager,libffi8:3.4.4-1,Ubuntu,LicenseRef-Expat AND LicenseRef-GPL AND GPL-2.0-or-later AND GPL-3.0-or-later AND MPL-1.1 AND X11 AND LicenseRef-public-domain
scenescape-manager,libfuse2:2.9.9-6+b1,Ubuntu,GPL-2.0-only AND GPL-2.0-or-later AND LGPL-2.0-only
scenescape-manager,libgbm1:22.3.6-1+deb12u1,Ubuntu,Apache-2.0 AND BSD-2-Clause AND LicenseRef-BSD-3-google AND LicenseRef-BSL AND LicenseRef-GPL AND LicenseRef-Khronos AND MIT AND LicenseRef-MLAA AND LicenseRef-SGI
scenescape-manager,libgcc-s1:12.2.0-14+deb12u1,Ubuntu,LicenseRef-Artistic AND GFDL-1.2-only AND LicenseRef-GPL AND GPL-2.0-only AND GPL-3.0-only AND LicenseRef-LGPL
scenescape-manager,libgcrypt20:1.10.1-3,Ubuntu,GPL-2.0-only AND LicenseRef-LGPL
scenescape-manager,libgdbm-compat4:1.23-3,Ubuntu,LicenseRef-GFDL-NIV-1.3- AND GPL-2.0-only AND GPL-2.0-or-later AND GPL-3.0-only AND GPL-3.0-or-later
scenescape-manager,libgdbm6:1.23-3,Ubuntu,LicenseRef-GFDL-NIV-1.3- AND GPL-2.0-only AND GPL-2.0-or-later AND GPL-3.0-only AND GPL-3.0-or-later
scenescape-manager,libgl1:1.6.0-1,Ubuntu,Apache-2.0 AND BSD-1-Clause AND LicenseRef-GPL AND GPL-3.0-only AND GPL-3.0-or-later AND MIT
scenescape-manager,libgl1-mesa-dri:22.3.6-1+deb12u1,Ubuntu,Apache-2.0 AND BSD-2-Clause AND LicenseRef-BSD-3-google AND LicenseRef-BSL AND LicenseRef-GPL AND LicenseRef-Khronos AND MIT AND LicenseRef-MLAA AND LicenseRef-SGI
scenescape-manager,libglapi-mesa:22.3.6-1+deb12u1,Ubuntu,Apache-2.0 AND BSD-2-Clause AND LicenseRef-BSD-3-google AND LicenseRef-BSL AND LicenseRef-GPL AND LicenseRef-Khronos AND MIT AND LicenseRef-MLAA AND LicenseRef-SGI
scenescape-manager,libglib2.0-0:2.74.6-2+deb12u8,Ubuntu,AFL-2.0 AND Apache-2.0 AND LicenseRef-BSD-3-clause-pcre AND CC-BY-SA-3.0 AND CC0-1.0 AND LicenseRef-Expat AND FSFULLR AND GPL-2.0-only AND GPL-2.0-or-later AND LicenseRef-Iconv-PD AND LicenseRef-Janik-permissive AND LicenseRef-Kuchling-PD AND LGPL-2.0-only AND LGPL-2.0-or-later AND LGPL-2.1-only AND LGPL-2.1-or-later AND LGPL-3.0-only AND LGPL-3.0-or-later AND LicenseRef-Mingw-PD AND LicenseRef-Old-GLib-Tests-permissive AND LicenseRef-Plumb-PD AND Unicode-DFS-2016 AND bzip2-1.0.6
scenescape-manager,libglvnd0:1.6.0-1,Ubuntu,Apache-2.0 AND BSD-1-Clause AND LicenseRef-GPL AND GPL-3.0-only AND GPL-3.0-or-later AND MIT
scenescape-manager,libglx-mesa0:22.3.6-1+deb12u1,Ubuntu,Apache-2.0 AND BSD-2-Clause AND LicenseRef-BSD-3-google AND LicenseRef-BSL AND LicenseRef-GPL AND LicenseRef-Khronos AND MIT AND LicenseRef-MLAA AND LicenseRef-SGI
scenescape-manager,libglx0:1.6.0-1,Ubuntu,Apache-2.0 AND BSD-1-Clause AND LicenseRef-GPL AND GPL-3.0-only AND GPL-3.0-or-later AND MIT
scenescape-manager,libgmp10:2:6.2.1+dfsg1-1.1,Ubuntu,GPL-2.0-only AND GPL-2.0-or-later AND GPL-3.0-only AND GPL-3.0-or-later AND LGPL-3.0-only AND LGPL-3.0-or-later
scenescape-manager,libgnutls30:3.7.9-2+deb12u6,Ubuntu,Apache-2.0 AND BSD-3-Clause AND LicenseRef-CC0 AND LicenseRef-Expat AND GFDL-1.3-only AND LicenseRef-GPL AND GPL-3.0-only AND LicenseRef-GPLv3- AND LicenseRef-LGPL AND LGPL-3.0-only AND LicenseRef-LGPLv2.1- AND LicenseRef-LGPLv3--or-GPLv2- AND LicenseRef-The
scenescape-manager,libgomp:8.5.0-28.el8_10.alma.1,UNKNOWN,NOASSERTION
scenescape-manager,libgomp1:12.2.0-14+deb12u1,Ubuntu,LicenseRef-Artistic AND GFDL-1.2-only AND LicenseRef-GPL AND GPL-2.0-only AND GPL-3.0-only AND LicenseRef-LGPL
scenescape-manager,libgpg-error0:1.46-1,Ubuntu,BSD-3-Clause AND GPL-3.0-only AND GPL-3.0-or-later AND LGPL-2.1-only AND LGPL-2.1-or-later AND LicenseRef-g10-permissive
scenescape-manager,libgssapi-krb5-2:1.20.1-2+deb12u4,Ubuntu,GPL-2.0-only
scenescape-manager,libhogweed6:3.8.1-2,Ubuntu,LicenseRef-Expat AND LicenseRef-GAP AND LicenseRef-GPL AND GPL-2.0-only AND GPL-2.0-or-later AND GPL-3.0-or-later AND LicenseRef-LGPL AND LGPL-2.0-only AND LGPL-2.0-or-later AND LGPL-3.0-or-later AND LicenseRef-public-domain
scenescape-manager,libicu72:72.1-3+deb12u1,Ubuntu,GPL-3.0-only AND MIT
scenescape-manager,libidn2-0:2.3.3-1+b1,Ubuntu,GPL-2.0-only AND GPL-2.0-or-later AND GPL-3.0-only AND GPL-3.0-or-later AND LGPL-3.0-only AND LGPL-3.0-or-later AND LicenseRef-Unicode
scenescape-manager,libjansson4:2.14-2,Ubuntu,LicenseRef-Expat
scenescape-manager,libk5crypto3:1.20.1-2+deb12u4,Ubuntu,GPL-2.0-only
scenescape-manager,libkeyutils1:1.6.3-2,Ubuntu,GPL-2.0-only AND GPL-2.0-or-later AND LGPL-2.0-only AND LGPL-2.0-or-later
scenescape-manager,libkrb5-3:1.20.1-2+deb12u4,Ubuntu,GPL-2.0-only
scenescape-manager,libkrb5support0:1.20.1-2+deb12u4,Ubuntu,GPL-2.0-only
scenescape-manager,libldap-2.5-0:2.5.13+dfsg-5,Ubuntu,BSD-3-Clause AND LicenseRef-BSD-3-clause-California AND LicenseRef-BSD-3-clause-variant AND LicenseRef-BSD-4-clause-California AND Beerware AND LicenseRef-Expat AND LicenseRef-Expat-ISC AND LicenseRef-Expat-UNM AND LicenseRef-F5 AND LicenseRef-FSF-unlimited AND GPL-2.0-only AND GPL-2.0-or-later AND GPL-3.0-only AND GPL-3.0-or-later AND LicenseRef-JCG AND LicenseRef-MIT-XC AND LicenseRef-NeoSoft-permissive AND LicenseRef-OpenLDAP-2.8 AND LicenseRef-UMich AND LicenseRef-public-domain
scenescape-manager,libllvm15:1:15.0.6-4+b1,Ubuntu,LicenseRef-APACHE-2-LLVM-EXCEPTIONS AND Apache-2.0 AND BSD-3-Clause AND BSD-3-Clause AND MIT AND LicenseRef-Python AND LicenseRef-solar-public-domain
scenescape-manager,liblua5.3-0:5.3.6-2,Ubuntu,LicenseRef-Expat
scenescape-manager,liblz4-1:1.9.4-1,Ubuntu,BSD-2-Clause AND GPL-2.0-only AND GPL-2.0-or-later
scenescape-manager,liblzma5:5.4.1-1,Ubuntu,LicenseRef-Autoconf AND GPL-2.0-only AND GPL-2.0-or-later AND GPL-3.0-only AND LGPL-2.0-only AND LGPL-2.1-only AND LGPL-2.1-or-later AND LicenseRef-PD AND LicenseRef-PD-debian AND LicenseRef-config-h AND LicenseRef-noderivs AND LicenseRef-permissive-fsf AND LicenseRef-permissive-nowarranty AND LicenseRef-probably-PD
scenescape-manager,libmd0:1.0.4-2,Ubuntu,BSD-2-Clause AND BSD-2-Clause AND BSD-3-Clause AND LicenseRef-BSD-3-clause-Aaron-D-Gifford AND Beerware AND ISC AND LicenseRef-public-domain-md4 AND LicenseRef-public-domain-md5 AND LicenseRef-public-domain-sha1
scenescape-manager,libmosquitto1:2.0.11-1.2+deb12u2,Ubuntu,BSD-1-Clause AND LicenseRef-EDL-1.0 AND EPL-2.0
scenescape-manager,libmount1:2.38.1-5+deb12u3,Ubuntu,BSD-3-Clause AND BSD-4-Clause AND LicenseRef-BSLA AND GPL-2.0-only AND GPL-2.0-or-later AND GPL-3.0-only AND GPL-3.0-or-later AND LicenseRef-LGPL AND LGPL-2.0-only AND LGPL-2.0-or-later AND LGPL-2.1-only AND LGPL-2.1-or-later AND LGPL-3.0-only AND LGPL-3.0-or-later AND MIT AND LicenseRef-public-domain
scenescape-manager,libncursesw6:6.4-4,Ubuntu,BSD-3-Clause AND LicenseRef-MIT-X11 AND X11
scenescape-manager,libnettle8:3.8.1-2,Ubuntu,LicenseRef-Expat AND LicenseRef-GAP AND LicenseRef-GPL AND GPL-2.0-only AND GPL-2.0-or-later AND GPL-3.0-or-later AND LicenseRef-LGPL AND LGPL-2.0-only AND LGPL-2.0-or-later AND LGPL-3.0-or-later AND LicenseRef-public-domain
scenescape-manager,libnghttp2-14:1.52.0-1+deb12u2,Ubuntu,BSD-2-Clause AND LicenseRef-Expat AND GPL-3.0-only AND GPL-3.0-or-later AND MIT AND LicenseRef-all-permissive
scenescape-manager,libnsl2:1.3.0-2,Ubuntu,BSD-3-Clause AND GPL-2.0-only AND LicenseRef-GPL-2--autoconf-exception AND LicenseRef-GPL-2--libtool-exception AND GPL-3.0-only AND LicenseRef-GPL-3--autoconf-exception AND LGPL-2.1-only AND LGPL-2.1-or-later AND MIT AND LicenseRef-permissive-autoconf-m4 AND LicenseRef-permissive-autoconf-m4-no-warranty AND LicenseRef-permissive-configure AND LicenseRef-permissive-fsf AND LicenseRef-permissive-makefile-in
scenescape-manager,libp11-kit0:0.24.1-2,Ubuntu,Apache-2.0 AND BSD-3-Clause AND ISC AND LicenseRef-ISC-IBM AND LGPL-2.1-only AND LGPL-2.1-or-later AND LicenseRef-permissive-like-automake-output AND LicenseRef-same-as-rest-of-p11kit
scenescape-manager,libpam-modules:1.5.2-6+deb12u2,Ubuntu,BSD-3-Clause AND LicenseRef-BSD-tcp-wrappers AND Beerware AND LicenseRef-GPL AND GPL-2.0-only AND GPL-2.0-or-later AND GPL-3.0-only AND GPL-3.0-or-later AND LGPL-2.0-only AND LGPL-2.0-or-later AND LicenseRef-public-domain
scenescape-manager,libpam-modules-bin:1.5.2-6+deb12u2,Ubuntu,BSD-3-Clause AND LicenseRef-BSD-tcp-wrappers AND Beerware AND LicenseRef-GPL AND GPL-2.0-only AND GPL-2.0-or-later AND GPL-3.0-only AND GPL-3.0-or-later AND LGPL-2.0-only AND LGPL-2.0-or-later AND LicenseRef-public-domain
scenescape-manager,libpam-runtime:1.5.2-6+deb12u2,Ubuntu,BSD-3-Clause AND LicenseRef-BSD-tcp-wrappers AND Beerware AND LicenseRef-GPL AND GPL-2.0-only AND GPL-2.0-or-later AND GPL-3.0-only AND GPL-3.0-or-later AND LGPL-2.0-only AND LGPL-2.0-or-later AND LicenseRef-public-domain
scenescape-manager,libpam0g:1.5.2-6+deb12u2,Ubuntu,BSD-3-Clause AND LicenseRef-BSD-tcp-wrappers AND Beerware AND LicenseRef-GPL AND GPL-2.0-only AND GPL-2.0-or-later AND GPL-3.0-only AND GPL-3.0-or-later AND LGPL-2.0-only AND LGPL-2.0-or-later AND LicenseRef-public-domain
scenescape-manager,libpciaccess0:0.17-2,Ubuntu,LicenseRef-GPL
scenescape-manager,libpcre2-8-0:10.42-1,Ubuntu,BSD-2-Clause AND BSD-3-Clause AND LicenseRef-BSD-3-clause-Cambridge AND X11 AND LicenseRef-public-domain
scenescape-manager,libperl5.36:5.36.0-7+deb12u3,Ubuntu,LicenseRef-Artistic AND Artistic-2.0 AND Artistic-dist AND BSD-3-Clause AND LicenseRef-BSD-3-clause-GENERIC AND LicenseRef-BSD-3-clause-with-weird-numbering AND LicenseRef-BSD-4-clause-POWERDOG AND LicenseRef-BZIP AND LicenseRef-DONT-CHANGE-THE-GPL AND LicenseRef-Expat AND GPL-1.0-only AND GPL-1.0-or-later AND GPL-2.0-only AND GPL-2.0-or-later AND LicenseRef-GPL-3--WITH-BISON-EXCEPTION AND LicenseRef-HSIEH-BSD AND LicenseRef-HSIEH-DERIVATIVE AND LGPL-2.1-only AND LicenseRef-REGCOMP AND LicenseRef-REGCOMP- AND LicenseRef-RRA-KEEP-THIS-NOTICE AND LicenseRef-SDBM-PUBLIC-DOMAIN AND LicenseRef-TEXT-TABS AND LicenseRef-Unicode AND Zlib
scenescape-manager,libproc2-0:2:4.0.2-3,Ubuntu,GPL-2.0-only AND GPL-2.0-or-later AND LGPL-2.0-only AND LGPL-2.0-or-later AND LGPL-2.1-only AND LGPL-2.1-or-later
scenescape-manager,libpsl5:0.21.2-1,Ubuntu,LicenseRef-Chromium AND MIT AND LicenseRef-gnulib
scenescape-manager,libpython3-stdlib:3.11.2-1+b1,Ubuntu,NOASSERTION
scenescape-manager,libpython3.11:3.11.2-6+deb12u6,Ubuntu,LicenseRef-By AND GPL-2.0-only AND LicenseRef-Permission AND LicenseRef-Redistribution AND LicenseRef-This
scenescape-manager,libpython3.11-minimal:3.11.2-6+deb12u6,Ubuntu,LicenseRef-By AND GPL-2.0-only AND LicenseRef-Permission AND LicenseRef-Redistribution AND LicenseRef-This
scenescape-manager,libpython3.11-stdlib:3.11.2-6+deb12u6,Ubuntu,LicenseRef-By AND GPL-2.0-only AND LicenseRef-Permission AND LicenseRef-Redistribution AND LicenseRef-This
scenescape-manager,libreadline8:8.2-1.3,Ubuntu,LicenseRef-GFDL AND LicenseRef-GFDL-NIV-1.3- AND GPL-2.0-only AND GPL-2.0-or-later AND GPL-3.0-only AND GPL-3.0-or-later AND LicenseRef-ISC-no-attribution
scenescape-manager,librtmp1:2.4+20151223.gitfa8646d.1-2+b2,Ubuntu,GPL-2.0-only AND LGPL-2.1-only
scenescape-manager,libsasl2-2:2.1.28+dfsg-10,Ubuntu,BSD-2-Clause AND LicenseRef-BSD-2.2-clause AND BSD-3-Clause AND LicenseRef-BSD-3-clause-JANET AND LicenseRef-BSD-3-clause-PADL AND BSD-4-Clause AND LicenseRef-BSD-4-clause-KTH AND BSD-4-Clause-UC AND FSFULLR AND GPL-3.0-only AND GPL-3.0-or-later AND LicenseRef-IBM-as-is AND MIT-CMU AND LicenseRef-MIT-Export AND LicenseRef-MIT-OpenVision AND LicenseRef-OpenLDAP AND OpenSSL AND RSA-MD AND LicenseRef-SSLeay
scenescape-manager,libsasl2-modules-db:2.1.28+dfsg-10,Ubuntu,BSD-2-Clause AND LicenseRef-BSD-2.2-clause AND BSD-3-Clause AND LicenseRef-BSD-3-clause-JANET AND LicenseRef-BSD-3-clause-PADL AND BSD-4-Clause AND LicenseRef-BSD-4-clause-KTH AND BSD-4-Clause-UC AND FSFULLR AND GPL-3.0-only AND GPL-3.0-or-later AND LicenseRef-IBM-as-is AND MIT-CMU AND LicenseRef-MIT-Export AND LicenseRef-MIT-OpenVision AND LicenseRef-OpenLDAP AND OpenSSL AND RSA-MD AND LicenseRef-SSLeay
scenescape-manager,libseccomp2:2.5.4-1+deb12u1,Ubuntu,LGPL-2.1-only
scenescape-manager,libselinux1:3.4-1+b6,Ubuntu,GPL-2.0-only AND LGPL-2.1-only
scenescape-manager,libsemanage-common:3.4-1,Ubuntu,LicenseRef-GPL AND LicenseRef-LGPL
scenescape-manager,libsemanage2:3.4-1+b5,Ubuntu,LicenseRef-GPL AND LicenseRef-LGPL
scenescape-manager,libsensors-config:1:3.6.0-7.1,Ubuntu,GPL-2.0-only AND LGPL-2.1-only
scenescape-manager,libsensors5:1:3.6.0-7.1,Ubuntu,GPL-2.0-only AND LGPL-2.1-only
scenescape-manager,libsepol2:3.4-2.1,Ubuntu,GPL-2.0-only AND GPL-2.0-or-later AND LGPL-2.1-only AND LGPL-2.1-or-later AND Zlib
scenescape-manager,libsmartcols1:2.38.1-5+deb12u3,Ubuntu,BSD-3-Clause AND BSD-4-Clause AND LicenseRef-BSLA AND GPL-2.0-only AND GPL-2.0-or-later AND GPL-3.0-only AND GPL-3.0-or-later AND LicenseRef-LGPL AND LGPL-2.0-only AND LGPL-2.0-or-later AND LGPL-2.1-only AND LGPL-2.1-or-later AND LGPL-3.0-only AND LGPL-3.0-or-later AND MIT AND LicenseRef-public-domain
scenescape-manager,libsqlite3-0:3.40.1-2+deb12u2,Ubuntu,GPL-2.0-only AND GPL-2.0-or-later AND LicenseRef-public-domain
scenescape-manager,libss2:1.47.0-2+b2,Ubuntu,Apache-2.0 AND Apache-2.0 AND BSD-3-Clause AND LicenseRef-GPL AND GPL-2.0-only AND GPL-2.0-or-later AND ISC AND Kazlib AND LGPL-2.0-only AND Latex2e
scenescape-manager,libssh2-1:1.10.0-3+b1,Ubuntu,LicenseRef-BSD3
scenescape-manager,libssl3:3.0.18-1~deb12u2,Ubuntu,Apache-2.0 AND LicenseRef-Artistic AND GPL-1.0-only AND GPL-1.0-or-later
scenescape-manager,libstdc++6:12.2.0-14+deb12u1,Ubuntu,LicenseRef-Artistic AND GFDL-1.2-only AND LicenseRef-GPL AND GPL-2.0-only AND GPL-3.0-only AND LicenseRef-LGPL
scenescape-manager,libsystemd0:252.39-1~deb12u1,Ubuntu,CC0-1.0 AND LicenseRef-Expat AND GPL-2.0-only AND GPL-2.0-or-later AND LGPL-2.1-only AND LGPL-2.1-or-later AND LicenseRef-public-domain
scenescape-manager,libtasn1-6:4.19.0-2+deb12u1,Ubuntu,GFDL-1.3-only AND GPL-3.0-only AND LicenseRef-LGPL AND LGPL-2.1-only
scenescape-manager,libtinfo6:6.4-4,Ubuntu,BSD-3-Clause AND LicenseRef-MIT-X11 AND X11
scenescape-manager,libtirpc-common:1.3.3+ds-1,Ubuntu,BSD-3-Clause AND GPL-2.0-only AND LGPL-2.1-only
scenescape-manager,libtirpc3:1.3.3+ds-1,Ubuntu,BSD-3-Clause AND GPL-2.0-only AND LGPL-2.1-only
scenescape-manager,libudev1:252.39-1~deb12u1,Ubuntu,CC0-1.0 AND LicenseRef-Expat AND GPL-2.0-only AND GPL-2.0-or-later AND LGPL-2.1-only AND LGPL-2.1-or-later AND LicenseRef-public-domain
scenescape-manager,libunistring2:1.0-2,Ubuntu,LicenseRef-FreeSoftware AND GFDL-1.2-only AND GFDL-1.2-or-later AND GPL-2.0-only AND GPL-2.0-or-later AND GPL-3.0-only AND GPL-3.0-or-later AND LGPL-3.0-only AND LGPL-3.0-or-later AND MIT
scenescape-manager,libuuid1:2.38.1-5+deb12u3,Ubuntu,BSD-3-Clause AND BSD-4-Clause AND LicenseRef-BSLA AND GPL-2.0-only AND GPL-2.0-or-later AND GPL-3.0-only AND GPL-3.0-or-later AND LicenseRef-LGPL AND LGPL-2.0-only AND LGPL-2.0-or-later AND LGPL-2.1-only AND LGPL-2.1-or-later AND LGPL-3.0-only AND LGPL-3.0-or-later AND MIT AND LicenseRef-public-domain
scenescape-manager,libwayland-client0:1.21.0-1,Ubuntu,X11
scenescape-manager,libwayland-server0:1.21.0-1,Ubuntu,X11
scenescape-manager,libx11-6:2:1.8.4-2+deb12u2,Ubuntu,NOASSERTION
scenescape-manager,libx11-data:2:1.8.4-2+deb12u2,Ubuntu,NOASSERTION
scenescape-manager,libx11-xcb1:2:1.8.4-2+deb12u2,Ubuntu,NOASSERTION
scenescape-manager,libxau6:1:1.0.9-1,Ubuntu,NOASSERTION
scenescape-manager,libxcb-dri2-0:1.15-1,Ubuntu,NOASSERTION
scenescape-manager,libxcb-dri3-0:1.15-1,Ubuntu,NOASSERTION
scenescape-manager,libxcb-glx0:1.15-1,Ubuntu,NOASSERTION
scenescape-manager,libxcb-present0:1.15-1,Ubuntu,NOASSERTION
scenescape-manager,libxcb-randr0:1.15-1,Ubuntu,NOASSERTION
scenescape-manager,libxcb-shm0:1.15-1,Ubuntu,NOASSERTION
scenescape-manager,libxcb-sync1:1.15-1,Ubuntu,NOASSERTION
scenescape-manager,libxcb-xfixes0:1.15-1,Ubuntu,NOASSERTION
scenescape-manager,libxcb1:1.15-1,Ubuntu,NOASSERTION
scenescape-manager,libxdmcp6:1:1.1.2-3,Ubuntu,NOASSERTION
scenescape-manager,libxext6:2:1.3.4-1+b1,Ubuntu,NOASSERTION
scenescape-manager,libxfixes3:1:6.0.0-2,Ubuntu,NOASSERTION
scenescape-manager,libxml2:2.9.14+dfsg-1.3~deb12u5,Ubuntu,ISC AND LicenseRef-MIT-1
scenescape-manager,libxshmfence1:1.3-1,Ubuntu,NOASSERTION
scenescape-manager,libxxf86vm1:1:1.1.4-1+b2,Ubuntu,NOASSERTION
scenescape-manager,libxxhash0:0.8.1-1,Ubuntu,BSD-2-Clause AND GPL-2.0-only
scenescape-manager,libz3-4:4.8.12-3.1,Ubuntu,LicenseRef-Expat AND GPL-2.0-only AND GPL-2.0-or-later
scenescape-manager,libzstd1:1.5.4+dfsg2-5,Ubuntu,BSD-3-Clause AND LicenseRef-Expat AND GPL-2.0-only AND Zlib
scenescape-manager,login:1:4.13+dfsg1-1+deb12u2,Ubuntu,BSD-3-Clause AND GPL-1.0-only AND GPL-2.0-only AND GPL-2.0-or-later AND LicenseRef-public-domain
scenescape-manager,logsave:1.47.0-2+b2,Ubuntu,Apache-2.0 AND Apache-2.0 AND BSD-3-Clause AND LicenseRef-GPL AND GPL-2.0-only AND GPL-2.0-or-later AND ISC AND Kazlib AND LGPL-2.0-only AND Latex2e
scenescape-manager,lxml==6.0.2,pypi,BSD-3-Clause
scenescape-manager,manager==2026.0.0rc2,pypi,Apache-2.0
scenescape-manager,manager==2026.0.0rc2,pypi,Apache-2.0
scenescape-manager,markupsafe==3.0.3,pypi,BSD-3-Clause
scenescape-manager,matplotlib==3.10.8,pypi,LicenseRef-3cb2c7aa8ec1f91fe59071d47f0d875cd1381b51d1cbf3ec8e225168c552597a
scenescape-manager,matplotlib-inline==0.2.1,pypi,NOASSERTION
scenescape-manager,mawk:1.3.4.20200120-3.1,Ubuntu,CC-BY-3.0 AND GPL-2.0-only AND X11
scenescape-manager,media-types:10.0.0,Ubuntu,LicenseRef-ad-hoc
scenescape-manager,more-itertools==10.8.0,pypi,MIT
scenescape-manager,mosquitto-clients:2.0.11-1.2+deb12u2,Ubuntu,BSD-1-Clause AND LicenseRef-EDL-1.0 AND EPL-2.0
scenescape-manager,mount:2.38.1-5+deb12u3,Ubuntu,BSD-3-Clause AND BSD-4-Clause AND LicenseRef-BSLA AND GPL-2.0-only AND GPL-2.0-or-later AND GPL-3.0-only AND GPL-3.0-or-later AND LicenseRef-LGPL AND LGPL-2.0-only AND LGPL-2.0-or-later AND LGPL-2.1-only AND LGPL-2.1-or-later AND LGPL-3.0-only AND LGPL-3.0-or-later AND MIT AND LicenseRef-public-domain
scenescape-manager,narwhals==2.18.0,pypi,MIT
scenescape-manager,nbformat==5.10.4,pypi,BSD-3-Clause
scenescape-manager,ncurses-base:6.4-4,Ubuntu,BSD-3-Clause AND LicenseRef-MIT-X11 AND X11
scenescape-manager,ncurses-bin:6.4-4,Ubuntu,BSD-3-Clause AND LicenseRef-MIT-X11 AND X11
scenescape-manager,nest-asyncio==1.6.0,pypi,LicenseRef-BSD
scenescape-manager,netbase:6.4,Ubuntu,GPL-2.0-only
scenescape-manager,netcat-openbsd:1.219-1,Ubuntu,BSD-2-Clause AND BSD-3-Clause
scenescape-manager,numpy==2.2.6,pypi,BSD-3-Clause
scenescape-manager,oauthlib==3.3.1,pypi,BSD-3-Clause
scenescape-manager,onvif-zeep==0.2.12,pypi,MIT
scenescape-manager,open3d@0.19.0,npm,MIT
scenescape-manager,open3d@0.19.0,npm,MIT
scenescape-manager,open3d-cpu==0.19.0,pypi,MIT
scenescape-manager,opencv-python-headless==4.12.0.88,pypi,LicenseRef-Apache-2.0
scenescape-manager,openssl:3.0.18-1~deb12u2,Ubuntu,Apache-2.0 AND LicenseRef-Artistic AND GPL-1.0-only AND GPL-1.0-or-later
scenescape-manager,packaging==26.0,pypi,(Apache-2.0 OR BSD-2-Clause)
scenescape-manager,packaging==26.0,pypi,(Apache-2.0 OR BSD-2-Clause)
scenescape-manager,paho-mqtt==2.1.0,pypi,(EPL-2.0 OR BSD-3-Clause)
scenescape-manager,pandas==3.0.1,pypi,LicenseRef-6dc1ad62d707e8dda646a5461c66fff8e6497c8656e04ccee9a64d411b017d65
scenescape-manager,parso==0.8.6,pypi,MIT
scenescape-manager,passwd:1:4.13+dfsg1-1+deb12u2,Ubuntu,BSD-3-Clause AND GPL-1.0-only AND GPL-2.0-only AND GPL-2.0-or-later AND LicenseRef-public-domain
scenescape-manager,perl:5.36.0-7+deb12u3,Ubuntu,LicenseRef-Artistic AND Artistic-2.0 AND Artistic-dist AND BSD-3-Clause AND LicenseRef-BSD-3-clause-GENERIC AND LicenseRef-BSD-3-clause-with-weird-numbering AND LicenseRef-BSD-4-clause-POWERDOG AND LicenseRef-BZIP AND LicenseRef-DONT-CHANGE-THE-GPL AND LicenseRef-Expat AND GPL-1.0-only AND GPL-1.0-or-later AND GPL-2.0-only AND GPL-2.0-or-later AND LicenseRef-GPL-3--WITH-BISON-EXCEPTION AND LicenseRef-HSIEH-BSD AND LicenseRef-HSIEH-DERIVATIVE AND LGPL-2.1-only AND LicenseRef-REGCOMP AND LicenseRef-REGCOMP- AND LicenseRef-RRA-KEEP-THIS-NOTICE AND LicenseRef-SDBM-PUBLIC-DOMAIN AND LicenseRef-TEXT-TABS AND LicenseRef-Unicode AND Zlib
scenescape-manager,perl-base:5.36.0-7+deb12u3,Ubuntu,LicenseRef-Artistic AND Artistic-2.0 AND Artistic-dist AND BSD-3-Clause AND LicenseRef-BSD-3-clause-GENERIC AND LicenseRef-BSD-3-clause-with-weird-numbering AND LicenseRef-BSD-4-clause-POWERDOG AND LicenseRef-BZIP AND LicenseRef-DONT-CHANGE-THE-GPL AND LicenseRef-Expat AND GPL-1.0-only AND GPL-1.0-or-later AND GPL-2.0-only AND GPL-2.0-or-later AND LicenseRef-GPL-3--WITH-BISON-EXCEPTION AND LicenseRef-HSIEH-BSD AND LicenseRef-HSIEH-DERIVATIVE AND LGPL-2.1-only AND LicenseRef-REGCOMP AND LicenseRef-REGCOMP- AND LicenseRef-RRA-KEEP-THIS-NOTICE AND LicenseRef-SDBM-PUBLIC-DOMAIN AND LicenseRef-TEXT-TABS AND LicenseRef-Unicode AND Zlib
scenescape-manager,perl-modules-5.36:5.36.0-7+deb12u3,Ubuntu,LicenseRef-Artistic AND Artistic-2.0 AND Artistic-dist AND BSD-3-Clause AND LicenseRef-BSD-3-clause-GENERIC AND LicenseRef-BSD-3-clause-with-weird-numbering AND LicenseRef-BSD-4-clause-POWERDOG AND LicenseRef-BZIP AND LicenseRef-DONT-CHANGE-THE-GPL AND LicenseRef-Expat AND GPL-1.0-only AND GPL-1.0-or-later AND GPL-2.0-only AND GPL-2.0-or-later AND LicenseRef-GPL-3--WITH-BISON-EXCEPTION AND LicenseRef-HSIEH-BSD AND LicenseRef-HSIEH-DERIVATIVE AND LGPL-2.1-only AND LicenseRef-REGCOMP AND LicenseRef-REGCOMP- AND LicenseRef-RRA-KEEP-THIS-NOTICE AND LicenseRef-SDBM-PUBLIC-DOMAIN AND LicenseRef-TEXT-TABS AND LicenseRef-Unicode AND Zlib
scenescape-manager,pexpect==4.9.0,pypi,LicenseRef-ISC-license
scenescape-manager,pillow==12.1.1,pypi,MIT-CMU
scenescape-manager,pillow==12.1.1,pypi,NOASSERTION
scenescape-manager,pip==26.0.1,pypi,MIT
scenescape-manager,platformdirs==4.4.0,pypi,MIT
scenescape-manager,platformdirs==4.9.4,pypi,MIT
scenescape-manager,plotly==6.6.0,pypi,MIT
scenescape-manager,plyfile==1.0.3,pypi,NOASSERTION
scenescape-manager,procps:2:4.0.2-3,Ubuntu,GPL-2.0-only AND GPL-2.0-or-later AND LGPL-2.0-only AND LGPL-2.0-or-later AND LGPL-2.1-only AND LGPL-2.1-or-later
scenescape-manager,prompt-toolkit==3.0.52,pypi,NOASSERTION
scenescape-manager,psycopg2-binary==2.9.11,pypi,LicenseRef-LGPL-with-exceptions
scenescape-manager,ptyprocess==0.7.0,pypi,LicenseRef-UNKNOWN
scenescape-manager,pure-eval==0.2.3,pypi,MIT
scenescape-manager,pyasn1==0.6.2,pypi,BSD-2-Clause
scenescape-manager,pyasn1-modules==0.4.2,pypi,LicenseRef-BSD
scenescape-manager,pycparser==3.0,pypi,BSD-3-Clause
scenescape-manager,pygments==2.19.2,pypi,BSD-2-Clause
scenescape-manager,pyparsing==3.3.2,pypi,MIT
scenescape-manager,pyquaternion==0.9.9,pypi,MIT
scenescape-manager,python:3.11.14,UNKNOWN,NOASSERTION
scenescape-manager,python-dateutil==2.9.0.post0,pypi,LicenseRef-Dual-License
scenescape-manager,python3:3.11.2-1+b1,Ubuntu,NOASSERTION
scenescape-manager,python3-minimal:3.11.2-1+b1,Ubuntu,NOASSERTION
scenescape-manager,python3.11:3.11.2-6+deb12u6,Ubuntu,LicenseRef-By AND GPL-2.0-only AND LicenseRef-Permission AND LicenseRef-Redistribution AND LicenseRef-This
scenescape-manager,python3.11-minimal:3.11.2-6+deb12u6,Ubuntu,LicenseRef-By AND GPL-2.0-only AND LicenseRef-Permission AND LicenseRef-Redistribution AND LicenseRef-This
scenescape-manager,pytz==2026.1.post1,pypi,MIT
scenescape-manager,pyyaml==6.0.3,pypi,MIT
scenescape-manager,readline-common:8.2-1.3,Ubuntu,LicenseRef-GFDL AND LicenseRef-GFDL-NIV-1.3- AND GPL-2.0-only AND GPL-2.0-or-later AND GPL-3.0-only AND GPL-3.0-or-later AND LicenseRef-ISC-no-attribution
scenescape-manager,referencing==0.37.0,pypi,MIT
scenescape-manager,requests==2.32.5,pypi,Apache-2.0
scenescape-manager,requests-file==3.0.1,pypi,LicenseRef-Apache-2.0
scenescape-manager,requests-oauthlib==2.0.0,pypi,ISC
scenescape-manager,requests-toolbelt==1.0.0,pypi,LicenseRef-Apache-2.0
scenescape-manager,retrying==1.4.2,pypi,Apache-2.0
scenescape-manager,rpds-py==0.30.0,pypi,MIT
scenescape-manager,rsa==4.9.1,pypi,Apache-2.0
scenescape-manager,scikit-learn==1.8.0,pypi,BSD-3-Clause
scenescape-manager,scikit_learn==1.8.0,pypi,NOASSERTION
scenescape-manager,scipy==1.16.3,pypi,BSD-3-Clause
scenescape-manager,sed:4.9-1,Ubuntu,BSD-4-Clause-UC AND BSL-1.0 AND GFDL-1.3-only AND LicenseRef-GFDL-NIV-1.3- AND GPL-3.0-only AND GPL-3.0-or-later AND ISC AND X11 AND LicenseRef-pcre
scenescape-manager,setuptools==82.0.1,pypi,MIT
scenescape-manager,six==1.17.0,pypi,MIT
scenescape-manager,sqlparse==0.5.5,pypi,NOASSERTION
scenescape-manager,stack-data==0.6.3,pypi,MIT
scenescape-manager,sudo:1.9.13p3-1+deb12u3,Ubuntu,BSD-2-Clause AND BSD-3-Clause AND ISC AND Zlib AND LicenseRef-other AND LicenseRef-public-domain
scenescape-manager,sysvinit-utils:3.06-4,Ubuntu,GPL-2.0-only AND GPL-2.0-only AND GPL-2.0-or-later AND GPL-3.0-only AND GPL-3.0-only
scenescape-manager,tar:1.34+dfsg-1.2+deb12u1,Ubuntu,GPL-2.0-only AND GPL-2.0-or-later AND GPL-3.0-only AND GPL-3.0-or-later AND LGPL-3.0-only AND LGPL-3.0-or-later
scenescape-manager,threadpoolctl==3.6.0,pypi,BSD-3-Clause
scenescape-manager,tomli==2.4.0,pypi,MIT
scenescape-manager,tqdm==4.67.3,pypi,(MPL-2.0 AND MIT)
scenescape-manager,traitlets==5.14.3,pypi,BSD-3-Clause
scenescape-manager,trimesh==4.11.2,pypi,MIT
scenescape-manager,typing-extensions==4.15.0,pypi,PSF-2.0
scenescape-manager,tzdata:2025b-0+deb12u2,Ubuntu,LicenseRef-public-domain
scenescape-manager,urllib3==2.6.3,pypi,MIT
scenescape-manager,usr-is-merged:37~deb12u1,Ubuntu,GPL-2.0-only AND GPL-2.0-or-later
scenescape-manager,util-linux:2.38.1-5+deb12u3,Ubuntu,BSD-3-Clause AND BSD-4-Clause AND LicenseRef-BSLA AND GPL-2.0-only AND GPL-2.0-or-later AND GPL-3.0-only AND GPL-3.0-or-later AND LicenseRef-LGPL AND LGPL-2.0-only AND LGPL-2.0-or-later AND LGPL-2.1-only AND LGPL-2.1-or-later AND LGPL-3.0-only AND LGPL-3.0-or-later AND MIT AND LicenseRef-public-domain
scenescape-manager,util-linux-extra:2.38.1-5+deb12u3,Ubuntu,BSD-3-Clause AND BSD-4-Clause AND LicenseRef-BSLA AND GPL-2.0-only AND GPL-2.0-or-later AND GPL-3.0-only AND GPL-3.0-or-later AND LicenseRef-LGPL AND LGPL-2.0-only AND LGPL-2.0-or-later AND LGPL-2.1-only AND LGPL-2.1-or-later AND LGPL-3.0-only AND LGPL-3.0-or-later AND MIT AND LicenseRef-public-domain
scenescape-manager,wcwidth==0.6.0,pypi,MIT
scenescape-manager,websocket-client==1.9.0,pypi,Apache-2.0
scenescape-manager,websockets==15.0.1,pypi,BSD-3-Clause
scenescape-manager,werkzeug==3.1.6,pypi,BSD-3-Clause
scenescape-manager,wheel==0.46.3,pypi,MIT
scenescape-manager,wheel==0.46.3,pypi,MIT
scenescape-manager,widgetsnbextension==4.0.15,pypi,LicenseRef-BSD-3-Clause-License
scenescape-manager,zeep==4.3.2,pypi,MIT
scenescape-manager,zipp==3.23.0,pypi,MIT
scenescape-manager,zipp==3.23.0,pypi,MIT
scenescape-manager,zlib1g:1:1.2.13.dfsg-1,Ubuntu,Zlib
scenescape-manager,sbom,UNKNOWN,NOASSERTION
scenescape-mapping-mapanything,@jupyter-widgets/jupyterlab-manager@5.0.15,npm,BSD-3-Clause
scenescape-mapping-mapanything,@plotly/dash-jupyterlab@0.4.3,npm,MIT
scenescape-mapping-mapanything,Simple Launcher:1.1.0.14,UNKNOWN,NOASSERTION
scenescape-mapping-mapanything,Simple Launcher:1.1.0.14,UNKNOWN,NOASSERTION
scenescape-mapping-mapanything,Simple Launcher:1.1.0.14,UNKNOWN,NOASSERTION
scenescape-mapping-mapanything,Simple Launcher:1.1.0.14,UNKNOWN,NOASSERTION
scenescape-mapping-mapanything,Simple Launcher:1.1.0.14,UNKNOWN,NOASSERTION
scenescape-mapping-mapanything,Simple Launcher:1.1.0.14,UNKNOWN,NOASSERTION
scenescape-mapping-mapanything,absl-py==2.4.0,pypi,Apache-2.0
scenescape-mapping-mapanything,addict==2.4.0,pypi,LicenseRef-UNKNOWN
scenescape-mapping-mapanything,adduser:3.134,Ubuntu,GPL-2.0-only AND GPL-2.0-or-later
scenescape-mapping-mapanything,aiofiles==24.1.0,pypi,Apache-2.0
scenescape-mapping-mapanything,annotated-doc==0.0.4,pypi,MIT
scenescape-mapping-mapanything,annotated-types==0.7.0,pypi,NOASSERTION
scenescape-mapping-mapanything,antlr4-python3-runtime==4.9.3,pypi,LicenseRef-BSD
scenescape-mapping-mapanything,anyio==4.12.1,pypi,MIT
scenescape-mapping-mapanything,apt:2.6.1,Ubuntu,BSD-3-Clause AND LicenseRef-Expat AND GPL-2.0-only AND GPL-2.0-or-later
scenescape-mapping-mapanything,argon2-cffi==25.1.0,pypi,MIT
scenescape-mapping-mapanything,argon2-cffi-bindings==25.1.0,pypi,MIT
scenescape-mapping-mapanything,asttokens==3.0.1,pypi,LicenseRef-Apache-2.0
scenescape-mapping-mapanything,attrs==25.4.0,pypi,MIT
scenescape-mapping-mapanything,autocommand==2.2.2,pypi,LicenseRef-LGPLv3
scenescape-mapping-mapanything,backports-tarfile==1.2.0,pypi,NOASSERTION
scenescape-mapping-mapanything,base-files:12.4+deb12u13,Ubuntu,LicenseRef-GPL
scenescape-mapping-mapanything,base-passwd:3.6.1,Ubuntu,GPL-2.0-only AND LicenseRef-public-domain
scenescape-mapping-mapanything,bash:5.2.15-2+b10,Ubuntu,BSD-4-Clause-UC AND GFDL-1.3-only AND LicenseRef-GFDL-NIV-1.3 AND GPL-2.0-only AND GPL-2.0-or-later AND GPL-3.0-only AND GPL-3.0-or-later AND Latex2e AND LicenseRef-MIT-like AND LicenseRef-permissive
scenescape-mapping-mapanything,blinker==1.9.0,pypi,NOASSERTION
scenescape-mapping-mapanything,brotli==1.2.0,pypi,MIT
scenescape-mapping-mapanything,bsdutils:1:2.38.1-5+deb12u3,Ubuntu,BSD-3-Clause AND BSD-4-Clause AND LicenseRef-BSLA AND GPL-2.0-only AND GPL-2.0-or-later AND GPL-3.0-only AND GPL-3.0-or-later AND LicenseRef-LGPL AND LGPL-2.0-only AND LGPL-2.0-or-later AND LGPL-2.1-only AND LGPL-2.1-or-later AND LGPL-3.0-only AND LGPL-3.0-or-later AND MIT AND LicenseRef-public-domain
scenescape-mapping-mapanything,ca-certificates:20230311+deb12u1,Ubuntu,GPL-2.0-only AND GPL-2.0-or-later AND MPL-2.0
scenescape-mapping-mapanything,certifi==2026.2.25,pypi,MPL-2.0
scenescape-mapping-mapanything,cffi==2.0.0,pypi,MIT
scenescape-mapping-mapanything,charset-normalizer==3.4.5,pypi,MIT
scenescape-mapping-mapanything,cli:UNKNOWN,UNKNOWN,NOASSERTION
scenescape-mapping-mapanything,cli-32:UNKNOWN,UNKNOWN,NOASSERTION
scenescape-mapping-mapanything,cli-64:UNKNOWN,UNKNOWN,NOASSERTION
scenescape-mapping-mapanything,cli-arm64:UNKNOWN,UNKNOWN,NOASSERTION
scenescape-mapping-mapanything,click==8.3.1,pypi,BSD-3-Clause
scenescape-mapping-mapanything,comm==0.2.3,pypi,BSD-3-Clause
scenescape-mapping-mapanything,configargparse==1.7.5,pypi,MIT
scenescape-mapping-mapanything,contourpy==1.3.3,pypi,BSD-3-Clause
scenescape-mapping-mapanything,coreutils:9.1-1,Ubuntu,BSD-4-Clause-UC AND FSFULLR AND GFDL-1.3-only AND LicenseRef-GFDL-NIV-1.3 AND GPL-3.0-only AND GPL-3.0-or-later AND ISC
scenescape-mapping-mapanything,curl:7.88.1-10+deb12u14,Ubuntu,BSD-3-Clause AND BSD-3-Clause AND BSD-4-Clause-UC AND FSFULLR AND GPL-2.0-only AND GPL-2.0-or-later AND GPL-3.0-or-later AND ISC AND OLDAP-2.8 AND X11 AND curl
scenescape-mapping-mapanything,cycler==0.12.1,pypi,BSD-3-Clause
scenescape-mapping-mapanything,dash:0.5.12-2,Ubuntu,BSD-3-Clause AND BSD-3-Clause AND GPL-2.0-only AND GPL-2.0-or-later AND LicenseRef-public-domain
scenescape-mapping-mapanything,dash==4.0.0,pypi,MIT
scenescape-mapping-mapanything,debconf:1.5.82,Ubuntu,BSD-2-Clause
scenescape-mapping-mapanything,debian-archive-keyring:2023.3+deb12u2,Ubuntu,LicenseRef-GPL
scenescape-mapping-mapanything,debianutils:5.7-0.5~deb12u1,Ubuntu,GPL-2.0-only AND GPL-2.0-or-later AND SMAIL-GPL AND LicenseRef-public-domain
scenescape-mapping-mapanything,decorator==5.2.1,pypi,BSD-2-Clause
scenescape-mapping-mapanything,diffutils:1:3.8-4,Ubuntu,FSFAP AND FSFULLR AND GFDL-1.3-only AND LicenseRef-GFDL-NIV-1.3 AND GPL-2.0-only AND GPL-2.0-or-later AND GPL-3.0-only AND GPL-3.0-or-later AND LGPL-2.0-only AND LGPL-2.0-or-later AND LGPL-2.1-only AND LGPL-2.1-or-later AND LGPL-3.0-only AND LGPL-3.0-or-later AND X11 AND LicenseRef-public-domain
scenescape-mapping-mapanything,dpkg:1.21.22,Ubuntu,BSD-2-Clause AND GPL-2.0-only AND GPL-2.0-or-later AND LicenseRef-public-domain-s-s-d
scenescape-mapping-mapanything,e2fsprogs:1.47.0-2+b2,Ubuntu,Apache-2.0 AND Apache-2.0 AND BSD-3-Clause AND LicenseRef-GPL AND GPL-2.0-only AND GPL-2.0-or-later AND ISC AND Kazlib AND LGPL-2.0-only AND Latex2e
scenescape-mapping-mapanything,einops==0.8.2,pypi,MIT
scenescape-mapping-mapanything,executing==2.2.1,pypi,MIT
scenescape-mapping-mapanything,fastapi==0.135.1,pypi,MIT
scenescape-mapping-mapanything,fastjsonschema==2.21.2,pypi,LicenseRef-BSD
scenescape-mapping-mapanything,ffmpeg:5.1.4,UNKNOWN,NOASSERTION
scenescape-mapping-mapanything,ffmpeg:7:5.1.8-0+deb12u1,Ubuntu,BSD-1-Clause AND BSD-2-Clause AND BSD-3-Clause AND LicenseRef-BSL AND LicenseRef-Expat AND GPL-2.0-only AND GPL-2.0-or-later AND GPL-3.0-only AND GPL-3.0-or-later AND IJG AND ISC AND LGPL-2.0-or-later AND LGPL-2.1-only AND LGPL-2.1-or-later AND LicenseRef-Sundry AND Zlib AND LicenseRef-man-page AND LicenseRef-public-domain
scenescape-mapping-mapanything,ffmpy==1.0.0,pypi,MIT
scenescape-mapping-mapanything,filelock==3.25.1,pypi,MIT
scenescape-mapping-mapanything,findutils:4.9.0-4,Ubuntu,BSD-3-Clause AND FSFAP AND FSFULLR AND GFDL-1.3-only AND LicenseRef-GFDL-NIV-1.3- AND LicenseRef-GPL AND GPL-2.0-only AND GPL-2.0-or-later AND GPL-3.0-only AND GPL-3.0-or-later AND ISC AND LGPL-2.0-only AND LGPL-2.0-or-later AND LGPL-2.1-only AND LGPL-2.1-or-later AND LGPL-3.0-only AND LGPL-3.0-or-later AND X11 AND LicenseRef-public-domain
scenescape-mapping-mapanything,flask==3.0.3,pypi,NOASSERTION
scenescape-mapping-mapanything,flask-cors==6.0.0,pypi,NOASSERTION
scenescape-mapping-mapanything,fontconfig:2.14.1-4,Ubuntu,NOASSERTION
scenescape-mapping-mapanything,fontconfig-config:2.14.1-4,Ubuntu,NOASSERTION
scenescape-mapping-mapanything,fonts-dejavu-core:2.37-6,Ubuntu,GPL-2.0-only AND GPL-2.0-or-later AND Bitstream-Vera
scenescape-mapping-mapanything,fonttools==4.62.0,pypi,MIT
scenescape-mapping-mapanything,fsspec==2026.2.0,pypi,BSD-3-Clause
scenescape-mapping-mapanything,gcc-12-base:12.2.0-14+deb12u1,Ubuntu,LicenseRef-Artistic AND GFDL-1.2-only AND LicenseRef-GPL AND GPL-2.0-only AND GPL-3.0-only AND LicenseRef-LGPL
scenescape-mapping-mapanything,git:1:2.39.5-0+deb12u3,Ubuntu,Apache-2.0 AND LicenseRef-Artistic AND BSD-3-Clause AND LicenseRef-Boost AND LicenseRef-EDL-1.0 AND LicenseRef-Expat AND LicenseRef-GPL AND GPL-1.0-or-later AND GPL-2.0-only AND GPL-2.0-or-later AND ISC AND LGPL-2.0-only AND LGPL-2.0-or-later AND LGPL-2.1-only AND LGPL-2.1-or-later AND Zlib AND LicenseRef-dlmalloc AND LicenseRef-mingw-runtime
scenescape-mapping-mapanything,git-man:1:2.39.5-0+deb12u3,Ubuntu,Apache-2.0 AND LicenseRef-Artistic AND BSD-3-Clause AND LicenseRef-Boost AND LicenseRef-EDL-1.0 AND LicenseRef-Expat AND LicenseRef-GPL AND GPL-1.0-or-later AND GPL-2.0-only AND GPL-2.0-or-later AND ISC AND LGPL-2.0-only AND LGPL-2.0-or-later AND LGPL-2.1-only AND LGPL-2.1-or-later AND Zlib AND LicenseRef-dlmalloc AND LicenseRef-mingw-runtime
scenescape-mapping-mapanything,gpgv:2.2.40-1.1+deb12u2,Ubuntu,BSD-3-Clause AND CC0-1.0 AND LicenseRef-Expat AND GPL-3.0-only AND GPL-3.0-or-later AND LGPL-2.1-only AND LGPL-2.1-or-later AND LGPL-3.0-only AND LGPL-3.0-or-later AND LicenseRef-RFC-Reference AND LicenseRef-TinySCHEME AND LicenseRef-permissive
scenescape-mapping-mapanything,gradio@6.7.0,npm,NOASSERTION
scenescape-mapping-mapanything,gradio==6.7.0,pypi,Apache-2.0
scenescape-mapping-mapanything,gradio-client==2.2.0,pypi,Apache-2.0
scenescape-mapping-mapanything,gradio-server-app@UNKNOWN,npm,NOASSERTION
scenescape-mapping-mapanything,gradio_client@2.2.0,npm,NOASSERTION
scenescape-mapping-mapanything,grep:3.8-5,Ubuntu,GPL-3.0-only AND GPL-3.0-or-later
scenescape-mapping-mapanything,groovy==0.1.2,pypi,NOASSERTION
scenescape-mapping-mapanything,grpcio==1.78.0,pypi,Apache-2.0
scenescape-mapping-mapanything,gui:UNKNOWN,UNKNOWN,NOASSERTION
scenescape-mapping-mapanything,gui-32:UNKNOWN,UNKNOWN,NOASSERTION
scenescape-mapping-mapanything,gui-64:UNKNOWN,UNKNOWN,NOASSERTION
scenescape-mapping-mapanything,gui-arm64:UNKNOWN,UNKNOWN,NOASSERTION
scenescape-mapping-mapanything,gunicorn==22.0.0,pypi,MIT
scenescape-mapping-mapanything,gzip:1.12-1,Ubuntu,LicenseRef-FSF-manpages AND LicenseRef-GFDL-1.3--no-invariant AND LicenseRef-GFDL-3 AND GPL-3.0-only AND GPL-3.0-or-later
scenescape-mapping-mapanything,h11==0.16.0,pypi,MIT
scenescape-mapping-mapanything,hf-xet==1.3.2,pypi,Apache-2.0
scenescape-mapping-mapanything,hostname:3.23+nmu1,Ubuntu,GPL-2.0-only
scenescape-mapping-mapanything,httpcore==1.0.9,pypi,BSD-3-Clause
scenescape-mapping-mapanything,httpx==0.28.1,pypi,BSD-3-Clause
scenescape-mapping-mapanything,huggingface-hub==1.3.1,pypi,LicenseRef-Apache
scenescape-mapping-mapanything,hydra-core==1.3.2,pypi,MIT
scenescape-mapping-mapanything,idna==3.11,pypi,BSD-3-Clause
scenescape-mapping-mapanything,importlib-metadata==8.7.1,pypi,Apache-2.0
scenescape-mapping-mapanything,importlib-metadata==8.7.1,pypi,Apache-2.0
scenescape-mapping-mapanything,init-system-helpers:1.65.2+deb12u1,Ubuntu,BSD-3-Clause AND GPL-2.0-only AND GPL-2.0-or-later
scenescape-mapping-mapanything,ipython==9.10.0,pypi,BSD-3-Clause
scenescape-mapping-mapanything,ipython-pygments-lexers==1.1.1,pypi,NOASSERTION
scenescape-mapping-mapanything,ipywidgets==8.1.8,pypi,LicenseRef-BSD-3-Clause-License
scenescape-mapping-mapanything,itsdangerous==2.2.0,pypi,NOASSERTION
scenescape-mapping-mapanything,jaraco-context==6.1.0,pypi,MIT
scenescape-mapping-mapanything,jaraco-functools==4.4.0,pypi,MIT
scenescape-mapping-mapanything,jaraco-text==4.0.0,pypi,NOASSERTION
scenescape-mapping-mapanything,jaxtyping==0.3.9,pypi,MIT
scenescape-mapping-mapanything,jedi==0.19.2,pypi,MIT
scenescape-mapping-mapanything,jinja2==3.1.6,pypi,NOASSERTION
scenescape-mapping-mapanything,joblib==1.5.3,pypi,BSD-3-Clause
scenescape-mapping-mapanything,jsonschema==4.26.0,pypi,MIT
scenescape-mapping-mapanything,jsonschema-specifications==2025.9.1,pypi,MIT
scenescape-mapping-mapanything,jupyter-core==5.9.1,pypi,BSD-3-Clause
scenescape-mapping-mapanything,jupyterlab-plotly@6.0.1,npm,MIT
scenescape-mapping-mapanything,jupyterlab-plotly@6.0.1,npm,MIT
scenescape-mapping-mapanything,jupyterlab-widgets==3.0.16,pypi,BSD-3-Clause
scenescape-mapping-mapanything,kiwisolver==1.5.0,pypi,LicenseRef-4e89b2eeb82ea10ec61119c814f2ca0bbccdc22b72d0eb4f5542ef08f6a73ed2
scenescape-mapping-mapanything,libXau:1.0.9-3.el8,UNKNOWN,NOASSERTION
scenescape-mapping-mapanything,libacl1:2.3.1-3,Ubuntu,GPL-2.0-only AND GPL-2.0-or-later AND LGPL-2.0-or-later AND LGPL-2.1-only
scenescape-mapping-mapanything,libaom3:3.6.0-1+deb12u2,Ubuntu,BSD-2-Clause AND BSD-2-Clause AND BSD-3-Clause AND LicenseRef-Expat AND ISC AND LicenseRef-public-domain-md5
scenescape-mapping-mapanything,libapt-pkg6.0:2.6.1,Ubuntu,BSD-3-Clause AND LicenseRef-Expat AND GPL-2.0-only AND GPL-2.0-or-later
scenescape-mapping-mapanything,libasound2:1.2.8-1+b1,Ubuntu,LGPL-2.1-only AND LicenseRef-LPGL-2.1-
scenescape-mapping-mapanything,libasound2-data:1.2.8-1,Ubuntu,LGPL-2.1-only AND LicenseRef-LPGL-2.1-
scenescape-mapping-mapanything,libass9:1:0.17.1-1,Ubuntu,GPL-2.0-only AND GPL-2.0-or-later AND ISC AND LicenseRef-other-1
scenescape-mapping-mapanything,libasyncns0:0.8-6+b3,Ubuntu,LGPL-2.1-only AND LGPL-2.1-or-later
scenescape-mapping-mapanything,libattr1:1:2.5.1-4,Ubuntu,GPL-2.0-only AND GPL-2.0-or-later AND LGPL-2.0-or-later AND LGPL-2.1-only
scenescape-mapping-mapanything,libaudit-common:1:3.0.9-1,Ubuntu,GPL-1.0-only AND GPL-2.0-only AND LGPL-2.1-only
scenescape-mapping-mapanything,libaudit1:1:3.0.9-1,Ubuntu,GPL-1.0-only AND GPL-2.0-only AND LGPL-2.1-only
scenescape-mapping-mapanything,libavc1394-0:0.5.4-5,Ubuntu,GPL-2.0-only AND GPL-2.0-or-later AND LGPL-2.1-only AND LGPL-2.1-or-later
scenescape-mapping-mapanything,libavcodec59:7:5.1.8-0+deb12u1,Ubuntu,BSD-1-Clause AND BSD-2-Clause AND BSD-3-Clause AND LicenseRef-BSL AND LicenseRef-Expat AND GPL-2.0-only AND GPL-2.0-or-later AND GPL-3.0-only AND GPL-3.0-or-later AND IJG AND ISC AND LGPL-2.0-or-later AND LGPL-2.1-only AND LGPL-2.1-or-later AND LicenseRef-Sundry AND Zlib AND LicenseRef-man-page AND LicenseRef-public-domain
scenescape-mapping-mapanything,libavdevice59:7:5.1.8-0+deb12u1,Ubuntu,BSD-1-Clause AND BSD-2-Clause AND BSD-3-Clause AND LicenseRef-BSL AND LicenseRef-Expat AND GPL-2.0-only AND GPL-2.0-or-later AND GPL-3.0-only AND GPL-3.0-or-later AND IJG AND ISC AND LGPL-2.0-or-later AND LGPL-2.1-only AND LGPL-2.1-or-later AND LicenseRef-Sundry AND Zlib AND LicenseRef-man-page AND LicenseRef-public-domain
scenescape-mapping-mapanything,libavfilter8:7:5.1.8-0+deb12u1,Ubuntu,BSD-1-Clause AND BSD-2-Clause AND BSD-3-Clause AND LicenseRef-BSL AND LicenseRef-Expat AND GPL-2.0-only AND GPL-2.0-or-later AND GPL-3.0-only AND GPL-3.0-or-later AND IJG AND ISC AND LGPL-2.0-or-later AND LGPL-2.1-only AND LGPL-2.1-or-later AND LicenseRef-Sundry AND Zlib AND LicenseRef-man-page AND LicenseRef-public-domain
scenescape-mapping-mapanything,libavformat59:7:5.1.8-0+deb12u1,Ubuntu,BSD-1-Clause AND BSD-2-Clause AND BSD-3-Clause AND LicenseRef-BSL AND LicenseRef-Expat AND GPL-2.0-only AND GPL-2.0-or-later AND GPL-3.0-only AND GPL-3.0-or-later AND IJG AND ISC AND LGPL-2.0-or-later AND LGPL-2.1-only AND LGPL-2.1-or-later AND LicenseRef-Sundry AND Zlib AND LicenseRef-man-page AND LicenseRef-public-domain
scenescape-mapping-mapanything,libavutil57:7:5.1.8-0+deb12u1,Ubuntu,BSD-1-Clause AND BSD-2-Clause AND BSD-3-Clause AND LicenseRef-BSL AND LicenseRef-Expat AND GPL-2.0-only AND GPL-2.0-or-later AND GPL-3.0-only AND GPL-3.0-or-later AND IJG AND ISC AND LGPL-2.0-or-later AND LGPL-2.1-only AND LGPL-2.1-or-later AND LicenseRef-Sundry AND Zlib AND LicenseRef-man-page AND LicenseRef-public-domain
scenescape-mapping-mapanything,libblas3:3.11.0-2,Ubuntu,BSD-3-Clause AND LicenseRef-BSD-3-clause-intel
scenescape-mapping-mapanything,libblkid1:2.38.1-5+deb12u3,Ubuntu,BSD-3-Clause AND BSD-4-Clause AND LicenseRef-BSLA AND GPL-2.0-only AND GPL-2.0-or-later AND GPL-3.0-only AND GPL-3.0-or-later AND LicenseRef-LGPL AND LGPL-2.0-only AND LGPL-2.0-or-later AND LGPL-2.1-only AND LGPL-2.1-or-later AND LGPL-3.0-only AND LGPL-3.0-or-later AND MIT AND LicenseRef-public-domain
scenescape-mapping-mapanything,libbluray2:1:1.3.4-1,Ubuntu,BSD-3-Clause AND GPL-2.0-only AND GPL-2.0-or-later AND LGPL-2.1-only AND LGPL-2.1-or-later AND MPL-1.0 AND LicenseRef-custom
scenescape-mapping-mapanything,libbrotli1:1.0.9-2+b6,Ubuntu,MIT
scenescape-mapping-mapanything,libbs2b0:3.1.0+dfsg-7,Ubuntu,LicenseRef-Expat AND LicenseRef-FSF-unlimited AND GPL-2.0-only AND GPL-2.0-or-later AND GPL-3.0-only AND GPL-3.0-or-later AND LicenseRef-MIT-FSF-public
scenescape-mapping-mapanything,libbsd0:0.11.7-2,Ubuntu,BSD-2-Clause AND BSD-2-Clause AND LicenseRef-BSD-2-clause-author AND LicenseRef-BSD-2-clause-verbatim AND BSD-3-Clause AND LicenseRef-BSD-3-clause-John-Birrell AND LicenseRef-BSD-3-clause-Regents AND LicenseRef-BSD-3-clause-author AND LicenseRef-BSD-4-clause-Niels-Provos AND Beerware AND LicenseRef-Expat AND ISC AND LicenseRef-ISC-Original AND libutil-David-Nugent AND LicenseRef-public-domain
scenescape-mapping-mapanything,libbz2-1.0:1.0.8-5+b1,Ubuntu,LicenseRef-BSD-variant AND GPL-2.0-only
scenescape-mapping-mapanything,libc-bin:2.36-9+deb12u13,Ubuntu,GPL-2.0-only AND LGPL-2.1-only
scenescape-mapping-mapanything,libc6:2.36-9+deb12u13,Ubuntu,GPL-2.0-only AND LGPL-2.1-only
scenescape-mapping-mapanything,libcaca0:0.99.beta20-3,Ubuntu,LicenseRef-GPL AND GPL-1.0-only AND GPL-2.0-only AND GPL-2.0-or-later AND ISC AND LGPL-2.0-only AND LGPL-2.0-or-later AND LicenseRef-WTFPL-2
scenescape-mapping-mapanything,libcairo-gobject2:1.16.0-7,Ubuntu,LGPL-2.1-only
scenescape-mapping-mapanything,libcairo2:1.16.0-7,Ubuntu,LGPL-2.1-only
scenescape-mapping-mapanything,libcap-ng0:0.8.3-1+b3,Ubuntu,GPL-2.0-only AND GPL-2.0-or-later AND GPL-3.0-only AND LGPL-2.1-only AND LGPL-2.1-or-later
scenescape-mapping-mapanything,libcap2:1:2.66-4+deb12u2+b2,Ubuntu,BSD-3-Clause AND GPL-2.0-only AND GPL-2.0-or-later
scenescape-mapping-mapanything,libcdio-cdda2:10.2+2.0.1-1,Ubuntu,GFDL-1.2-only AND GPL-3.0-only
scenescape-mapping-mapanything,libcdio-paranoia2:10.2+2.0.1-1,Ubuntu,GFDL-1.2-only AND GPL-3.0-only
scenescape-mapping-mapanything,libcdio19:2.1.0-4,Ubuntu,GFDL-1.2-only AND GPL-2.0-only AND GPL-2.0-or-later AND GPL-3.0-only
scenescape-mapping-mapanything,libchromaprint1:1.5.1-2+b1,Ubuntu,BSD-3-Clause AND LicenseRef-Expat AND LGPL-2.1-only AND LGPL-2.1-or-later
scenescape-mapping-mapanything,libcjson1:1.7.15-1+deb12u4,Ubuntu,Apache-2.0 AND MIT
scenescape-mapping-mapanything,libcodec2-1.0:1.0.5-1,Ubuntu,LicenseRef-JMVBSD AND LicenseRef-KISSFFTBSD AND LGPL-2.1-only
scenescape-mapping-mapanything,libcom-err2:1.47.0-2+b2,Ubuntu,Apache-2.0 AND Apache-2.0 AND BSD-3-Clause AND LicenseRef-GPL AND GPL-2.0-only AND GPL-2.0-or-later AND ISC AND Kazlib AND LGPL-2.0-only AND Latex2e
scenescape-mapping-mapanything,libcrypt1:1:4.4.33-2,Ubuntu,NOASSERTION
scenescape-mapping-mapanything,libcurl3-gnutls:7.88.1-10+deb12u14,Ubuntu,BSD-3-Clause AND BSD-3-Clause AND BSD-4-Clause-UC AND FSFULLR AND GPL-2.0-only AND GPL-2.0-or-later AND GPL-3.0-or-later AND ISC AND OLDAP-2.8 AND X11 AND curl
scenescape-mapping-mapanything,libcurl4:7.88.1-10+deb12u14,Ubuntu,BSD-3-Clause AND BSD-3-Clause AND BSD-4-Clause-UC AND FSFULLR AND GPL-2.0-only AND GPL-2.0-or-later AND GPL-3.0-or-later AND ISC AND OLDAP-2.8 AND X11 AND curl
scenescape-mapping-mapanything,libdatrie1:0.2.13-2+b1,Ubuntu,GPL-2.0-only AND GPL-2.0-or-later AND LGPL-2.1-only AND LGPL-2.1-or-later
scenescape-mapping-mapanything,libdav1d6:1.0.0-2+deb12u1,Ubuntu,BSD-2-Clause AND ISC AND LicenseRef-public-domain
scenescape-mapping-mapanything,libdb5.3:5.3.28+dfsg2-1,Ubuntu,LicenseRef-Artistic AND BSD-3-Clause AND LicenseRef-BSD-3-clause-fjord AND LicenseRef-GPL AND GPL-3.0-only AND LicenseRef-MIT-old AND MS-PL AND Sleepycat AND LicenseRef-TCL-like AND X11 AND Zlib
scenescape-mapping-mapanything,libdbus-1-3:1.14.10-1~deb12u1,Ubuntu,AFL-2.1 AND BSD-3-Clause AND LicenseRef-BSD-3-clause-generic AND LicenseRef-Expat AND LicenseRef-FSF-unlimited-permission AND GPL-2.0-only AND GPL-2.0-or-later AND LGPL-2.1-only AND LGPL-2.1-or-later AND LicenseRef-Tcl-BSDish AND LicenseRef-autoconf-archive-permissive AND LicenseRef-g10-permissive
scenescape-mapping-mapanything,libdc1394-25:2.2.6-4,Ubuntu,GPL-2.0-only AND LGPL-2.1-only
scenescape-mapping-mapanything,libdebconfclient0:0.270,Ubuntu,BSD-2-Clause AND BSD-2-Clause AND GPL-2.0-only AND GPL-2.0-or-later
scenescape-mapping-mapanything,libdecor-0-0:0.1.1-2,Ubuntu,LicenseRef-Expat AND GPL-3.0-only AND GPL-3.0-or-later
scenescape-mapping-mapanything,libdeflate0:1.14-1,Ubuntu,LicenseRef-Expat
scenescape-mapping-mapanything,libdrm-amdgpu1:2.4.114-1+b1,Ubuntu,NOASSERTION
scenescape-mapping-mapanything,libdrm-common:2.4.114-1,Ubuntu,NOASSERTION
scenescape-mapping-mapanything,libdrm-intel1:2.4.114-1+b1,Ubuntu,NOASSERTION
scenescape-mapping-mapanything,libdrm-nouveau2:2.4.114-1+b1,Ubuntu,NOASSERTION
scenescape-mapping-mapanything,libdrm-radeon1:2.4.114-1+b1,Ubuntu,NOASSERTION
scenescape-mapping-mapanything,libdrm2:2.4.114-1+b1,Ubuntu,NOASSERTION
scenescape-mapping-mapanything,libedit2:3.1-20221030-2,Ubuntu,BSD-3-Clause
scenescape-mapping-mapanything,libelf1:0.188-2.1,Ubuntu,BSD-2-Clause AND GFDL-1.3-only AND LicenseRef-GFDL-NIV-1.3 AND GPL-2.0-only AND GPL-3.0-only AND GPL-3.0-or-later AND LGPL-2.1-only AND LGPL-2.1-or-later AND LGPL-3.0-only AND LGPL-3.0-or-later
scenescape-mapping-mapanything,libepoxy0:1.5.10-1,Ubuntu,LicenseRef-Expat
scenescape-mapping-mapanything,liberror-perl:0.17029-2,Ubuntu,LicenseRef-Artistic AND GPL-1.0-only AND GPL-1.0-or-later AND LicenseRef-MIT-X11
scenescape-mapping-mapanything,libexpat1:2.5.0-1+deb12u2,Ubuntu,MIT
scenescape-mapping-mapanything,libext2fs2:1.47.0-2+b2,Ubuntu,Apache-2.0 AND Apache-2.0 AND BSD-3-Clause AND LicenseRef-GPL AND GPL-2.0-only AND GPL-2.0-or-later AND ISC AND Kazlib AND LGPL-2.0-only AND Latex2e
scenescape-mapping-mapanything,libffi8:3.4.4-1,Ubuntu,LicenseRef-Expat AND LicenseRef-GPL AND GPL-2.0-or-later AND GPL-3.0-or-later AND MPL-1.1 AND X11 AND LicenseRef-public-domain
scenescape-mapping-mapanything,libflac12:1.4.2+ds-2,Ubuntu,BSD-3-Clause AND GFDL-1.1-or-later AND GFDL-1.2-only AND GPL-2.0-only AND GPL-2.0-or-later AND ISC AND LGPL-2.0-only AND LGPL-2.0-or-later AND LGPL-2.1-only AND LGPL-2.1-or-later AND LicenseRef-Public-domain
scenescape-mapping-mapanything,libflite1:2.2-5,Ubuntu,GPL-2.0-only AND GPL-3.0-only
scenescape-mapping-mapanything,libfontconfig1:2.14.1-4,Ubuntu,NOASSERTION
scenescape-mapping-mapanything,libfreetype6:2.12.1+dfsg-5+deb12u4,Ubuntu,BSD-3-Clause AND BSL-1.0 AND FSFAP AND FTL AND GPL-2.0-only AND GPL-2.0-or-later AND GPL-3.0-only AND GPL-3.0-or-later AND MIT AND LicenseRef-OpenGroup-BSD-like AND LicenseRef-Public-Domain AND Zlib
scenescape-mapping-mapanything,libfribidi0:1.0.8-2.1,Ubuntu,LGPL-2.1-only AND LGPL-2.1-or-later
scenescape-mapping-mapanything,libgbm1:22.3.6-1+deb12u1,Ubuntu,Apache-2.0 AND BSD-2-Clause AND LicenseRef-BSD-3-google AND LicenseRef-BSL AND LicenseRef-GPL AND LicenseRef-Khronos AND MIT AND LicenseRef-MLAA AND LicenseRef-SGI
scenescape-mapping-mapanything,libgcc-s1:12.2.0-14+deb12u1,Ubuntu,LicenseRef-Artistic AND GFDL-1.2-only AND LicenseRef-GPL AND GPL-2.0-only AND GPL-3.0-only AND LicenseRef-LGPL
scenescape-mapping-mapanything,libgcrypt20:1.10.1-3,Ubuntu,GPL-2.0-only AND LicenseRef-LGPL
scenescape-mapping-mapanything,libgdbm-compat4:1.23-3,Ubuntu,LicenseRef-GFDL-NIV-1.3- AND GPL-2.0-only AND GPL-2.0-or-later AND GPL-3.0-only AND GPL-3.0-or-later
scenescape-mapping-mapanything,libgdbm6:1.23-3,Ubuntu,LicenseRef-GFDL-NIV-1.3- AND GPL-2.0-only AND GPL-2.0-or-later AND GPL-3.0-only AND GPL-3.0-or-later
scenescape-mapping-mapanything,libgdk-pixbuf-2.0-0:2.42.10+dfsg-1+deb12u3,Ubuntu,CC0-1.0 AND GPL-2.0-only AND GPL-2.0-or-later AND LGPL-2.0-only AND LGPL-2.0-or-later AND LGPL-2.1-only AND LGPL-2.1-or-later
scenescape-mapping-mapanything,libgdk-pixbuf2.0-common:2.42.10+dfsg-1+deb12u3,Ubuntu,CC0-1.0 AND GPL-2.0-only AND GPL-2.0-or-later AND LGPL-2.0-only AND LGPL-2.0-or-later AND LGPL-2.1-only AND LGPL-2.1-or-later
scenescape-mapping-mapanything,libgfortran5:12.2.0-14+deb12u1,Ubuntu,LicenseRef-Artistic AND GFDL-1.2-only AND LicenseRef-GPL AND GPL-2.0-only AND GPL-3.0-only AND LicenseRef-LGPL
scenescape-mapping-mapanything,libgl1:1.6.0-1,Ubuntu,Apache-2.0 AND BSD-1-Clause AND LicenseRef-GPL AND GPL-3.0-only AND GPL-3.0-or-later AND MIT
scenescape-mapping-mapanything,libgl1-mesa-dri:22.3.6-1+deb12u1,Ubuntu,Apache-2.0 AND BSD-2-Clause AND LicenseRef-BSD-3-google AND LicenseRef-BSL AND LicenseRef-GPL AND LicenseRef-Khronos AND MIT AND LicenseRef-MLAA AND LicenseRef-SGI
scenescape-mapping-mapanything,libglapi-mesa:22.3.6-1+deb12u1,Ubuntu,Apache-2.0 AND BSD-2-Clause AND LicenseRef-BSD-3-google AND LicenseRef-BSL AND LicenseRef-GPL AND LicenseRef-Khronos AND MIT AND LicenseRef-MLAA AND LicenseRef-SGI
scenescape-mapping-mapanything,libglib2.0-0:2.74.6-2+deb12u8,Ubuntu,AFL-2.0 AND Apache-2.0 AND LicenseRef-BSD-3-clause-pcre AND CC-BY-SA-3.0 AND CC0-1.0 AND LicenseRef-Expat AND FSFULLR AND GPL-2.0-only AND GPL-2.0-or-later AND LicenseRef-Iconv-PD AND LicenseRef-Janik-permissive AND LicenseRef-Kuchling-PD AND LGPL-2.0-only AND LGPL-2.0-or-later AND LGPL-2.1-only AND LGPL-2.1-or-later AND LGPL-3.0-only AND LGPL-3.0-or-later AND LicenseRef-Mingw-PD AND LicenseRef-Old-GLib-Tests-permissive AND LicenseRef-Plumb-PD AND Unicode-DFS-2016 AND bzip2-1.0.6
scenescape-mapping-mapanything,libglvnd0:1.6.0-1,Ubuntu,Apache-2.0 AND BSD-1-Clause AND LicenseRef-GPL AND GPL-3.0-only AND GPL-3.0-or-later AND MIT
scenescape-mapping-mapanything,libglx-mesa0:22.3.6-1+deb12u1,Ubuntu,Apache-2.0 AND BSD-2-Clause AND LicenseRef-BSD-3-google AND LicenseRef-BSL AND LicenseRef-GPL AND LicenseRef-Khronos AND MIT AND LicenseRef-MLAA AND LicenseRef-SGI
scenescape-mapping-mapanything,libglx0:1.6.0-1,Ubuntu,Apache-2.0 AND BSD-1-Clause AND LicenseRef-GPL AND GPL-3.0-only AND GPL-3.0-or-later AND MIT
scenescape-mapping-mapanything,libgme0:0.6.3-6,Ubuntu,LGPL-2.1-only AND LGPL-2.1-or-later AND MIT
scenescape-mapping-mapanything,libgmp10:2:6.2.1+dfsg1-1.1,Ubuntu,GPL-2.0-only AND GPL-2.0-or-later AND GPL-3.0-only AND GPL-3.0-or-later AND LGPL-3.0-only AND LGPL-3.0-or-later
scenescape-mapping-mapanything,libgnutls30:3.7.9-2+deb12u6,Ubuntu,Apache-2.0 AND BSD-3-Clause AND LicenseRef-CC0 AND LicenseRef-Expat AND GFDL-1.3-only AND LicenseRef-GPL AND GPL-3.0-only AND LicenseRef-GPLv3- AND LicenseRef-LGPL AND LGPL-3.0-only AND LicenseRef-LGPLv2.1- AND LicenseRef-LGPLv3--or-GPLv2- AND LicenseRef-The
scenescape-mapping-mapanything,libgomp:8.5.0-28.el8_10.alma.1,UNKNOWN,NOASSERTION
scenescape-mapping-mapanything,libgomp1:12.2.0-14+deb12u1,Ubuntu,LicenseRef-Artistic AND GFDL-1.2-only AND LicenseRef-GPL AND GPL-2.0-only AND GPL-3.0-only AND LicenseRef-LGPL
scenescape-mapping-mapanything,libgpg-error0:1.46-1,Ubuntu,BSD-3-Clause AND GPL-3.0-only AND GPL-3.0-or-later AND LGPL-2.1-only AND LGPL-2.1-or-later AND LicenseRef-g10-permissive
scenescape-mapping-mapanything,libgraphite2-3:1.3.14-1,Ubuntu,LicenseRef-Artistic AND GPL-1.0-only AND GPL-1.0-or-later AND GPL-2.0-only AND GPL-2.0-or-later AND LGPL-2.1-only AND LGPL-2.1-or-later AND MPL-1.1 AND LicenseRef-custom-sil-open-font-license AND LicenseRef-public-domain
scenescape-mapping-mapanything,libgsm1:1.0.22-1,Ubuntu,TU-Berlin-2.0
scenescape-mapping-mapanything,libgssapi-krb5-2:1.20.1-2+deb12u4,Ubuntu,GPL-2.0-only
scenescape-mapping-mapanything,libharfbuzz0b:6.0.0+dfsg-3,Ubuntu,Apache-2.0 AND CC0-1.0 AND LicenseRef-Expat AND FSFAP AND FSFUL AND FSFULLR AND GPL-2.0-only AND GPL-2.0-or-later AND GPL-3.0-only AND GPL-3.0-or-later AND ISC AND LGPL-2.1-only AND LGPL-2.1-or-later AND MIT AND LicenseRef-Monotype AND OFL-1.1 AND LicenseRef-UFL-1.0 AND LicenseRef-Unicode
scenescape-mapping-mapanything,libhogweed6:3.8.1-2,Ubuntu,LicenseRef-Expat AND LicenseRef-GAP AND LicenseRef-GPL AND GPL-2.0-only AND GPL-2.0-or-later AND GPL-3.0-or-later AND LicenseRef-LGPL AND LGPL-2.0-only AND LGPL-2.0-or-later AND LGPL-3.0-or-later AND LicenseRef-public-domain
scenescape-mapping-mapanything,libhwy1:1.0.3-3+deb12u1,Ubuntu,Apache-2.0
scenescape-mapping-mapanything,libice6:2:1.0.10-1,Ubuntu,NOASSERTION
scenescape-mapping-mapanything,libicu72:72.1-3+deb12u1,Ubuntu,GPL-3.0-only AND MIT
scenescape-mapping-mapanything,libidn2-0:2.3.3-1+b1,Ubuntu,GPL-2.0-only AND GPL-2.0-or-later AND GPL-3.0-only AND GPL-3.0-or-later AND LGPL-3.0-only AND LGPL-3.0-or-later AND LicenseRef-Unicode
scenescape-mapping-mapanything,libiec61883-0:1.2.0-6+b1,Ubuntu,LGPL-2.1-only
scenescape-mapping-mapanything,libjack-jackd2-0:1.9.21~dfsg-3,Ubuntu,BSD-2-Clause AND BSD-3-Clause AND LicenseRef-Expat AND GPL-2.0-only AND GPL-2.0-or-later AND LicenseRef-GPL-2-either AND LicenseRef-GPL-2-or AND GPL-3.0-only AND GPL-3.0-or-later AND LGPL-2.0-only AND LGPL-2.0-or-later AND LGPL-2.1-only AND LGPL-2.1-or-later AND LicenseRef-public-domain-Kroon
scenescape-mapping-mapanything,libjbig0:2.1-6.1,Ubuntu,GPL-2.0-only AND GPL-2.0-or-later
scenescape-mapping-mapanything,libjpeg62-turbo:1:2.1.5-2,Ubuntu,BSD-3-Clause AND LicenseRef-BSD-BY-LC-NE AND LicenseRef-Expat AND NTP AND Zlib
scenescape-mapping-mapanything,libjxl0.7:0.7.0-10+deb12u1,Ubuntu,LicenseRef-BSD-3-clause-Google AND LicenseRef-ISC-License
scenescape-mapping-mapanything,libk5crypto3:1.20.1-2+deb12u4,Ubuntu,GPL-2.0-only
scenescape-mapping-mapanything,libkeyutils1:1.6.3-2,Ubuntu,GPL-2.0-only AND GPL-2.0-or-later AND LGPL-2.0-only AND LGPL-2.0-or-later
scenescape-mapping-mapanything,libkrb5-3:1.20.1-2+deb12u4,Ubuntu,GPL-2.0-only
scenescape-mapping-mapanything,libkrb5support0:1.20.1-2+deb12u4,Ubuntu,GPL-2.0-only
scenescape-mapping-mapanything,liblapack3:3.11.0-2,Ubuntu,BSD-3-Clause AND LicenseRef-BSD-3-clause-intel
scenescape-mapping-mapanything,liblcms2-2:2.14-2,Ubuntu,GPL-2.0-only AND GPL-2.0-or-later AND GPL-3.0-only AND IJG AND MIT
scenescape-mapping-mapanything,libldap-2.5-0:2.5.13+dfsg-5,Ubuntu,BSD-3-Clause AND LicenseRef-BSD-3-clause-California AND LicenseRef-BSD-3-clause-variant AND LicenseRef-BSD-4-clause-California AND Beerware AND LicenseRef-Expat AND LicenseRef-Expat-ISC AND LicenseRef-Expat-UNM AND LicenseRef-F5 AND LicenseRef-FSF-unlimited AND GPL-2.0-only AND GPL-2.0-or-later AND GPL-3.0-only AND GPL-3.0-or-later AND LicenseRef-JCG AND LicenseRef-MIT-XC AND LicenseRef-NeoSoft-permissive AND LicenseRef-OpenLDAP-2.8 AND LicenseRef-UMich AND LicenseRef-public-domain
scenescape-mapping-mapanything,liblerc4:4.0.0+ds-2,Ubuntu,Apache-2.0
scenescape-mapping-mapanything,liblilv-0-0:0.24.14-1,Ubuntu,BSD-3-Clause AND ISC
scenescape-mapping-mapanything,libllvm15:1:15.0.6-4+b1,Ubuntu,LicenseRef-APACHE-2-LLVM-EXCEPTIONS AND Apache-2.0 AND BSD-3-Clause AND BSD-3-Clause AND MIT AND LicenseRef-Python AND LicenseRef-solar-public-domain
scenescape-mapping-mapanything,liblz4-1:1.9.4-1,Ubuntu,BSD-2-Clause AND GPL-2.0-only AND GPL-2.0-or-later
scenescape-mapping-mapanything,liblzma5:5.4.1-1,Ubuntu,LicenseRef-Autoconf AND GPL-2.0-only AND GPL-2.0-or-later AND GPL-3.0-only AND LGPL-2.0-only AND LGPL-2.1-only AND LGPL-2.1-or-later AND LicenseRef-PD AND LicenseRef-PD-debian AND LicenseRef-config-h AND LicenseRef-noderivs AND LicenseRef-permissive-fsf AND LicenseRef-permissive-nowarranty AND LicenseRef-probably-PD
scenescape-mapping-mapanything,libmbedcrypto7:2.28.3-1,Ubuntu,Apache-2.0 AND GPL-2.0-only AND GPL-2.0-or-later
scenescape-mapping-mapanything,libmd0:1.0.4-2,Ubuntu,BSD-2-Clause AND BSD-2-Clause AND BSD-3-Clause AND LicenseRef-BSD-3-clause-Aaron-D-Gifford AND Beerware AND ISC AND LicenseRef-public-domain-md4 AND LicenseRef-public-domain-md5 AND LicenseRef-public-domain-sha1
scenescape-mapping-mapanything,libmfx1:22.5.4-1,Ubuntu,Apache-2.0 AND BSD-3-Clause AND MIT AND NTP
scenescape-mapping-mapanything,libmount1:2.38.1-5+deb12u3,Ubuntu,BSD-3-Clause AND BSD-4-Clause AND LicenseRef-BSLA AND GPL-2.0-only AND GPL-2.0-or-later AND GPL-3.0-only AND GPL-3.0-or-later AND LicenseRef-LGPL AND LGPL-2.0-only AND LGPL-2.0-or-later AND LGPL-2.1-only AND LGPL-2.1-or-later AND LGPL-3.0-only AND LGPL-3.0-or-later AND MIT AND LicenseRef-public-domain
scenescape-mapping-mapanything,libmp3lame0:3.100-6,Ubuntu,BSD-3-Clause AND GPL-1.0-only AND GPL-1.0-or-later AND LGPL-2.0-only AND LGPL-2.0-or-later AND LGPL-2.1-only AND LGPL-2.1-or-later AND LicenseRef-zlib-libpng
scenescape-mapping-mapanything,libmpg123-0:1.31.2-1+deb12u1,Ubuntu,LGPL-2.1-only
scenescape-mapping-mapanything,libmysofa1:1.3.1~dfsg0-1,Ubuntu,BSD-3-Clause AND CC-BY-4.0 AND CC-BY-SA-3.0 AND LicenseRef-cipic AND LicenseRef-listen-ircam AND LicenseRef-mit-kemar
scenescape-mapping-mapanything,libncursesw6:6.4-4,Ubuntu,BSD-3-Clause AND LicenseRef-MIT-X11 AND X11
scenescape-mapping-mapanything,libnettle8:3.8.1-2,Ubuntu,LicenseRef-Expat AND LicenseRef-GAP AND LicenseRef-GPL AND GPL-2.0-only AND GPL-2.0-or-later AND GPL-3.0-or-later AND LicenseRef-LGPL AND LGPL-2.0-only AND LGPL-2.0-or-later AND LGPL-3.0-or-later AND LicenseRef-public-domain
scenescape-mapping-mapanything,libnghttp2-14:1.52.0-1+deb12u2,Ubuntu,BSD-2-Clause AND LicenseRef-Expat AND GPL-3.0-only AND GPL-3.0-or-later AND MIT AND LicenseRef-all-permissive
scenescape-mapping-mapanything,libnorm1:1.5.9+dfsg-2,Ubuntu,BSD-2-Clause AND BSD-3-Clause AND BSD-4-Clause-UC AND LicenseRef-NRL-2-clause AND LicenseRef-NRL-3-clause
scenescape-mapping-mapanything,libnsl2:1.3.0-2,Ubuntu,BSD-3-Clause AND GPL-2.0-only AND LicenseRef-GPL-2--autoconf-exception AND LicenseRef-GPL-2--libtool-exception AND GPL-3.0-only AND LicenseRef-GPL-3--autoconf-exception AND LGPL-2.1-only AND LGPL-2.1-or-later AND MIT AND LicenseRef-permissive-autoconf-m4 AND LicenseRef-permissive-autoconf-m4-no-warranty AND LicenseRef-permissive-configure AND LicenseRef-permissive-fsf AND LicenseRef-permissive-makefile-in
scenescape-mapping-mapanything,libnuma1:2.0.16-1,Ubuntu,LicenseRef-GPL AND LicenseRef-LGPL
scenescape-mapping-mapanything,libogg0:1.3.5-3,Ubuntu,BSD-3-Clause AND LicenseRef-rfc3533-license AND LicenseRef-rfc5334-license
scenescape-mapping-mapanything,libopenal-data:1:1.19.1-2,Ubuntu,LicenseRef-Apache AND LicenseRef-BSD-3-clause-cmake AND LicenseRef-Expat AND GPL-2.0-only AND GPL-2.0-or-later AND GPL-3.0-only AND GPL-3.0-or-later AND LGPL-2.0-or-later AND LGPL-2.1-or-later
scenescape-mapping-mapanything,libopenal1:1:1.19.1-2,Ubuntu,LicenseRef-Apache AND LicenseRef-BSD-3-clause-cmake AND LicenseRef-Expat AND GPL-2.0-only AND GPL-2.0-or-later AND GPL-3.0-only AND GPL-3.0-or-later AND LGPL-2.0-or-later AND LGPL-2.1-or-later
scenescape-mapping-mapanything,libopenjp2-7:2.5.0-2+deb12u2,Ubuntu,LicenseRef-BSD-2 AND LicenseRef-BSD-3 AND Libpng AND libtiff AND LicenseRef-LIBTIFF-GLARSON AND LicenseRef-LIBTIFF-PIXAR AND MIT AND Zlib AND LicenseRef-public-domain
scenescape-mapping-mapanything,libopenmpt0:0.6.9-1,Ubuntu,BSD-3-Clause AND BSL-1.0 AND LicenseRef-GNU-All-Permissive-License AND LicenseRef-GNU-All-Permissive-License-FSF AND GPL-2.0-only AND GPL-2.0-or-later AND GPL-3.0-only AND GPL-3.0-or-later AND X11
scenescape-mapping-mapanything,libopus0:1.3.1-3,Ubuntu,BSD-2-Clause AND BSD-3-Clause
scenescape-mapping-mapanything,libp11-kit0:0.24.1-2,Ubuntu,Apache-2.0 AND BSD-3-Clause AND ISC AND LicenseRef-ISC-IBM AND LGPL-2.1-only AND LGPL-2.1-or-later AND LicenseRef-permissive-like-automake-output AND LicenseRef-same-as-rest-of-p11kit
scenescape-mapping-mapanything,libpam-modules:1.5.2-6+deb12u2,Ubuntu,BSD-3-Clause AND LicenseRef-BSD-tcp-wrappers AND Beerware AND LicenseRef-GPL AND GPL-2.0-only AND GPL-2.0-or-later AND GPL-3.0-only AND GPL-3.0-or-later AND LGPL-2.0-only AND LGPL-2.0-or-later AND LicenseRef-public-domain
scenescape-mapping-mapanything,libpam-modules-bin:1.5.2-6+deb12u2,Ubuntu,BSD-3-Clause AND LicenseRef-BSD-tcp-wrappers AND Beerware AND LicenseRef-GPL AND GPL-2.0-only AND GPL-2.0-or-later AND GPL-3.0-only AND GPL-3.0-or-later AND LGPL-2.0-only AND LGPL-2.0-or-later AND LicenseRef-public-domain
scenescape-mapping-mapanything,libpam-runtime:1.5.2-6+deb12u2,Ubuntu,BSD-3-Clause AND LicenseRef-BSD-tcp-wrappers AND Beerware AND LicenseRef-GPL AND GPL-2.0-only AND GPL-2.0-or-later AND GPL-3.0-only AND GPL-3.0-or-later AND LGPL-2.0-only AND LGPL-2.0-or-later AND LicenseRef-public-domain
scenescape-mapping-mapanything,libpam0g:1.5.2-6+deb12u2,Ubuntu,BSD-3-Clause AND LicenseRef-BSD-tcp-wrappers AND Beerware AND LicenseRef-GPL AND GPL-2.0-only AND GPL-2.0-or-later AND GPL-3.0-only AND GPL-3.0-or-later AND LGPL-2.0-only AND LGPL-2.0-or-later AND LicenseRef-public-domain
scenescape-mapping-mapanything,libpango-1.0-0:1.50.12+ds-1,Ubuntu,Apache-2.0 AND Apache-2.0 AND Bitstream-Vera AND CC0-1.0 AND LicenseRef-Chromium-BSD-style AND LicenseRef-Example AND GPL-2.0-or-later AND GPL-2.0-only AND ICU AND LGPL-2.0-only AND LGPL-2.0-or-later AND LGPL-2.1-only AND LGPL-2.1-or-later AND OFL-1.1 AND TCL AND LicenseRef-Unicode
scenescape-mapping-mapanything,libpangocairo-1.0-0:1.50.12+ds-1,Ubuntu,Apache-2.0 AND Apache-2.0 AND Bitstream-Vera AND CC0-1.0 AND LicenseRef-Chromium-BSD-style AND LicenseRef-Example AND GPL-2.0-or-later AND GPL-2.0-only AND ICU AND LGPL-2.0-only AND LGPL-2.0-or-later AND LGPL-2.1-only AND LGPL-2.1-or-later AND OFL-1.1 AND TCL AND LicenseRef-Unicode
scenescape-mapping-mapanything,libpangoft2-1.0-0:1.50.12+ds-1,Ubuntu,Apache-2.0 AND Apache-2.0 AND Bitstream-Vera AND CC0-1.0 AND LicenseRef-Chromium-BSD-style AND LicenseRef-Example AND GPL-2.0-or-later AND GPL-2.0-only AND ICU AND LGPL-2.0-only AND LGPL-2.0-or-later AND LGPL-2.1-only AND LGPL-2.1-or-later AND OFL-1.1 AND TCL AND LicenseRef-Unicode
scenescape-mapping-mapanything,libpciaccess0:0.17-2,Ubuntu,LicenseRef-GPL
scenescape-mapping-mapanything,libpcre2-8-0:10.42-1,Ubuntu,BSD-2-Clause AND BSD-3-Clause AND LicenseRef-BSD-3-clause-Cambridge AND X11 AND LicenseRef-public-domain
scenescape-mapping-mapanything,libperl5.36:5.36.0-7+deb12u3,Ubuntu,LicenseRef-Artistic AND Artistic-2.0 AND Artistic-dist AND BSD-3-Clause AND LicenseRef-BSD-3-clause-GENERIC AND LicenseRef-BSD-3-clause-with-weird-numbering AND LicenseRef-BSD-4-clause-POWERDOG AND LicenseRef-BZIP AND LicenseRef-DONT-CHANGE-THE-GPL AND LicenseRef-Expat AND GPL-1.0-only AND GPL-1.0-or-later AND GPL-2.0-only AND GPL-2.0-or-later AND LicenseRef-GPL-3--WITH-BISON-EXCEPTION AND LicenseRef-HSIEH-BSD AND LicenseRef-HSIEH-DERIVATIVE AND LGPL-2.1-only AND LicenseRef-REGCOMP AND LicenseRef-REGCOMP- AND LicenseRef-RRA-KEEP-THIS-NOTICE AND LicenseRef-SDBM-PUBLIC-DOMAIN AND LicenseRef-TEXT-TABS AND LicenseRef-Unicode AND Zlib
scenescape-mapping-mapanything,libpgm-5.3-0:5.3.128~dfsg-2,Ubuntu,BSD-3-Clause AND ISC AND LGPL-2.0-only AND LGPL-2.0-or-later AND LGPL-2.1-only
scenescape-mapping-mapanything,libpixman-1-0:0.42.2-1,Ubuntu,NOASSERTION
scenescape-mapping-mapanything,libplacebo208:4.208.0-3,Ubuntu,LicenseRef-CC0 AND LicenseRef-Expat AND LGPL-2.1-only AND LGPL-2.1-or-later AND Zlib
scenescape-mapping-mapanything,libpng16-16:1.6.39-2+deb12u3,Ubuntu,Apache-2.0 AND BSD-3-Clause AND LicenseRef-BSD-like-with-advertising-clause AND GPL-2.0-only AND GPL-2.0-or-later AND LicenseRef-expat AND Libpng
scenescape-mapping-mapanything,libpocketsphinx3:0.8+5prealpha+1-15,Ubuntu,LicenseRef-BSD-2 AND BSD-3-Clause AND GPL-2.0-only AND GPL-2.0-or-later
scenescape-mapping-mapanything,libpostproc56:7:5.1.8-0+deb12u1,Ubuntu,BSD-1-Clause AND BSD-2-Clause AND BSD-3-Clause AND LicenseRef-BSL AND LicenseRef-Expat AND GPL-2.0-only AND GPL-2.0-or-later AND GPL-3.0-only AND GPL-3.0-or-later AND IJG AND ISC AND LGPL-2.0-or-later AND LGPL-2.1-only AND LGPL-2.1-or-later AND LicenseRef-Sundry AND Zlib AND LicenseRef-man-page AND LicenseRef-public-domain
scenescape-mapping-mapanything,libpsl5:0.21.2-1,Ubuntu,LicenseRef-Chromium AND MIT AND LicenseRef-gnulib
scenescape-mapping-mapanything,libpthread-stubs0-dev:0.4-1,Ubuntu,NOASSERTION
scenescape-mapping-mapanything,libpulse0:16.1+dfsg1-2+b1,Ubuntu,GPL-2.0-only AND GPL-2.0-or-later AND LGPL-2.0-only AND LGPL-2.0-or-later AND LGPL-2.1-only AND LGPL-2.1-or-later AND LicenseRef-other
scenescape-mapping-mapanything,libquadmath0:12.2.0-14+deb12u1,Ubuntu,LicenseRef-Artistic AND GFDL-1.2-only AND LicenseRef-GPL AND GPL-2.0-only AND GPL-3.0-only AND LicenseRef-LGPL
scenescape-mapping-mapanything,librabbitmq4:0.11.0-1+deb12u1,Ubuntu,LicenseRef-BSD-Author AND LicenseRef-Expat
scenescape-mapping-mapanything,librav1e0:0.5.1-6,Ubuntu,BSD-2-Clause AND BSD-2-Clause AND ISC
scenescape-mapping-mapanything,libraw1394-11:2.1.2-2,Ubuntu,LicenseRef-GPL AND LicenseRef-LGPL
scenescape-mapping-mapanything,libreadline8:8.2-1.3,Ubuntu,LicenseRef-GFDL AND LicenseRef-GFDL-NIV-1.3- AND GPL-2.0-only AND GPL-2.0-or-later AND GPL-3.0-only AND GPL-3.0-or-later AND LicenseRef-ISC-no-attribution
scenescape-mapping-mapanything,librist4:0.2.7+dfsg-1,Ubuntu,BSD-2-Clause AND LicenseRef-Expat AND ISC AND LicenseRef-public-domain
scenescape-mapping-mapanything,librsvg2-2:2.54.7+dfsg-1~deb12u1,Ubuntu,0BSD AND Apache-2.0 AND LicenseRef-Apache-2.0- AND BSD-2-Clause AND BSD-3-Clause AND LicenseRef-Boost-1.0 AND CC-BY-3.0 AND LicenseRef-CC-zero-waive-1.0-us AND LicenseRef-Expat AND FSFAP AND LGPL-2.0-only AND LGPL-2.0-or-later AND MPL-2.0 AND OFL-1.1 AND LicenseRef-Sun-permissive AND Unlicense AND Zlib
scenescape-mapping-mapanything,librtmp1:2.4+20151223.gitfa8646d.1-2+b2,Ubuntu,GPL-2.0-only AND LGPL-2.1-only
scenescape-mapping-mapanything,librubberband2:3.1.2+dfsg0-1,Ubuntu,BSD-3-Clause AND LicenseRef-Expat AND GPL-2.0-only AND GPL-2.0-or-later AND Zlib AND LicenseRef-other-1
scenescape-mapping-mapanything,libsamplerate0:0.2.2-3,Ubuntu,BSD-2-Clause AND FSFAP AND GPL-2.0-only AND GPL-2.0-or-later AND GPL-3.0-only AND GPL-3.0-or-later
scenescape-mapping-mapanything,libsasl2-2:2.1.28+dfsg-10,Ubuntu,BSD-2-Clause AND LicenseRef-BSD-2.2-clause AND BSD-3-Clause AND LicenseRef-BSD-3-clause-JANET AND LicenseRef-BSD-3-clause-PADL AND BSD-4-Clause AND LicenseRef-BSD-4-clause-KTH AND BSD-4-Clause-UC AND FSFULLR AND GPL-3.0-only AND GPL-3.0-or-later AND LicenseRef-IBM-as-is AND MIT-CMU AND LicenseRef-MIT-Export AND LicenseRef-MIT-OpenVision AND LicenseRef-OpenLDAP AND OpenSSL AND RSA-MD AND LicenseRef-SSLeay
scenescape-mapping-mapanything,libsasl2-modules-db:2.1.28+dfsg-10,Ubuntu,BSD-2-Clause AND LicenseRef-BSD-2.2-clause AND BSD-3-Clause AND LicenseRef-BSD-3-clause-JANET AND LicenseRef-BSD-3-clause-PADL AND BSD-4-Clause AND LicenseRef-BSD-4-clause-KTH AND BSD-4-Clause-UC AND FSFULLR AND GPL-3.0-only AND GPL-3.0-or-later AND LicenseRef-IBM-as-is AND MIT-CMU AND LicenseRef-MIT-Export AND LicenseRef-MIT-OpenVision AND LicenseRef-OpenLDAP AND OpenSSL AND RSA-MD AND LicenseRef-SSLeay
scenescape-mapping-mapanything,libsdl2-2.0-0:2.26.5+dfsg-1,Ubuntu,Apache-2.0 AND BSD-3-Clause AND LicenseRef-BSD-3-clause-chromium AND LicenseRef-BSD-3-clause-kitware AND LicenseRef-BrownUn-UnCalifornia-ErikCorry AND LicenseRef-Expat AND LicenseRef-Expat-like AND GPL-3.0-only AND LicenseRef-Gareth-McCaughan AND LGPL-2.1-only AND LGPL-2.1-or-later AND MIT-open-group AND LicenseRef-Mozilla-permissive AND LicenseRef-PublicDomain-David-Ludwig AND LicenseRef-PublicDomain-Edgar-Simo AND LicenseRef-PublicDomain-Sam-Lantinga AND LicenseRef-RSA-Data-Security AND LicenseRef-SGI-Free-Software-License-B AND SunPro AND LicenseRef-hidapi-orig AND LicenseRef-zlib-libpng-like-permissive AND LicenseRef-zlib-libpng
scenescape-mapping-mapanything,libseccomp2:2.5.4-1+deb12u1,Ubuntu,LGPL-2.1-only
scenescape-mapping-mapanything,libselinux1:3.4-1+b6,Ubuntu,GPL-2.0-only AND LGPL-2.1-only
scenescape-mapping-mapanything,libsemanage-common:3.4-1,Ubuntu,LicenseRef-GPL AND LicenseRef-LGPL
scenescape-mapping-mapanything,libsemanage2:3.4-1+b5,Ubuntu,LicenseRef-GPL AND LicenseRef-LGPL
scenescape-mapping-mapanything,libsensors-config:1:3.6.0-7.1,Ubuntu,GPL-2.0-only AND LGPL-2.1-only
scenescape-mapping-mapanything,libsensors5:1:3.6.0-7.1,Ubuntu,GPL-2.0-only AND LGPL-2.1-only
scenescape-mapping-mapanything,libsepol2:3.4-2.1,Ubuntu,GPL-2.0-only AND GPL-2.0-or-later AND LGPL-2.1-only AND LGPL-2.1-or-later AND Zlib
scenescape-mapping-mapanything,libserd-0-0:0.30.16-1,Ubuntu,ISC
scenescape-mapping-mapanything,libshine3:3.1.1-2,Ubuntu,GPL-2.0-only AND GPL-2.0-or-later AND LGPL-2.0-only
scenescape-mapping-mapanything,libslang2:2.3.3-3,Ubuntu,GPL-2.0-only AND GPL-2.0-or-later
scenescape-mapping-mapanything,libsm6:2:1.2.3-1,Ubuntu,NOASSERTION
scenescape-mapping-mapanything,libsmartcols1:2.38.1-5+deb12u3,Ubuntu,BSD-3-Clause AND BSD-4-Clause AND LicenseRef-BSLA AND GPL-2.0-only AND GPL-2.0-or-later AND GPL-3.0-only AND GPL-3.0-or-later AND LicenseRef-LGPL AND LGPL-2.0-only AND LGPL-2.0-or-later AND LGPL-2.1-only AND LGPL-2.1-or-later AND LGPL-3.0-only AND LGPL-3.0-or-later AND MIT AND LicenseRef-public-domain
scenescape-mapping-mapanything,libsnappy1v5:1.1.9-3,Ubuntu,BSD-3-Clause AND CC-BY-3.0 AND CC-BY-4.0 AND MIT AND LicenseRef-public-domain
scenescape-mapping-mapanything,libsndfile1:1.2.0-1+deb12u1,Ubuntu,Apache-2.0 AND BSD-2-Clause AND BSD-3-Clause AND FSFAP AND GPL-2.0-only AND GPL-2.0-or-later AND GPL-3.0-only AND GPL-3.0-or-later AND LGPL-2.0-only AND LGPL-2.0-or-later AND LGPL-2.1-only AND LGPL-2.1-or-later AND NTP AND LicenseRef-gsm AND LicenseRef-sun
scenescape-mapping-mapanything,libsndio7.0:1.9.0-0.3+b2,Ubuntu,ISC AND LicenseRef-ISC-packaging
scenescape-mapping-mapanything,libsodium23:1.0.18-1+deb12u1,Ubuntu,BSD-2-Clause AND LicenseRef-CC0 AND CC0-1.0 AND GPL-2.0-only AND GPL-2.0-or-later AND ISC AND MIT AND LicenseRef-public-domain
scenescape-mapping-mapanything,libsord-0-0:0.16.14+git221008-1,Ubuntu,ISC
scenescape-mapping-mapanything,libsoxr0:0.1.3-4,Ubuntu,LGPL-2.1-only AND LGPL-2.1-or-later AND LicenseRef-Spherepack AND LicenseRef-permissive1 AND LicenseRef-permissive2
scenescape-mapping-mapanything,libspeex1:1.2.1-2,Ubuntu,BSD-3-Clause AND GFDL-1.1-or-later AND GFDL-1.2-only AND LGPL-2.0-only AND LGPL-2.0-or-later AND LicenseRef-custom-1
scenescape-mapping-mapanything,libsphinxbase3:0.8+5prealpha+1-16,Ubuntu,BSD-2-Clause AND LicenseRef-BSD-2-clause-beyond AND BSD-3-Clause AND LicenseRef-BSD-3-clause-carnegie AND GPL-2.0-only AND GPL-2.0-or-later AND LicenseRef-lucent AND LicenseRef-u-o-tennesee
scenescape-mapping-mapanything,libsqlite3-0:3.40.1-2+deb12u2,Ubuntu,GPL-2.0-only AND GPL-2.0-or-later AND LicenseRef-public-domain
scenescape-mapping-mapanything,libsratom-0-0:0.6.14-1,Ubuntu,ISC
scenescape-mapping-mapanything,libsrt1.5-gnutls:1.5.1-1+deb12u1,Ubuntu,BSD-3-Clause AND LGPL-2.1-only AND LGPL-2.1-or-later AND MPL-2.0 AND Zlib AND Unlicense
scenescape-mapping-mapanything,libss2:1.47.0-2+b2,Ubuntu,Apache-2.0 AND Apache-2.0 AND BSD-3-Clause AND LicenseRef-GPL AND GPL-2.0-only AND GPL-2.0-or-later AND ISC AND Kazlib AND LGPL-2.0-only AND Latex2e
scenescape-mapping-mapanything,libssh-gcrypt-4:0.10.6-0+deb12u2,Ubuntu,BSD-2-Clause AND BSD-3-Clause AND LGPL-2.1-only AND LicenseRef-LGPL-2.1--OpenSSL AND LicenseRef-public-domain
scenescape-mapping-mapanything,libssh2-1:1.10.0-3+b1,Ubuntu,LicenseRef-BSD3
scenescape-mapping-mapanything,libssl3:3.0.18-1~deb12u2,Ubuntu,Apache-2.0 AND LicenseRef-Artistic AND GPL-1.0-only AND GPL-1.0-or-later
scenescape-mapping-mapanything,libstdc++6:12.2.0-14+deb12u1,Ubuntu,LicenseRef-Artistic AND GFDL-1.2-only AND LicenseRef-GPL AND GPL-2.0-only AND GPL-3.0-only AND LicenseRef-LGPL
scenescape-mapping-mapanything,libsvtav1enc1:1.4.1+dfsg-1,Ubuntu,BSD-2-Clause AND BSD-3-Clause-Clear AND BSD-3-Clause AND LicenseRef-Expat AND ISC AND LGPL-2.1-only AND LGPL-2.1-or-later
scenescape-mapping-mapanything,libswresample4:7:5.1.8-0+deb12u1,Ubuntu,BSD-1-Clause AND BSD-2-Clause AND BSD-3-Clause AND LicenseRef-BSL AND LicenseRef-Expat AND GPL-2.0-only AND GPL-2.0-or-later AND GPL-3.0-only AND GPL-3.0-or-later AND IJG AND ISC AND LGPL-2.0-or-later AND LGPL-2.1-only AND LGPL-2.1-or-later AND LicenseRef-Sundry AND Zlib AND LicenseRef-man-page AND LicenseRef-public-domain
scenescape-mapping-mapanything,libswscale6:7:5.1.8-0+deb12u1,Ubuntu,BSD-1-Clause AND BSD-2-Clause AND BSD-3-Clause AND LicenseRef-BSL AND LicenseRef-Expat AND GPL-2.0-only AND GPL-2.0-or-later AND GPL-3.0-only AND GPL-3.0-or-later AND IJG AND ISC AND LGPL-2.0-or-later AND LGPL-2.1-only AND LGPL-2.1-or-later AND LicenseRef-Sundry AND Zlib AND LicenseRef-man-page AND LicenseRef-public-domain
scenescape-mapping-mapanything,libsystemd0:252.39-1~deb12u1,Ubuntu,CC0-1.0 AND LicenseRef-Expat AND GPL-2.0-only AND GPL-2.0-or-later AND LGPL-2.1-only AND LGPL-2.1-or-later AND LicenseRef-public-domain
scenescape-mapping-mapanything,libtasn1-6:4.19.0-2+deb12u1,Ubuntu,GFDL-1.3-only AND GPL-3.0-only AND LicenseRef-LGPL AND LGPL-2.1-only
scenescape-mapping-mapanything,libthai-data:0.1.29-1,Ubuntu,GPL-2.0-only AND GPL-2.0-or-later AND LGPL-2.1-only AND LGPL-2.1-or-later
scenescape-mapping-mapanything,libthai0:0.1.29-1,Ubuntu,GPL-2.0-only AND GPL-2.0-or-later AND LGPL-2.1-only AND LGPL-2.1-or-later
scenescape-mapping-mapanything,libtheora0:1.1.1+dfsg.1-16.1+deb12u1,Ubuntu,BSD-3-Clause
scenescape-mapping-mapanything,libtiff6:4.5.0-6+deb12u3,Ubuntu,LicenseRef-Hylafax
scenescape-mapping-mapanything,libtinfo6:6.4-4,Ubuntu,BSD-3-Clause AND LicenseRef-MIT-X11 AND X11
scenescape-mapping-mapanything,libtirpc-common:1.3.3+ds-1,Ubuntu,BSD-3-Clause AND GPL-2.0-only AND LGPL-2.1-only
scenescape-mapping-mapanything,libtirpc3:1.3.3+ds-1,Ubuntu,BSD-3-Clause AND GPL-2.0-only AND LGPL-2.1-only
scenescape-mapping-mapanything,libtwolame0:0.4.0-2,Ubuntu,LGPL-2.0-only AND LGPL-2.0-or-later
scenescape-mapping-mapanything,libudev1:252.39-1~deb12u1,Ubuntu,CC0-1.0 AND LicenseRef-Expat AND GPL-2.0-only AND GPL-2.0-or-later AND LGPL-2.1-only AND LGPL-2.1-or-later AND LicenseRef-public-domain
scenescape-mapping-mapanything,libudfread0:1.1.2-1,Ubuntu,GPL-2.0-only AND GPL-2.0-or-later AND LGPL-2.1-only AND LGPL-2.1-or-later
scenescape-mapping-mapanything,libunistring2:1.0-2,Ubuntu,LicenseRef-FreeSoftware AND GFDL-1.2-only AND GFDL-1.2-or-later AND GPL-2.0-only AND GPL-2.0-or-later AND GPL-3.0-only AND GPL-3.0-or-later AND LGPL-3.0-only AND LGPL-3.0-or-later AND MIT
scenescape-mapping-mapanything,libusb-1.0-0:2:1.0.26-1,Ubuntu,GPL-2.0-only AND LGPL-2.1-only
scenescape-mapping-mapanything,libuuid1:2.38.1-5+deb12u3,Ubuntu,BSD-3-Clause AND BSD-4-Clause AND LicenseRef-BSLA AND GPL-2.0-only AND GPL-2.0-or-later AND GPL-3.0-only AND GPL-3.0-or-later AND LicenseRef-LGPL AND LGPL-2.0-only AND LGPL-2.0-or-later AND LGPL-2.1-only AND LGPL-2.1-or-later AND LGPL-3.0-only AND LGPL-3.0-or-later AND MIT AND LicenseRef-public-domain
scenescape-mapping-mapanything,libva-drm2:2.17.0-1,Ubuntu,LicenseRef-Expat AND LicenseRef-Expat-advertising AND GPL-2.0-only AND GPL-2.0-or-later AND LicenseRef-other
scenescape-mapping-mapanything,libva-x11-2:2.17.0-1,Ubuntu,LicenseRef-Expat AND LicenseRef-Expat-advertising AND GPL-2.0-only AND GPL-2.0-or-later AND LicenseRef-other
scenescape-mapping-mapanything,libva2:2.17.0-1,Ubuntu,LicenseRef-Expat AND LicenseRef-Expat-advertising AND GPL-2.0-only AND GPL-2.0-or-later AND LicenseRef-other
scenescape-mapping-mapanything,libvdpau1:1.5-2,Ubuntu,LicenseRef-Expat AND LicenseRef-other
scenescape-mapping-mapanything,libvidstab1.1:1.1.0-2+b1,Ubuntu,GPL-2.0-only AND GPL-2.0-or-later
scenescape-mapping-mapanything,libvorbis0a:1.3.7-1,Ubuntu,BSD-3-Clause AND LicenseRef-RFC-special
scenescape-mapping-mapanything,libvorbisenc2:1.3.7-1,Ubuntu,BSD-3-Clause AND LicenseRef-RFC-special
scenescape-mapping-mapanything,libvorbisfile3:1.3.7-1,Ubuntu,BSD-3-Clause AND LicenseRef-RFC-special
scenescape-mapping-mapanything,libvpx7:1.12.0-1+deb12u5,Ubuntu,BSD-3-Clause AND ISC AND LicenseRef-public-domain
scenescape-mapping-mapanything,libvulkan1:1.3.239.0-1,Ubuntu,Apache-2.0 AND MIT
scenescape-mapping-mapanything,libwayland-client0:1.21.0-1,Ubuntu,X11
scenescape-mapping-mapanything,libwayland-cursor0:1.21.0-1,Ubuntu,X11
scenescape-mapping-mapanything,libwayland-egl1:1.21.0-1,Ubuntu,X11
scenescape-mapping-mapanything,libwayland-server0:1.21.0-1,Ubuntu,X11
scenescape-mapping-mapanything,libwebp7:1.2.4-0.2+deb12u1,Ubuntu,Apache-2.0
scenescape-mapping-mapanything,libwebpmux3:1.2.4-0.2+deb12u1,Ubuntu,Apache-2.0
scenescape-mapping-mapanything,libx11-6:2:1.8.4-2+deb12u2,Ubuntu,NOASSERTION
scenescape-mapping-mapanything,libx11-data:2:1.8.4-2+deb12u2,Ubuntu,NOASSERTION
scenescape-mapping-mapanything,libx11-dev:2:1.8.4-2+deb12u2,Ubuntu,NOASSERTION
scenescape-mapping-mapanything,libx11-xcb1:2:1.8.4-2+deb12u2,Ubuntu,NOASSERTION
scenescape-mapping-mapanything,libx264-164:2:0.164.3095+gitbaee400-3,Ubuntu,BSD-3-Clause AND LicenseRef-Expat AND GPL-2.0-only AND GPL-2.0-or-later AND ISC AND LGPL-2.1-or-later AND LicenseRef-public-domain
scenescape-mapping-mapanything,libx265-199:3.5-2+b1,Ubuntu,LicenseRef-Expat AND GPL-2.0-only AND GPL-2.0-or-later AND ISC AND LGPL-2.1-only AND LGPL-2.1-or-later
scenescape-mapping-mapanything,libxau-dev:1:1.0.9-1,Ubuntu,NOASSERTION
scenescape-mapping-mapanything,libxau6:1:1.0.9-1,Ubuntu,NOASSERTION
scenescape-mapping-mapanything,libxcb-dri2-0:1.15-1,Ubuntu,NOASSERTION
scenescape-mapping-mapanything,libxcb-dri3-0:1.15-1,Ubuntu,NOASSERTION
scenescape-mapping-mapanything,libxcb-glx0:1.15-1,Ubuntu,NOASSERTION
scenescape-mapping-mapanything,libxcb-present0:1.15-1,Ubuntu,NOASSERTION
scenescape-mapping-mapanything,libxcb-randr0:1.15-1,Ubuntu,NOASSERTION
scenescape-mapping-mapanything,libxcb-render0:1.15-1,Ubuntu,NOASSERTION
scenescape-mapping-mapanything,libxcb-shape0:1.15-1,Ubuntu,NOASSERTION
scenescape-mapping-mapanything,libxcb-shm0:1.15-1,Ubuntu,NOASSERTION
scenescape-mapping-mapanything,libxcb-sync1:1.15-1,Ubuntu,NOASSERTION
scenescape-mapping-mapanything,libxcb-xfixes0:1.15-1,Ubuntu,NOASSERTION
scenescape-mapping-mapanything,libxcb1:1.15-1,Ubuntu,NOASSERTION
scenescape-mapping-mapanything,libxcb1-dev:1.15-1,Ubuntu,NOASSERTION
scenescape-mapping-mapanything,libxcursor1:1:1.2.1-1,Ubuntu,NOASSERTION
scenescape-mapping-mapanything,libxdmcp-dev:1:1.1.2-3,Ubuntu,NOASSERTION
scenescape-mapping-mapanything,libxdmcp6:1:1.1.2-3,Ubuntu,NOASSERTION
scenescape-mapping-mapanything,libxext6:2:1.3.4-1+b1,Ubuntu,NOASSERTION
scenescape-mapping-mapanything,libxfixes3:1:6.0.0-2,Ubuntu,NOASSERTION
scenescape-mapping-mapanything,libxi6:2:1.8-1+b1,Ubuntu,NOASSERTION
scenescape-mapping-mapanything,libxkbcommon0:1.5.0-1,Ubuntu,NOASSERTION
scenescape-mapping-mapanything,libxml2:2.9.14+dfsg-1.3~deb12u5,Ubuntu,ISC AND LicenseRef-MIT-1
scenescape-mapping-mapanything,libxrandr2:2:1.5.2-2+b1,Ubuntu,NOASSERTION
scenescape-mapping-mapanything,libxrender-dev:1:0.9.10-1.1,Ubuntu,NOASSERTION
scenescape-mapping-mapanything,libxrender1:1:0.9.10-1.1,Ubuntu,NOASSERTION
scenescape-mapping-mapanything,libxshmfence1:1.3-1,Ubuntu,NOASSERTION
scenescape-mapping-mapanything,libxss1:1:1.2.3-1,Ubuntu,NOASSERTION
scenescape-mapping-mapanything,libxv1:2:1.0.11-1.1,Ubuntu,NOASSERTION
scenescape-mapping-mapanything,libxvidcore4:2:1.3.7-1,Ubuntu,GPL-2.0-only AND GPL-2.0-or-later AND LGPL-2.0-only AND LGPL-2.0-or-later
scenescape-mapping-mapanything,libxxf86vm1:1:1.1.4-1+b2,Ubuntu,NOASSERTION
scenescape-mapping-mapanything,libxxhash0:0.8.1-1,Ubuntu,BSD-2-Clause AND GPL-2.0-only
scenescape-mapping-mapanything,libz3-4:4.8.12-3.1,Ubuntu,LicenseRef-Expat AND GPL-2.0-only AND GPL-2.0-or-later
scenescape-mapping-mapanything,libzimg2:3.0.4+ds1-1,Ubuntu,GPL-3.0-only AND GPL-3.0-or-later AND LicenseRef-WTFPL-2
scenescape-mapping-mapanything,libzmq5:4.3.4-6,Ubuntu,LGPL-2.0-only AND LGPL-2.0-or-later AND LGPL-3.0-only AND LGPL-3.0-or-later AND MIT
scenescape-mapping-mapanything,libzstd1:1.5.4+dfsg2-5,Ubuntu,BSD-3-Clause AND LicenseRef-Expat AND GPL-2.0-only AND Zlib
scenescape-mapping-mapanything,libzvbi-common:0.2.41-1,Ubuntu,BSD-2-Clause AND BSD-3-Clause AND GPL-2.0-only AND GPL-2.0-or-later AND LGPL-2.0-only AND LGPL-2.0-or-later AND LGPL-2.1-only AND LGPL-2.1-or-later AND MIT
scenescape-mapping-mapanything,libzvbi0:0.2.41-1,Ubuntu,BSD-2-Clause AND BSD-3-Clause AND GPL-2.0-only AND GPL-2.0-or-later AND LGPL-2.0-only AND LGPL-2.0-or-later AND LGPL-2.1-only AND LGPL-2.1-or-later AND MIT
scenescape-mapping-mapanything,lightning-utilities==0.15.3,pypi,Apache-2.0
scenescape-mapping-mapanything,login:1:4.13+dfsg1-1+deb12u2,Ubuntu,BSD-3-Clause AND GPL-1.0-only AND GPL-2.0-only AND GPL-2.0-or-later AND LicenseRef-public-domain
scenescape-mapping-mapanything,logsave:1.47.0-2+b2,Ubuntu,Apache-2.0 AND Apache-2.0 AND BSD-3-Clause AND LicenseRef-GPL AND GPL-2.0-only AND GPL-2.0-or-later AND ISC AND Kazlib AND LGPL-2.0-only AND Latex2e
scenescape-mapping-mapanything,mapanything==1.1,pypi,NOASSERTION
scenescape-mapping-mapanything,mapanything==1.1,pypi,NOASSERTION
scenescape-mapping-mapanything,markdown==3.10.2,pypi,BSD-3-Clause
scenescape-mapping-mapanything,markdown-it-py==4.0.0,pypi,NOASSERTION
scenescape-mapping-mapanything,markupsafe==3.0.3,pypi,BSD-3-Clause
scenescape-mapping-mapanything,matplotlib==3.10.8,pypi,LicenseRef-3cb2c7aa8ec1f91fe59071d47f0d875cd1381b51d1cbf3ec8e225168c552597a
scenescape-mapping-mapanything,matplotlib-inline==0.2.1,pypi,NOASSERTION
scenescape-mapping-mapanything,mawk:1.3.4.20200120-3.1,Ubuntu,CC-BY-3.0 AND GPL-2.0-only AND X11
scenescape-mapping-mapanything,mdurl==0.1.2,pypi,NOASSERTION
scenescape-mapping-mapanything,minio==7.2.20,pypi,Apache-2.0
scenescape-mapping-mapanything,more-itertools==10.8.0,pypi,MIT
scenescape-mapping-mapanything,mount:2.38.1-5+deb12u3,Ubuntu,BSD-3-Clause AND BSD-4-Clause AND LicenseRef-BSLA AND GPL-2.0-only AND GPL-2.0-or-later AND GPL-3.0-only AND GPL-3.0-or-later AND LicenseRef-LGPL AND LGPL-2.0-only AND LGPL-2.0-or-later AND LGPL-2.1-only AND LGPL-2.1-or-later AND LGPL-3.0-only AND LGPL-3.0-or-later AND MIT AND LicenseRef-public-domain
scenescape-mapping-mapanything,mpmath==1.3.0,pypi,LicenseRef-BSD
scenescape-mapping-mapanything,narwhals==2.18.0,pypi,MIT
scenescape-mapping-mapanything,natsort==8.4.0,pypi,MIT
scenescape-mapping-mapanything,nbformat==5.10.4,pypi,BSD-3-Clause
scenescape-mapping-mapanything,ncurses-base:6.4-4,Ubuntu,BSD-3-Clause AND LicenseRef-MIT-X11 AND X11
scenescape-mapping-mapanything,ncurses-bin:6.4-4,Ubuntu,BSD-3-Clause AND LicenseRef-MIT-X11 AND X11
scenescape-mapping-mapanything,nest-asyncio==1.6.0,pypi,LicenseRef-BSD
scenescape-mapping-mapanything,netbase:6.4,Ubuntu,GPL-2.0-only
scenescape-mapping-mapanything,networkx==3.6.1,pypi,BSD-3-Clause
scenescape-mapping-mapanything,numpy==2.4.3,pypi,(BSD-3-Clause AND 0BSD AND MIT AND Zlib AND CC0-1.0)
scenescape-mapping-mapanything,ocl-icd-libopencl1:2.3.1-1,Ubuntu,BSD-2-Clause
scenescape-mapping-mapanything,omegaconf==2.3.0,pypi,NOASSERTION
scenescape-mapping-mapanything,open3d@0.19.0,npm,MIT
scenescape-mapping-mapanything,open3d@0.19.0,npm,MIT
scenescape-mapping-mapanything,open3d-cpu==0.19.0,pypi,MIT
scenescape-mapping-mapanything,opencv-python-headless==4.10.0.84,pypi,LicenseRef-Apache-2.0
scenescape-mapping-mapanything,openssl:3.0.18-1~deb12u2,Ubuntu,Apache-2.0 AND LicenseRef-Artistic AND GPL-1.0-only AND GPL-1.0-or-later
scenescape-mapping-mapanything,orjson==3.11.5,pypi,(Apache-2.0 OR MIT)
scenescape-mapping-mapanything,packaging==26.0,pypi,(Apache-2.0 OR BSD-2-Clause)
scenescape-mapping-mapanything,packaging==26.0,pypi,(Apache-2.0 OR BSD-2-Clause)
scenescape-mapping-mapanything,pandas==3.0.1,pypi,LicenseRef-6dc1ad62d707e8dda646a5461c66fff8e6497c8656e04ccee9a64d411b017d65
scenescape-mapping-mapanything,parso==0.8.6,pypi,MIT
scenescape-mapping-mapanything,passwd:1:4.13+dfsg1-1+deb12u2,Ubuntu,BSD-3-Clause AND GPL-1.0-only AND GPL-2.0-only AND GPL-2.0-or-later AND LicenseRef-public-domain
scenescape-mapping-mapanything,perl:5.36.0-7+deb12u3,Ubuntu,LicenseRef-Artistic AND Artistic-2.0 AND Artistic-dist AND BSD-3-Clause AND LicenseRef-BSD-3-clause-GENERIC AND LicenseRef-BSD-3-clause-with-weird-numbering AND LicenseRef-BSD-4-clause-POWERDOG AND LicenseRef-BZIP AND LicenseRef-DONT-CHANGE-THE-GPL AND LicenseRef-Expat AND GPL-1.0-only AND GPL-1.0-or-later AND GPL-2.0-only AND GPL-2.0-or-later AND LicenseRef-GPL-3--WITH-BISON-EXCEPTION AND LicenseRef-HSIEH-BSD AND LicenseRef-HSIEH-DERIVATIVE AND LGPL-2.1-only AND LicenseRef-REGCOMP AND LicenseRef-REGCOMP- AND LicenseRef-RRA-KEEP-THIS-NOTICE AND LicenseRef-SDBM-PUBLIC-DOMAIN AND LicenseRef-TEXT-TABS AND LicenseRef-Unicode AND Zlib
scenescape-mapping-mapanything,perl-base:5.36.0-7+deb12u3,Ubuntu,LicenseRef-Artistic AND Artistic-2.0 AND Artistic-dist AND BSD-3-Clause AND LicenseRef-BSD-3-clause-GENERIC AND LicenseRef-BSD-3-clause-with-weird-numbering AND LicenseRef-BSD-4-clause-POWERDOG AND LicenseRef-BZIP AND LicenseRef-DONT-CHANGE-THE-GPL AND LicenseRef-Expat AND GPL-1.0-only AND GPL-1.0-or-later AND GPL-2.0-only AND GPL-2.0-or-later AND LicenseRef-GPL-3--WITH-BISON-EXCEPTION AND LicenseRef-HSIEH-BSD AND LicenseRef-HSIEH-DERIVATIVE AND LGPL-2.1-only AND LicenseRef-REGCOMP AND LicenseRef-REGCOMP- AND LicenseRef-RRA-KEEP-THIS-NOTICE AND LicenseRef-SDBM-PUBLIC-DOMAIN AND LicenseRef-TEXT-TABS AND LicenseRef-Unicode AND Zlib
scenescape-mapping-mapanything,perl-modules-5.36:5.36.0-7+deb12u3,Ubuntu,LicenseRef-Artistic AND Artistic-2.0 AND Artistic-dist AND BSD-3-Clause AND LicenseRef-BSD-3-clause-GENERIC AND LicenseRef-BSD-3-clause-with-weird-numbering AND LicenseRef-BSD-4-clause-POWERDOG AND LicenseRef-BZIP AND LicenseRef-DONT-CHANGE-THE-GPL AND LicenseRef-Expat AND GPL-1.0-only AND GPL-1.0-or-later AND GPL-2.0-only AND GPL-2.0-or-later AND LicenseRef-GPL-3--WITH-BISON-EXCEPTION AND LicenseRef-HSIEH-BSD AND LicenseRef-HSIEH-DERIVATIVE AND LGPL-2.1-only AND LicenseRef-REGCOMP AND LicenseRef-REGCOMP- AND LicenseRef-RRA-KEEP-THIS-NOTICE AND LicenseRef-SDBM-PUBLIC-DOMAIN AND LicenseRef-TEXT-TABS AND LicenseRef-Unicode AND Zlib
scenescape-mapping-mapanything,pexpect==4.9.0,pypi,LicenseRef-ISC-license
scenescape-mapping-mapanything,pillow==12.1.1,pypi,MIT-CMU
scenescape-mapping-mapanything,pillow==12.1.1,pypi,NOASSERTION
scenescape-mapping-mapanything,pillow-heif==1.1.1,pypi,BSD-3-Clause
scenescape-mapping-mapanything,pip==26.0.1,pypi,MIT
scenescape-mapping-mapanything,platformdirs==4.4.0,pypi,MIT
scenescape-mapping-mapanything,platformdirs==4.9.4,pypi,MIT
scenescape-mapping-mapanything,plotly==6.6.0,pypi,MIT
scenescape-mapping-mapanything,plyfile==1.1.3,pypi,GPL-3.0-only
scenescape-mapping-mapanything,prompt-toolkit==3.0.52,pypi,NOASSERTION
scenescape-mapping-mapanything,protobuf==7.34.0,pypi,LicenseRef-3-Clause-BSD-License
scenescape-mapping-mapanything,ptyprocess==0.7.0,pypi,LicenseRef-UNKNOWN
scenescape-mapping-mapanything,pure-eval==0.2.3,pypi,MIT
scenescape-mapping-mapanything,pyarrow==23.0.1,pypi,Apache-2.0
scenescape-mapping-mapanything,pycparser==3.0,pypi,BSD-3-Clause
scenescape-mapping-mapanything,pycryptodome==3.23.0,pypi,LicenseRef-BSD--Public-Domain
scenescape-mapping-mapanything,pydantic==2.12.5,pypi,MIT
scenescape-mapping-mapanything,pydantic-core==2.41.5,pypi,MIT
scenescape-mapping-mapanything,pydub==0.25.1,pypi,MIT
scenescape-mapping-mapanything,pygments==2.19.2,pypi,BSD-2-Clause
scenescape-mapping-mapanything,pyparsing==3.3.2,pypi,MIT
scenescape-mapping-mapanything,pyquaternion==0.9.9,pypi,MIT
scenescape-mapping-mapanything,python:3.11.14,UNKNOWN,NOASSERTION
scenescape-mapping-mapanything,python-box==7.3.2,pypi,MIT
scenescape-mapping-mapanything,python-dateutil==2.9.0.post0,pypi,LicenseRef-Dual-License
scenescape-mapping-mapanything,python-multipart==0.0.22,pypi,Apache-2.0
scenescape-mapping-mapanything,pytz==2026.1.post1,pypi,MIT
scenescape-mapping-mapanything,pyyaml==6.0.3,pypi,MIT
scenescape-mapping-mapanything,readline-common:8.2-1.3,Ubuntu,LicenseRef-GFDL AND LicenseRef-GFDL-NIV-1.3- AND GPL-2.0-only AND GPL-2.0-or-later AND GPL-3.0-only AND GPL-3.0-or-later AND LicenseRef-ISC-no-attribution
scenescape-mapping-mapanything,referencing==0.37.0,pypi,MIT
scenescape-mapping-mapanything,requests==2.32.5,pypi,Apache-2.0
scenescape-mapping-mapanything,rerun-sdk==0.24.1,pypi,(MIT OR Apache-2.0)
scenescape-mapping-mapanything,retrying==1.4.2,pypi,Apache-2.0
scenescape-mapping-mapanything,rich==14.3.3,pypi,MIT
scenescape-mapping-mapanything,rpds-py==0.30.0,pypi,MIT
scenescape-mapping-mapanything,safehttpx==0.1.7,pypi,NOASSERTION
scenescape-mapping-mapanything,safetensors==0.7.0,pypi,NOASSERTION
scenescape-mapping-mapanything,scikit-learn==1.8.0,pypi,BSD-3-Clause
scenescape-mapping-mapanything,scikit_learn==1.8.0,pypi,NOASSERTION
scenescape-mapping-mapanything,scipy==1.17.1,pypi,BSD-3-Clause
scenescape-mapping-mapanything,sed:4.9-1,Ubuntu,BSD-4-Clause-UC AND BSL-1.0 AND GFDL-1.3-only AND LicenseRef-GFDL-NIV-1.3- AND GPL-3.0-only AND GPL-3.0-or-later AND ISC AND X11 AND LicenseRef-pcre
scenescape-mapping-mapanything,semantic-version==2.10.0,pypi,LicenseRef-BSD
scenescape-mapping-mapanything,setuptools==82.0.1,pypi,MIT
scenescape-mapping-mapanything,shared-mime-info:2.2-1,Ubuntu,LicenseRef-GPL
scenescape-mapping-mapanything,shellingham==1.5.4,pypi,LicenseRef-ISC-License
scenescape-mapping-mapanything,six==1.17.0,pypi,MIT
scenescape-mapping-mapanything,stack-data==0.6.3,pypi,MIT
scenescape-mapping-mapanything,starlette==0.52.1,pypi,BSD-3-Clause
scenescape-mapping-mapanything,sympy==1.14.0,pypi,LicenseRef-BSD
scenescape-mapping-mapanything,sysvinit-utils:3.06-4,Ubuntu,GPL-2.0-only AND GPL-2.0-only AND GPL-2.0-or-later AND GPL-3.0-only AND GPL-3.0-only
scenescape-mapping-mapanything,tar:1.34+dfsg-1.2+deb12u1,Ubuntu,GPL-2.0-only AND GPL-2.0-or-later AND GPL-3.0-only AND GPL-3.0-or-later AND LGPL-3.0-only AND LGPL-3.0-or-later
scenescape-mapping-mapanything,tensorboard==2.20.0,pypi,LicenseRef-Apache-2.0
scenescape-mapping-mapanything,tensorboard-data-server==0.7.2,pypi,LicenseRef-Apache-2.0
scenescape-mapping-mapanything,termcolor==3.3.0,pypi,MIT
scenescape-mapping-mapanything,threadpoolctl==3.6.0,pypi,BSD-3-Clause
scenescape-mapping-mapanything,timm==1.0.25,pypi,Apache-2.0
scenescape-mapping-mapanything,tomli==2.4.0,pypi,MIT
scenescape-mapping-mapanything,tomlkit==0.13.3,pypi,MIT
scenescape-mapping-mapanything,torch==2.9.1+cpu,pypi,BSD-3-Clause
scenescape-mapping-mapanything,torchaudio==2.9.1+cpu,pypi,NOASSERTION
scenescape-mapping-mapanything,torchmetrics==1.9.0,pypi,Apache-2.0
scenescape-mapping-mapanything,torchvision==0.24.1+cpu,pypi,LicenseRef-BSD
scenescape-mapping-mapanything,tqdm==4.67.1,pypi,(MPL-2.0 AND MIT)
scenescape-mapping-mapanything,traitlets==5.14.3,pypi,BSD-3-Clause
scenescape-mapping-mapanything,trimesh==4.11.0,pypi,MIT
scenescape-mapping-mapanything,typer==0.24.1,pypi,MIT
scenescape-mapping-mapanything,typer-slim==0.24.0,pypi,MIT
scenescape-mapping-mapanything,typing-extensions==4.15.0,pypi,PSF-2.0
scenescape-mapping-mapanything,typing-inspection==0.4.2,pypi,MIT
scenescape-mapping-mapanything,tzdata:2025b-0+deb12u2,Ubuntu,LicenseRef-public-domain
scenescape-mapping-mapanything,uniception==0.1.6,pypi,LicenseRef-BSD-3-Clause
scenescape-mapping-mapanything,urllib3==2.6.3,pypi,MIT
scenescape-mapping-mapanything,usr-is-merged:37~deb12u1,Ubuntu,GPL-2.0-only AND GPL-2.0-or-later
scenescape-mapping-mapanything,util-linux:2.38.1-5+deb12u3,Ubuntu,BSD-3-Clause AND BSD-4-Clause AND LicenseRef-BSLA AND GPL-2.0-only AND GPL-2.0-or-later AND GPL-3.0-only AND GPL-3.0-or-later AND LicenseRef-LGPL AND LGPL-2.0-only AND LGPL-2.0-or-later AND LGPL-2.1-only AND LGPL-2.1-or-later AND LGPL-3.0-only AND LGPL-3.0-or-later AND MIT AND LicenseRef-public-domain
scenescape-mapping-mapanything,util-linux-extra:2.38.1-5+deb12u3,Ubuntu,BSD-3-Clause AND BSD-4-Clause AND LicenseRef-BSLA AND GPL-2.0-only AND GPL-2.0-or-later AND GPL-3.0-only AND GPL-3.0-or-later AND LicenseRef-LGPL AND LGPL-2.0-only AND LGPL-2.0-or-later AND LGPL-2.1-only AND LGPL-2.1-or-later AND LGPL-3.0-only AND LGPL-3.0-or-later AND MIT AND LicenseRef-public-domain
scenescape-mapping-mapanything,uvicorn==0.41.0,pypi,BSD-3-Clause
scenescape-mapping-mapanything,wadler-lindig==0.1.7,pypi,Apache-2.0
scenescape-mapping-mapanything,wcwidth==0.6.0,pypi,MIT
scenescape-mapping-mapanything,werkzeug==3.1.6,pypi,BSD-3-Clause
scenescape-mapping-mapanything,wheel==0.46.3,pypi,MIT
scenescape-mapping-mapanything,wheel==0.46.3,pypi,MIT
scenescape-mapping-mapanything,widgetsnbextension==4.0.15,pypi,LicenseRef-BSD-3-Clause-License
scenescape-mapping-mapanything,x11-common:1:7.7+23,Ubuntu,LicenseRef-GPL
scenescape-mapping-mapanything,x11proto-dev:2022.1-1,Ubuntu,MIT AND LicenseRef-SGI
scenescape-mapping-mapanything,xkb-data:2.35.1-1,Ubuntu,NOASSERTION
scenescape-mapping-mapanything,xorg-sgml-doctools:1:1.11-1.1,Ubuntu,NOASSERTION
scenescape-mapping-mapanything,xtrans-dev:1.4.0-1,Ubuntu,NOASSERTION
scenescape-mapping-mapanything,zipp==3.23.0,pypi,MIT
scenescape-mapping-mapanything,zipp==3.23.0,pypi,MIT
scenescape-mapping-mapanything,zlib1g:1:1.2.13.dfsg-1,Ubuntu,Zlib
scenescape-mapping-mapanything,sbom,UNKNOWN,NOASSERTION
scenescape-mapping-vggt,@jupyter-widgets/jupyterlab-manager@5.0.15,npm,BSD-3-Clause
scenescape-mapping-vggt,@plotly/dash-jupyterlab@0.4.3,npm,MIT
scenescape-mapping-vggt,Simple Launcher:1.1.0.14,UNKNOWN,NOASSERTION
scenescape-mapping-vggt,Simple Launcher:1.1.0.14,UNKNOWN,NOASSERTION
scenescape-mapping-vggt,Simple Launcher:1.1.0.14,UNKNOWN,NOASSERTION
scenescape-mapping-vggt,Simple Launcher:1.1.0.14,UNKNOWN,NOASSERTION
scenescape-mapping-vggt,Simple Launcher:1.1.0.14,UNKNOWN,NOASSERTION
scenescape-mapping-vggt,Simple Launcher:1.1.0.14,UNKNOWN,NOASSERTION
scenescape-mapping-vggt,absl-py==2.4.0,pypi,Apache-2.0
scenescape-mapping-vggt,addict==2.4.0,pypi,LicenseRef-UNKNOWN
scenescape-mapping-vggt,adduser:3.134,Ubuntu,GPL-2.0-only AND GPL-2.0-or-later
scenescape-mapping-vggt,aiofiles==24.1.0,pypi,Apache-2.0
scenescape-mapping-vggt,annotated-doc==0.0.4,pypi,MIT
scenescape-mapping-vggt,annotated-types==0.7.0,pypi,NOASSERTION
scenescape-mapping-vggt,antlr4-python3-runtime==4.9.3,pypi,LicenseRef-BSD
scenescape-mapping-vggt,anyio==4.12.1,pypi,MIT
scenescape-mapping-vggt,apt:2.6.1,Ubuntu,BSD-3-Clause AND LicenseRef-Expat AND GPL-2.0-only AND GPL-2.0-or-later
scenescape-mapping-vggt,argon2-cffi==25.1.0,pypi,MIT
scenescape-mapping-vggt,argon2-cffi-bindings==25.1.0,pypi,MIT
scenescape-mapping-vggt,asttokens==3.0.1,pypi,LicenseRef-Apache-2.0
scenescape-mapping-vggt,attrs==25.4.0,pypi,MIT
scenescape-mapping-vggt,autocommand==2.2.2,pypi,LicenseRef-LGPLv3
scenescape-mapping-vggt,backports-tarfile==1.2.0,pypi,NOASSERTION
scenescape-mapping-vggt,base-files:12.4+deb12u13,Ubuntu,LicenseRef-GPL
scenescape-mapping-vggt,base-passwd:3.6.1,Ubuntu,GPL-2.0-only AND LicenseRef-public-domain
scenescape-mapping-vggt,bash:5.2.15-2+b10,Ubuntu,BSD-4-Clause-UC AND GFDL-1.3-only AND LicenseRef-GFDL-NIV-1.3 AND GPL-2.0-only AND GPL-2.0-or-later AND GPL-3.0-only AND GPL-3.0-or-later AND Latex2e AND LicenseRef-MIT-like AND LicenseRef-permissive
scenescape-mapping-vggt,blinker==1.9.0,pypi,NOASSERTION
scenescape-mapping-vggt,brotli==1.2.0,pypi,MIT
scenescape-mapping-vggt,bsdutils:1:2.38.1-5+deb12u3,Ubuntu,BSD-3-Clause AND BSD-4-Clause AND LicenseRef-BSLA AND GPL-2.0-only AND GPL-2.0-or-later AND GPL-3.0-only AND GPL-3.0-or-later AND LicenseRef-LGPL AND LGPL-2.0-only AND LGPL-2.0-or-later AND LGPL-2.1-only AND LGPL-2.1-or-later AND LGPL-3.0-only AND LGPL-3.0-or-later AND MIT AND LicenseRef-public-domain
scenescape-mapping-vggt,ca-certificates:20230311+deb12u1,Ubuntu,GPL-2.0-only AND GPL-2.0-or-later AND MPL-2.0
scenescape-mapping-vggt,certifi==2026.2.25,pypi,MPL-2.0
scenescape-mapping-vggt,cffi==2.0.0,pypi,MIT
scenescape-mapping-vggt,charset-normalizer==3.4.5,pypi,MIT
scenescape-mapping-vggt,cli:UNKNOWN,UNKNOWN,NOASSERTION
scenescape-mapping-vggt,cli-32:UNKNOWN,UNKNOWN,NOASSERTION
scenescape-mapping-vggt,cli-64:UNKNOWN,UNKNOWN,NOASSERTION
scenescape-mapping-vggt,cli-arm64:UNKNOWN,UNKNOWN,NOASSERTION
scenescape-mapping-vggt,click==8.3.1,pypi,BSD-3-Clause
scenescape-mapping-vggt,comm==0.2.3,pypi,BSD-3-Clause
scenescape-mapping-vggt,configargparse==1.7.5,pypi,MIT
scenescape-mapping-vggt,contourpy==1.3.3,pypi,BSD-3-Clause
scenescape-mapping-vggt,coreutils:9.1-1,Ubuntu,BSD-4-Clause-UC AND FSFULLR AND GFDL-1.3-only AND LicenseRef-GFDL-NIV-1.3 AND GPL-3.0-only AND GPL-3.0-or-later AND ISC
scenescape-mapping-vggt,curl:7.88.1-10+deb12u14,Ubuntu,BSD-3-Clause AND BSD-3-Clause AND BSD-4-Clause-UC AND FSFULLR AND GPL-2.0-only AND GPL-2.0-or-later AND GPL-3.0-or-later AND ISC AND OLDAP-2.8 AND X11 AND curl
scenescape-mapping-vggt,cycler==0.12.1,pypi,BSD-3-Clause
scenescape-mapping-vggt,dash:0.5.12-2,Ubuntu,BSD-3-Clause AND BSD-3-Clause AND GPL-2.0-only AND GPL-2.0-or-later AND LicenseRef-public-domain
scenescape-mapping-vggt,dash==4.0.0,pypi,MIT
scenescape-mapping-vggt,debconf:1.5.82,Ubuntu,BSD-2-Clause
scenescape-mapping-vggt,debian-archive-keyring:2023.3+deb12u2,Ubuntu,LicenseRef-GPL
scenescape-mapping-vggt,debianutils:5.7-0.5~deb12u1,Ubuntu,GPL-2.0-only AND GPL-2.0-or-later AND SMAIL-GPL AND LicenseRef-public-domain
scenescape-mapping-vggt,decorator==5.2.1,pypi,BSD-2-Clause
scenescape-mapping-vggt,diffutils:1:3.8-4,Ubuntu,FSFAP AND FSFULLR AND GFDL-1.3-only AND LicenseRef-GFDL-NIV-1.3 AND GPL-2.0-only AND GPL-2.0-or-later AND GPL-3.0-only AND GPL-3.0-or-later AND LGPL-2.0-only AND LGPL-2.0-or-later AND LGPL-2.1-only AND LGPL-2.1-or-later AND LGPL-3.0-only AND LGPL-3.0-or-later AND X11 AND LicenseRef-public-domain
scenescape-mapping-vggt,dpkg:1.21.22,Ubuntu,BSD-2-Clause AND GPL-2.0-only AND GPL-2.0-or-later AND LicenseRef-public-domain-s-s-d
scenescape-mapping-vggt,e2fsprogs:1.47.0-2+b2,Ubuntu,Apache-2.0 AND Apache-2.0 AND BSD-3-Clause AND LicenseRef-GPL AND GPL-2.0-only AND GPL-2.0-or-later AND ISC AND Kazlib AND LGPL-2.0-only AND Latex2e
scenescape-mapping-vggt,einops==0.8.2,pypi,MIT
scenescape-mapping-vggt,executing==2.2.1,pypi,MIT
scenescape-mapping-vggt,fastapi==0.135.1,pypi,MIT
scenescape-mapping-vggt,fastjsonschema==2.21.2,pypi,LicenseRef-BSD
scenescape-mapping-vggt,ffmpeg:5.1.4,UNKNOWN,NOASSERTION
scenescape-mapping-vggt,ffmpeg:7:5.1.8-0+deb12u1,Ubuntu,BSD-1-Clause AND BSD-2-Clause AND BSD-3-Clause AND LicenseRef-BSL AND LicenseRef-Expat AND GPL-2.0-only AND GPL-2.0-or-later AND GPL-3.0-only AND GPL-3.0-or-later AND IJG AND ISC AND LGPL-2.0-or-later AND LGPL-2.1-only AND LGPL-2.1-or-later AND LicenseRef-Sundry AND Zlib AND LicenseRef-man-page AND LicenseRef-public-domain
scenescape-mapping-vggt,ffmpy==1.0.0,pypi,MIT
scenescape-mapping-vggt,filelock==3.25.1,pypi,MIT
scenescape-mapping-vggt,findutils:4.9.0-4,Ubuntu,BSD-3-Clause AND FSFAP AND FSFULLR AND GFDL-1.3-only AND LicenseRef-GFDL-NIV-1.3- AND LicenseRef-GPL AND GPL-2.0-only AND GPL-2.0-or-later AND GPL-3.0-only AND GPL-3.0-or-later AND ISC AND LGPL-2.0-only AND LGPL-2.0-or-later AND LGPL-2.1-only AND LGPL-2.1-or-later AND LGPL-3.0-only AND LGPL-3.0-or-later AND X11 AND LicenseRef-public-domain
scenescape-mapping-vggt,flask==3.0.3,pypi,NOASSERTION
scenescape-mapping-vggt,flask-cors==6.0.0,pypi,NOASSERTION
scenescape-mapping-vggt,fontconfig:2.14.1-4,Ubuntu,NOASSERTION
scenescape-mapping-vggt,fontconfig-config:2.14.1-4,Ubuntu,NOASSERTION
scenescape-mapping-vggt,fonts-dejavu-core:2.37-6,Ubuntu,GPL-2.0-only AND GPL-2.0-or-later AND Bitstream-Vera
scenescape-mapping-vggt,fonttools==4.62.0,pypi,MIT
scenescape-mapping-vggt,fsspec==2026.2.0,pypi,BSD-3-Clause
scenescape-mapping-vggt,gcc-12-base:12.2.0-14+deb12u1,Ubuntu,LicenseRef-Artistic AND GFDL-1.2-only AND LicenseRef-GPL AND GPL-2.0-only AND GPL-3.0-only AND LicenseRef-LGPL
scenescape-mapping-vggt,git:1:2.39.5-0+deb12u3,Ubuntu,Apache-2.0 AND LicenseRef-Artistic AND BSD-3-Clause AND LicenseRef-Boost AND LicenseRef-EDL-1.0 AND LicenseRef-Expat AND LicenseRef-GPL AND GPL-1.0-or-later AND GPL-2.0-only AND GPL-2.0-or-later AND ISC AND LGPL-2.0-only AND LGPL-2.0-or-later AND LGPL-2.1-only AND LGPL-2.1-or-later AND Zlib AND LicenseRef-dlmalloc AND LicenseRef-mingw-runtime
scenescape-mapping-vggt,git-man:1:2.39.5-0+deb12u3,Ubuntu,Apache-2.0 AND LicenseRef-Artistic AND BSD-3-Clause AND LicenseRef-Boost AND LicenseRef-EDL-1.0 AND LicenseRef-Expat AND LicenseRef-GPL AND GPL-1.0-or-later AND GPL-2.0-only AND GPL-2.0-or-later AND ISC AND LGPL-2.0-only AND LGPL-2.0-or-later AND LGPL-2.1-only AND LGPL-2.1-or-later AND Zlib AND LicenseRef-dlmalloc AND LicenseRef-mingw-runtime
scenescape-mapping-vggt,gpgv:2.2.40-1.1+deb12u2,Ubuntu,BSD-3-Clause AND CC0-1.0 AND LicenseRef-Expat AND GPL-3.0-only AND GPL-3.0-or-later AND LGPL-2.1-only AND LGPL-2.1-or-later AND LGPL-3.0-only AND LGPL-3.0-or-later AND LicenseRef-RFC-Reference AND LicenseRef-TinySCHEME AND LicenseRef-permissive
scenescape-mapping-vggt,gradio@6.7.0,npm,NOASSERTION
scenescape-mapping-vggt,gradio==6.7.0,pypi,Apache-2.0
scenescape-mapping-vggt,gradio-client==2.2.0,pypi,Apache-2.0
scenescape-mapping-vggt,gradio-server-app@UNKNOWN,npm,NOASSERTION
scenescape-mapping-vggt,gradio_client@2.2.0,npm,NOASSERTION
scenescape-mapping-vggt,grep:3.8-5,Ubuntu,GPL-3.0-only AND GPL-3.0-or-later
scenescape-mapping-vggt,groovy==0.1.2,pypi,NOASSERTION
scenescape-mapping-vggt,grpcio==1.78.0,pypi,Apache-2.0
scenescape-mapping-vggt,gui:UNKNOWN,UNKNOWN,NOASSERTION
scenescape-mapping-vggt,gui-32:UNKNOWN,UNKNOWN,NOASSERTION
scenescape-mapping-vggt,gui-64:UNKNOWN,UNKNOWN,NOASSERTION
scenescape-mapping-vggt,gui-arm64:UNKNOWN,UNKNOWN,NOASSERTION
scenescape-mapping-vggt,gunicorn==22.0.0,pypi,MIT
scenescape-mapping-vggt,gzip:1.12-1,Ubuntu,LicenseRef-FSF-manpages AND LicenseRef-GFDL-1.3--no-invariant AND LicenseRef-GFDL-3 AND GPL-3.0-only AND GPL-3.0-or-later
scenescape-mapping-vggt,h11==0.16.0,pypi,MIT
scenescape-mapping-vggt,hf-xet==1.3.2,pypi,Apache-2.0
scenescape-mapping-vggt,hostname:3.23+nmu1,Ubuntu,GPL-2.0-only
scenescape-mapping-vggt,httpcore==1.0.9,pypi,BSD-3-Clause
scenescape-mapping-vggt,httpx==0.28.1,pypi,BSD-3-Clause
scenescape-mapping-vggt,huggingface-hub==1.3.1,pypi,LicenseRef-Apache
scenescape-mapping-vggt,hydra-core==1.3.2,pypi,MIT
scenescape-mapping-vggt,idna==3.11,pypi,BSD-3-Clause
scenescape-mapping-vggt,importlib-metadata==8.7.1,pypi,Apache-2.0
scenescape-mapping-vggt,importlib-metadata==8.7.1,pypi,Apache-2.0
scenescape-mapping-vggt,init-system-helpers:1.65.2+deb12u1,Ubuntu,BSD-3-Clause AND GPL-2.0-only AND GPL-2.0-or-later
scenescape-mapping-vggt,ipython==9.10.0,pypi,BSD-3-Clause
scenescape-mapping-vggt,ipython-pygments-lexers==1.1.1,pypi,NOASSERTION
scenescape-mapping-vggt,ipywidgets==8.1.8,pypi,LicenseRef-BSD-3-Clause-License
scenescape-mapping-vggt,itsdangerous==2.2.0,pypi,NOASSERTION
scenescape-mapping-vggt,jaraco-context==6.1.0,pypi,MIT
scenescape-mapping-vggt,jaraco-functools==4.4.0,pypi,MIT
scenescape-mapping-vggt,jaraco-text==4.0.0,pypi,NOASSERTION
scenescape-mapping-vggt,jaxtyping==0.3.9,pypi,MIT
scenescape-mapping-vggt,jedi==0.19.2,pypi,MIT
scenescape-mapping-vggt,jinja2==3.1.6,pypi,NOASSERTION
scenescape-mapping-vggt,joblib==1.5.3,pypi,BSD-3-Clause
scenescape-mapping-vggt,jsonschema==4.26.0,pypi,MIT
scenescape-mapping-vggt,jsonschema-specifications==2025.9.1,pypi,MIT
scenescape-mapping-vggt,jupyter-core==5.9.1,pypi,BSD-3-Clause
scenescape-mapping-vggt,jupyterlab-plotly@6.0.1,npm,MIT
scenescape-mapping-vggt,jupyterlab-plotly@6.0.1,npm,MIT
scenescape-mapping-vggt,jupyterlab-widgets==3.0.16,pypi,BSD-3-Clause
scenescape-mapping-vggt,kiwisolver==1.5.0,pypi,LicenseRef-4e89b2eeb82ea10ec61119c814f2ca0bbccdc22b72d0eb4f5542ef08f6a73ed2
scenescape-mapping-vggt,libXau:1.0.9-3.el8,UNKNOWN,NOASSERTION
scenescape-mapping-vggt,libacl1:2.3.1-3,Ubuntu,GPL-2.0-only AND GPL-2.0-or-later AND LGPL-2.0-or-later AND LGPL-2.1-only
scenescape-mapping-vggt,libaom3:3.6.0-1+deb12u2,Ubuntu,BSD-2-Clause AND BSD-2-Clause AND BSD-3-Clause AND LicenseRef-Expat AND ISC AND LicenseRef-public-domain-md5
scenescape-mapping-vggt,libapt-pkg6.0:2.6.1,Ubuntu,BSD-3-Clause AND LicenseRef-Expat AND GPL-2.0-only AND GPL-2.0-or-later
scenescape-mapping-vggt,libasound2:1.2.8-1+b1,Ubuntu,LGPL-2.1-only AND LicenseRef-LPGL-2.1-
scenescape-mapping-vggt,libasound2-data:1.2.8-1,Ubuntu,LGPL-2.1-only AND LicenseRef-LPGL-2.1-
scenescape-mapping-vggt,libass9:1:0.17.1-1,Ubuntu,GPL-2.0-only AND GPL-2.0-or-later AND ISC AND LicenseRef-other-1
scenescape-mapping-vggt,libasyncns0:0.8-6+b3,Ubuntu,LGPL-2.1-only AND LGPL-2.1-or-later
scenescape-mapping-vggt,libattr1:1:2.5.1-4,Ubuntu,GPL-2.0-only AND GPL-2.0-or-later AND LGPL-2.0-or-later AND LGPL-2.1-only
scenescape-mapping-vggt,libaudit-common:1:3.0.9-1,Ubuntu,GPL-1.0-only AND GPL-2.0-only AND LGPL-2.1-only
scenescape-mapping-vggt,libaudit1:1:3.0.9-1,Ubuntu,GPL-1.0-only AND GPL-2.0-only AND LGPL-2.1-only
scenescape-mapping-vggt,libavc1394-0:0.5.4-5,Ubuntu,GPL-2.0-only AND GPL-2.0-or-later AND LGPL-2.1-only AND LGPL-2.1-or-later
scenescape-mapping-vggt,libavcodec59:7:5.1.8-0+deb12u1,Ubuntu,BSD-1-Clause AND BSD-2-Clause AND BSD-3-Clause AND LicenseRef-BSL AND LicenseRef-Expat AND GPL-2.0-only AND GPL-2.0-or-later AND GPL-3.0-only AND GPL-3.0-or-later AND IJG AND ISC AND LGPL-2.0-or-later AND LGPL-2.1-only AND LGPL-2.1-or-later AND LicenseRef-Sundry AND Zlib AND LicenseRef-man-page AND LicenseRef-public-domain
scenescape-mapping-vggt,libavdevice59:7:5.1.8-0+deb12u1,Ubuntu,BSD-1-Clause AND BSD-2-Clause AND BSD-3-Clause AND LicenseRef-BSL AND LicenseRef-Expat AND GPL-2.0-only AND GPL-2.0-or-later AND GPL-3.0-only AND GPL-3.0-or-later AND IJG AND ISC AND LGPL-2.0-or-later AND LGPL-2.1-only AND LGPL-2.1-or-later AND LicenseRef-Sundry AND Zlib AND LicenseRef-man-page AND LicenseRef-public-domain
scenescape-mapping-vggt,libavfilter8:7:5.1.8-0+deb12u1,Ubuntu,BSD-1-Clause AND BSD-2-Clause AND BSD-3-Clause AND LicenseRef-BSL AND LicenseRef-Expat AND GPL-2.0-only AND GPL-2.0-or-later AND GPL-3.0-only AND GPL-3.0-or-later AND IJG AND ISC AND LGPL-2.0-or-later AND LGPL-2.1-only AND LGPL-2.1-or-later AND LicenseRef-Sundry AND Zlib AND LicenseRef-man-page AND LicenseRef-public-domain
scenescape-mapping-vggt,libavformat59:7:5.1.8-0+deb12u1,Ubuntu,BSD-1-Clause AND BSD-2-Clause AND BSD-3-Clause AND LicenseRef-BSL AND LicenseRef-Expat AND GPL-2.0-only AND GPL-2.0-or-later AND GPL-3.0-only AND GPL-3.0-or-later AND IJG AND ISC AND LGPL-2.0-or-later AND LGPL-2.1-only AND LGPL-2.1-or-later AND LicenseRef-Sundry AND Zlib AND LicenseRef-man-page AND LicenseRef-public-domain
scenescape-mapping-vggt,libavutil57:7:5.1.8-0+deb12u1,Ubuntu,BSD-1-Clause AND BSD-2-Clause AND BSD-3-Clause AND LicenseRef-BSL AND LicenseRef-Expat AND GPL-2.0-only AND GPL-2.0-or-later AND GPL-3.0-only AND GPL-3.0-or-later AND IJG AND ISC AND LGPL-2.0-or-later AND LGPL-2.1-only AND LGPL-2.1-or-later AND LicenseRef-Sundry AND Zlib AND LicenseRef-man-page AND LicenseRef-public-domain
scenescape-mapping-vggt,libblas3:3.11.0-2,Ubuntu,BSD-3-Clause AND LicenseRef-BSD-3-clause-intel
scenescape-mapping-vggt,libblkid1:2.38.1-5+deb12u3,Ubuntu,BSD-3-Clause AND BSD-4-Clause AND LicenseRef-BSLA AND GPL-2.0-only AND GPL-2.0-or-later AND GPL-3.0-only AND GPL-3.0-or-later AND LicenseRef-LGPL AND LGPL-2.0-only AND LGPL-2.0-or-later AND LGPL-2.1-only AND LGPL-2.1-or-later AND LGPL-3.0-only AND LGPL-3.0-or-later AND MIT AND LicenseRef-public-domain
scenescape-mapping-vggt,libbluray2:1:1.3.4-1,Ubuntu,BSD-3-Clause AND GPL-2.0-only AND GPL-2.0-or-later AND LGPL-2.1-only AND LGPL-2.1-or-later AND MPL-1.0 AND LicenseRef-custom
scenescape-mapping-vggt,libbrotli1:1.0.9-2+b6,Ubuntu,MIT
scenescape-mapping-vggt,libbs2b0:3.1.0+dfsg-7,Ubuntu,LicenseRef-Expat AND LicenseRef-FSF-unlimited AND GPL-2.0-only AND GPL-2.0-or-later AND GPL-3.0-only AND GPL-3.0-or-later AND LicenseRef-MIT-FSF-public
scenescape-mapping-vggt,libbsd0:0.11.7-2,Ubuntu,BSD-2-Clause AND BSD-2-Clause AND LicenseRef-BSD-2-clause-author AND LicenseRef-BSD-2-clause-verbatim AND BSD-3-Clause AND LicenseRef-BSD-3-clause-John-Birrell AND LicenseRef-BSD-3-clause-Regents AND LicenseRef-BSD-3-clause-author AND LicenseRef-BSD-4-clause-Niels-Provos AND Beerware AND LicenseRef-Expat AND ISC AND LicenseRef-ISC-Original AND libutil-David-Nugent AND LicenseRef-public-domain
scenescape-mapping-vggt,libbz2-1.0:1.0.8-5+b1,Ubuntu,LicenseRef-BSD-variant AND GPL-2.0-only
scenescape-mapping-vggt,libc-bin:2.36-9+deb12u13,Ubuntu,GPL-2.0-only AND LGPL-2.1-only
scenescape-mapping-vggt,libc6:2.36-9+deb12u13,Ubuntu,GPL-2.0-only AND LGPL-2.1-only
scenescape-mapping-vggt,libcaca0:0.99.beta20-3,Ubuntu,LicenseRef-GPL AND GPL-1.0-only AND GPL-2.0-only AND GPL-2.0-or-later AND ISC AND LGPL-2.0-only AND LGPL-2.0-or-later AND LicenseRef-WTFPL-2
scenescape-mapping-vggt,libcairo-gobject2:1.16.0-7,Ubuntu,LGPL-2.1-only
scenescape-mapping-vggt,libcairo2:1.16.0-7,Ubuntu,LGPL-2.1-only
scenescape-mapping-vggt,libcap-ng0:0.8.3-1+b3,Ubuntu,GPL-2.0-only AND GPL-2.0-or-later AND GPL-3.0-only AND LGPL-2.1-only AND LGPL-2.1-or-later
scenescape-mapping-vggt,libcap2:1:2.66-4+deb12u2+b2,Ubuntu,BSD-3-Clause AND GPL-2.0-only AND GPL-2.0-or-later
scenescape-mapping-vggt,libcdio-cdda2:10.2+2.0.1-1,Ubuntu,GFDL-1.2-only AND GPL-3.0-only
scenescape-mapping-vggt,libcdio-paranoia2:10.2+2.0.1-1,Ubuntu,GFDL-1.2-only AND GPL-3.0-only
scenescape-mapping-vggt,libcdio19:2.1.0-4,Ubuntu,GFDL-1.2-only AND GPL-2.0-only AND GPL-2.0-or-later AND GPL-3.0-only
scenescape-mapping-vggt,libchromaprint1:1.5.1-2+b1,Ubuntu,BSD-3-Clause AND LicenseRef-Expat AND LGPL-2.1-only AND LGPL-2.1-or-later
scenescape-mapping-vggt,libcjson1:1.7.15-1+deb12u4,Ubuntu,Apache-2.0 AND MIT
scenescape-mapping-vggt,libcodec2-1.0:1.0.5-1,Ubuntu,LicenseRef-JMVBSD AND LicenseRef-KISSFFTBSD AND LGPL-2.1-only
scenescape-mapping-vggt,libcom-err2:1.47.0-2+b2,Ubuntu,Apache-2.0 AND Apache-2.0 AND BSD-3-Clause AND LicenseRef-GPL AND GPL-2.0-only AND GPL-2.0-or-later AND ISC AND Kazlib AND LGPL-2.0-only AND Latex2e
scenescape-mapping-vggt,libcrypt1:1:4.4.33-2,Ubuntu,NOASSERTION
scenescape-mapping-vggt,libcurl3-gnutls:7.88.1-10+deb12u14,Ubuntu,BSD-3-Clause AND BSD-3-Clause AND BSD-4-Clause-UC AND FSFULLR AND GPL-2.0-only AND GPL-2.0-or-later AND GPL-3.0-or-later AND ISC AND OLDAP-2.8 AND X11 AND curl
scenescape-mapping-vggt,libcurl4:7.88.1-10+deb12u14,Ubuntu,BSD-3-Clause AND BSD-3-Clause AND BSD-4-Clause-UC AND FSFULLR AND GPL-2.0-only AND GPL-2.0-or-later AND GPL-3.0-or-later AND ISC AND OLDAP-2.8 AND X11 AND curl
scenescape-mapping-vggt,libdatrie1:0.2.13-2+b1,Ubuntu,GPL-2.0-only AND GPL-2.0-or-later AND LGPL-2.1-only AND LGPL-2.1-or-later
scenescape-mapping-vggt,libdav1d6:1.0.0-2+deb12u1,Ubuntu,BSD-2-Clause AND ISC AND LicenseRef-public-domain
scenescape-mapping-vggt,libdb5.3:5.3.28+dfsg2-1,Ubuntu,LicenseRef-Artistic AND BSD-3-Clause AND LicenseRef-BSD-3-clause-fjord AND LicenseRef-GPL AND GPL-3.0-only AND LicenseRef-MIT-old AND MS-PL AND Sleepycat AND LicenseRef-TCL-like AND X11 AND Zlib
scenescape-mapping-vggt,libdbus-1-3:1.14.10-1~deb12u1,Ubuntu,AFL-2.1 AND BSD-3-Clause AND LicenseRef-BSD-3-clause-generic AND LicenseRef-Expat AND LicenseRef-FSF-unlimited-permission AND GPL-2.0-only AND GPL-2.0-or-later AND LGPL-2.1-only AND LGPL-2.1-or-later AND LicenseRef-Tcl-BSDish AND LicenseRef-autoconf-archive-permissive AND LicenseRef-g10-permissive
scenescape-mapping-vggt,libdc1394-25:2.2.6-4,Ubuntu,GPL-2.0-only AND LGPL-2.1-only
scenescape-mapping-vggt,libdebconfclient0:0.270,Ubuntu,BSD-2-Clause AND BSD-2-Clause AND GPL-2.0-only AND GPL-2.0-or-later
scenescape-mapping-vggt,libdecor-0-0:0.1.1-2,Ubuntu,LicenseRef-Expat AND GPL-3.0-only AND GPL-3.0-or-later
scenescape-mapping-vggt,libdeflate0:1.14-1,Ubuntu,LicenseRef-Expat
scenescape-mapping-vggt,libdrm-amdgpu1:2.4.114-1+b1,Ubuntu,NOASSERTION
scenescape-mapping-vggt,libdrm-common:2.4.114-1,Ubuntu,NOASSERTION
scenescape-mapping-vggt,libdrm-intel1:2.4.114-1+b1,Ubuntu,NOASSERTION
scenescape-mapping-vggt,libdrm-nouveau2:2.4.114-1+b1,Ubuntu,NOASSERTION
scenescape-mapping-vggt,libdrm-radeon1:2.4.114-1+b1,Ubuntu,NOASSERTION
scenescape-mapping-vggt,libdrm2:2.4.114-1+b1,Ubuntu,NOASSERTION
scenescape-mapping-vggt,libedit2:3.1-20221030-2,Ubuntu,BSD-3-Clause
scenescape-mapping-vggt,libelf1:0.188-2.1,Ubuntu,BSD-2-Clause AND GFDL-1.3-only AND LicenseRef-GFDL-NIV-1.3 AND GPL-2.0-only AND GPL-3.0-only AND GPL-3.0-or-later AND LGPL-2.1-only AND LGPL-2.1-or-later AND LGPL-3.0-only AND LGPL-3.0-or-later
scenescape-mapping-vggt,libepoxy0:1.5.10-1,Ubuntu,LicenseRef-Expat
scenescape-mapping-vggt,liberror-perl:0.17029-2,Ubuntu,LicenseRef-Artistic AND GPL-1.0-only AND GPL-1.0-or-later AND LicenseRef-MIT-X11
scenescape-mapping-vggt,libexpat1:2.5.0-1+deb12u2,Ubuntu,MIT
scenescape-mapping-vggt,libext2fs2:1.47.0-2+b2,Ubuntu,Apache-2.0 AND Apache-2.0 AND BSD-3-Clause AND LicenseRef-GPL AND GPL-2.0-only AND GPL-2.0-or-later AND ISC AND Kazlib AND LGPL-2.0-only AND Latex2e
scenescape-mapping-vggt,libffi8:3.4.4-1,Ubuntu,LicenseRef-Expat AND LicenseRef-GPL AND GPL-2.0-or-later AND GPL-3.0-or-later AND MPL-1.1 AND X11 AND LicenseRef-public-domain
scenescape-mapping-vggt,libflac12:1.4.2+ds-2,Ubuntu,BSD-3-Clause AND GFDL-1.1-or-later AND GFDL-1.2-only AND GPL-2.0-only AND GPL-2.0-or-later AND ISC AND LGPL-2.0-only AND LGPL-2.0-or-later AND LGPL-2.1-only AND LGPL-2.1-or-later AND LicenseRef-Public-domain
scenescape-mapping-vggt,libflite1:2.2-5,Ubuntu,GPL-2.0-only AND GPL-3.0-only
scenescape-mapping-vggt,libfontconfig1:2.14.1-4,Ubuntu,NOASSERTION
scenescape-mapping-vggt,libfreetype6:2.12.1+dfsg-5+deb12u4,Ubuntu,BSD-3-Clause AND BSL-1.0 AND FSFAP AND FTL AND GPL-2.0-only AND GPL-2.0-or-later AND GPL-3.0-only AND GPL-3.0-or-later AND MIT AND LicenseRef-OpenGroup-BSD-like AND LicenseRef-Public-Domain AND Zlib
scenescape-mapping-vggt,libfribidi0:1.0.8-2.1,Ubuntu,LGPL-2.1-only AND LGPL-2.1-or-later
scenescape-mapping-vggt,libgbm1:22.3.6-1+deb12u1,Ubuntu,Apache-2.0 AND BSD-2-Clause AND LicenseRef-BSD-3-google AND LicenseRef-BSL AND LicenseRef-GPL AND LicenseRef-Khronos AND MIT AND LicenseRef-MLAA AND LicenseRef-SGI
scenescape-mapping-vggt,libgcc-s1:12.2.0-14+deb12u1,Ubuntu,LicenseRef-Artistic AND GFDL-1.2-only AND LicenseRef-GPL AND GPL-2.0-only AND GPL-3.0-only AND LicenseRef-LGPL
scenescape-mapping-vggt,libgcrypt20:1.10.1-3,Ubuntu,GPL-2.0-only AND LicenseRef-LGPL
scenescape-mapping-vggt,libgdbm-compat4:1.23-3,Ubuntu,LicenseRef-GFDL-NIV-1.3- AND GPL-2.0-only AND GPL-2.0-or-later AND GPL-3.0-only AND GPL-3.0-or-later
scenescape-mapping-vggt,libgdbm6:1.23-3,Ubuntu,LicenseRef-GFDL-NIV-1.3- AND GPL-2.0-only AND GPL-2.0-or-later AND GPL-3.0-only AND GPL-3.0-or-later
scenescape-mapping-vggt,libgdk-pixbuf-2.0-0:2.42.10+dfsg-1+deb12u3,Ubuntu,CC0-1.0 AND GPL-2.0-only AND GPL-2.0-or-later AND LGPL-2.0-only AND LGPL-2.0-or-later AND LGPL-2.1-only AND LGPL-2.1-or-later
scenescape-mapping-vggt,libgdk-pixbuf2.0-common:2.42.10+dfsg-1+deb12u3,Ubuntu,CC0-1.0 AND GPL-2.0-only AND GPL-2.0-or-later AND LGPL-2.0-only AND LGPL-2.0-or-later AND LGPL-2.1-only AND LGPL-2.1-or-later
scenescape-mapping-vggt,libgfortran5:12.2.0-14+deb12u1,Ubuntu,LicenseRef-Artistic AND GFDL-1.2-only AND LicenseRef-GPL AND GPL-2.0-only AND GPL-3.0-only AND LicenseRef-LGPL
scenescape-mapping-vggt,libgl1:1.6.0-1,Ubuntu,Apache-2.0 AND BSD-1-Clause AND LicenseRef-GPL AND GPL-3.0-only AND GPL-3.0-or-later AND MIT
scenescape-mapping-vggt,libgl1-mesa-dri:22.3.6-1+deb12u1,Ubuntu,Apache-2.0 AND BSD-2-Clause AND LicenseRef-BSD-3-google AND LicenseRef-BSL AND LicenseRef-GPL AND LicenseRef-Khronos AND MIT AND LicenseRef-MLAA AND LicenseRef-SGI
scenescape-mapping-vggt,libglapi-mesa:22.3.6-1+deb12u1,Ubuntu,Apache-2.0 AND BSD-2-Clause AND LicenseRef-BSD-3-google AND LicenseRef-BSL AND LicenseRef-GPL AND LicenseRef-Khronos AND MIT AND LicenseRef-MLAA AND LicenseRef-SGI
scenescape-mapping-vggt,libglib2.0-0:2.74.6-2+deb12u8,Ubuntu,AFL-2.0 AND Apache-2.0 AND LicenseRef-BSD-3-clause-pcre AND CC-BY-SA-3.0 AND CC0-1.0 AND LicenseRef-Expat AND FSFULLR AND GPL-2.0-only AND GPL-2.0-or-later AND LicenseRef-Iconv-PD AND LicenseRef-Janik-permissive AND LicenseRef-Kuchling-PD AND LGPL-2.0-only AND LGPL-2.0-or-later AND LGPL-2.1-only AND LGPL-2.1-or-later AND LGPL-3.0-only AND LGPL-3.0-or-later AND LicenseRef-Mingw-PD AND LicenseRef-Old-GLib-Tests-permissive AND LicenseRef-Plumb-PD AND Unicode-DFS-2016 AND bzip2-1.0.6
scenescape-mapping-vggt,libglvnd0:1.6.0-1,Ubuntu,Apache-2.0 AND BSD-1-Clause AND LicenseRef-GPL AND GPL-3.0-only AND GPL-3.0-or-later AND MIT
scenescape-mapping-vggt,libglx-mesa0:22.3.6-1+deb12u1,Ubuntu,Apache-2.0 AND BSD-2-Clause AND LicenseRef-BSD-3-google AND LicenseRef-BSL AND LicenseRef-GPL AND LicenseRef-Khronos AND MIT AND LicenseRef-MLAA AND LicenseRef-SGI
scenescape-mapping-vggt,libglx0:1.6.0-1,Ubuntu,Apache-2.0 AND BSD-1-Clause AND LicenseRef-GPL AND GPL-3.0-only AND GPL-3.0-or-later AND MIT
scenescape-mapping-vggt,libgme0:0.6.3-6,Ubuntu,LGPL-2.1-only AND LGPL-2.1-or-later AND MIT
scenescape-mapping-vggt,libgmp10:2:6.2.1+dfsg1-1.1,Ubuntu,GPL-2.0-only AND GPL-2.0-or-later AND GPL-3.0-only AND GPL-3.0-or-later AND LGPL-3.0-only AND LGPL-3.0-or-later
scenescape-mapping-vggt,libgnutls30:3.7.9-2+deb12u6,Ubuntu,Apache-2.0 AND BSD-3-Clause AND LicenseRef-CC0 AND LicenseRef-Expat AND GFDL-1.3-only AND LicenseRef-GPL AND GPL-3.0-only AND LicenseRef-GPLv3- AND LicenseRef-LGPL AND LGPL-3.0-only AND LicenseRef-LGPLv2.1- AND LicenseRef-LGPLv3--or-GPLv2- AND LicenseRef-The
scenescape-mapping-vggt,libgomp:8.5.0-28.el8_10.alma.1,UNKNOWN,NOASSERTION
scenescape-mapping-vggt,libgomp1:12.2.0-14+deb12u1,Ubuntu,LicenseRef-Artistic AND GFDL-1.2-only AND LicenseRef-GPL AND GPL-2.0-only AND GPL-3.0-only AND LicenseRef-LGPL
scenescape-mapping-vggt,libgpg-error0:1.46-1,Ubuntu,BSD-3-Clause AND GPL-3.0-only AND GPL-3.0-or-later AND LGPL-2.1-only AND LGPL-2.1-or-later AND LicenseRef-g10-permissive
scenescape-mapping-vggt,libgraphite2-3:1.3.14-1,Ubuntu,LicenseRef-Artistic AND GPL-1.0-only AND GPL-1.0-or-later AND GPL-2.0-only AND GPL-2.0-or-later AND LGPL-2.1-only AND LGPL-2.1-or-later AND MPL-1.1 AND LicenseRef-custom-sil-open-font-license AND LicenseRef-public-domain
scenescape-mapping-vggt,libgsm1:1.0.22-1,Ubuntu,TU-Berlin-2.0
scenescape-mapping-vggt,libgssapi-krb5-2:1.20.1-2+deb12u4,Ubuntu,GPL-2.0-only
scenescape-mapping-vggt,libharfbuzz0b:6.0.0+dfsg-3,Ubuntu,Apache-2.0 AND CC0-1.0 AND LicenseRef-Expat AND FSFAP AND FSFUL AND FSFULLR AND GPL-2.0-only AND GPL-2.0-or-later AND GPL-3.0-only AND GPL-3.0-or-later AND ISC AND LGPL-2.1-only AND LGPL-2.1-or-later AND MIT AND LicenseRef-Monotype AND OFL-1.1 AND LicenseRef-UFL-1.0 AND LicenseRef-Unicode
scenescape-mapping-vggt,libhogweed6:3.8.1-2,Ubuntu,LicenseRef-Expat AND LicenseRef-GAP AND LicenseRef-GPL AND GPL-2.0-only AND GPL-2.0-or-later AND GPL-3.0-or-later AND LicenseRef-LGPL AND LGPL-2.0-only AND LGPL-2.0-or-later AND LGPL-3.0-or-later AND LicenseRef-public-domain
scenescape-mapping-vggt,libhwy1:1.0.3-3+deb12u1,Ubuntu,Apache-2.0
scenescape-mapping-vggt,libice6:2:1.0.10-1,Ubuntu,NOASSERTION
scenescape-mapping-vggt,libicu72:72.1-3+deb12u1,Ubuntu,GPL-3.0-only AND MIT
scenescape-mapping-vggt,libidn2-0:2.3.3-1+b1,Ubuntu,GPL-2.0-only AND GPL-2.0-or-later AND GPL-3.0-only AND GPL-3.0-or-later AND LGPL-3.0-only AND LGPL-3.0-or-later AND LicenseRef-Unicode
scenescape-mapping-vggt,libiec61883-0:1.2.0-6+b1,Ubuntu,LGPL-2.1-only
scenescape-mapping-vggt,libjack-jackd2-0:1.9.21~dfsg-3,Ubuntu,BSD-2-Clause AND BSD-3-Clause AND LicenseRef-Expat AND GPL-2.0-only AND GPL-2.0-or-later AND LicenseRef-GPL-2-either AND LicenseRef-GPL-2-or AND GPL-3.0-only AND GPL-3.0-or-later AND LGPL-2.0-only AND LGPL-2.0-or-later AND LGPL-2.1-only AND LGPL-2.1-or-later AND LicenseRef-public-domain-Kroon
scenescape-mapping-vggt,libjbig0:2.1-6.1,Ubuntu,GPL-2.0-only AND GPL-2.0-or-later
scenescape-mapping-vggt,libjpeg62-turbo:1:2.1.5-2,Ubuntu,BSD-3-Clause AND LicenseRef-BSD-BY-LC-NE AND LicenseRef-Expat AND NTP AND Zlib
scenescape-mapping-vggt,libjxl0.7:0.7.0-10+deb12u1,Ubuntu,LicenseRef-BSD-3-clause-Google AND LicenseRef-ISC-License
scenescape-mapping-vggt,libk5crypto3:1.20.1-2+deb12u4,Ubuntu,GPL-2.0-only
scenescape-mapping-vggt,libkeyutils1:1.6.3-2,Ubuntu,GPL-2.0-only AND GPL-2.0-or-later AND LGPL-2.0-only AND LGPL-2.0-or-later
scenescape-mapping-vggt,libkrb5-3:1.20.1-2+deb12u4,Ubuntu,GPL-2.0-only
scenescape-mapping-vggt,libkrb5support0:1.20.1-2+deb12u4,Ubuntu,GPL-2.0-only
scenescape-mapping-vggt,liblapack3:3.11.0-2,Ubuntu,BSD-3-Clause AND LicenseRef-BSD-3-clause-intel
scenescape-mapping-vggt,liblcms2-2:2.14-2,Ubuntu,GPL-2.0-only AND GPL-2.0-or-later AND GPL-3.0-only AND IJG AND MIT
scenescape-mapping-vggt,libldap-2.5-0:2.5.13+dfsg-5,Ubuntu,BSD-3-Clause AND LicenseRef-BSD-3-clause-California AND LicenseRef-BSD-3-clause-variant AND LicenseRef-BSD-4-clause-California AND Beerware AND LicenseRef-Expat AND LicenseRef-Expat-ISC AND LicenseRef-Expat-UNM AND LicenseRef-F5 AND LicenseRef-FSF-unlimited AND GPL-2.0-only AND GPL-2.0-or-later AND GPL-3.0-only AND GPL-3.0-or-later AND LicenseRef-JCG AND LicenseRef-MIT-XC AND LicenseRef-NeoSoft-permissive AND LicenseRef-OpenLDAP-2.8 AND LicenseRef-UMich AND LicenseRef-public-domain
scenescape-mapping-vggt,liblerc4:4.0.0+ds-2,Ubuntu,Apache-2.0
scenescape-mapping-vggt,liblilv-0-0:0.24.14-1,Ubuntu,BSD-3-Clause AND ISC
scenescape-mapping-vggt,libllvm15:1:15.0.6-4+b1,Ubuntu,LicenseRef-APACHE-2-LLVM-EXCEPTIONS AND Apache-2.0 AND BSD-3-Clause AND BSD-3-Clause AND MIT AND LicenseRef-Python AND LicenseRef-solar-public-domain
scenescape-mapping-vggt,liblz4-1:1.9.4-1,Ubuntu,BSD-2-Clause AND GPL-2.0-only AND GPL-2.0-or-later
scenescape-mapping-vggt,liblzma5:5.4.1-1,Ubuntu,LicenseRef-Autoconf AND GPL-2.0-only AND GPL-2.0-or-later AND GPL-3.0-only AND LGPL-2.0-only AND LGPL-2.1-only AND LGPL-2.1-or-later AND LicenseRef-PD AND LicenseRef-PD-debian AND LicenseRef-config-h AND LicenseRef-noderivs AND LicenseRef-permissive-fsf AND LicenseRef-permissive-nowarranty AND LicenseRef-probably-PD
scenescape-mapping-vggt,libmbedcrypto7:2.28.3-1,Ubuntu,Apache-2.0 AND GPL-2.0-only AND GPL-2.0-or-later
scenescape-mapping-vggt,libmd0:1.0.4-2,Ubuntu,BSD-2-Clause AND BSD-2-Clause AND BSD-3-Clause AND LicenseRef-BSD-3-clause-Aaron-D-Gifford AND Beerware AND ISC AND LicenseRef-public-domain-md4 AND LicenseRef-public-domain-md5 AND LicenseRef-public-domain-sha1
scenescape-mapping-vggt,libmfx1:22.5.4-1,Ubuntu,Apache-2.0 AND BSD-3-Clause AND MIT AND NTP
scenescape-mapping-vggt,libmount1:2.38.1-5+deb12u3,Ubuntu,BSD-3-Clause AND BSD-4-Clause AND LicenseRef-BSLA AND GPL-2.0-only AND GPL-2.0-or-later AND GPL-3.0-only AND GPL-3.0-or-later AND LicenseRef-LGPL AND LGPL-2.0-only AND LGPL-2.0-or-later AND LGPL-2.1-only AND LGPL-2.1-or-later AND LGPL-3.0-only AND LGPL-3.0-or-later AND MIT AND LicenseRef-public-domain
scenescape-mapping-vggt,libmp3lame0:3.100-6,Ubuntu,BSD-3-Clause AND GPL-1.0-only AND GPL-1.0-or-later AND LGPL-2.0-only AND LGPL-2.0-or-later AND LGPL-2.1-only AND LGPL-2.1-or-later AND LicenseRef-zlib-libpng
scenescape-mapping-vggt,libmpg123-0:1.31.2-1+deb12u1,Ubuntu,LGPL-2.1-only
scenescape-mapping-vggt,libmysofa1:1.3.1~dfsg0-1,Ubuntu,BSD-3-Clause AND CC-BY-4.0 AND CC-BY-SA-3.0 AND LicenseRef-cipic AND LicenseRef-listen-ircam AND LicenseRef-mit-kemar
scenescape-mapping-vggt,libncursesw6:6.4-4,Ubuntu,BSD-3-Clause AND LicenseRef-MIT-X11 AND X11
scenescape-mapping-vggt,libnettle8:3.8.1-2,Ubuntu,LicenseRef-Expat AND LicenseRef-GAP AND LicenseRef-GPL AND GPL-2.0-only AND GPL-2.0-or-later AND GPL-3.0-or-later AND LicenseRef-LGPL AND LGPL-2.0-only AND LGPL-2.0-or-later AND LGPL-3.0-or-later AND LicenseRef-public-domain
scenescape-mapping-vggt,libnghttp2-14:1.52.0-1+deb12u2,Ubuntu,BSD-2-Clause AND LicenseRef-Expat AND GPL-3.0-only AND GPL-3.0-or-later AND MIT AND LicenseRef-all-permissive
scenescape-mapping-vggt,libnorm1:1.5.9+dfsg-2,Ubuntu,BSD-2-Clause AND BSD-3-Clause AND BSD-4-Clause-UC AND LicenseRef-NRL-2-clause AND LicenseRef-NRL-3-clause
scenescape-mapping-vggt,libnsl2:1.3.0-2,Ubuntu,BSD-3-Clause AND GPL-2.0-only AND LicenseRef-GPL-2--autoconf-exception AND LicenseRef-GPL-2--libtool-exception AND GPL-3.0-only AND LicenseRef-GPL-3--autoconf-exception AND LGPL-2.1-only AND LGPL-2.1-or-later AND MIT AND LicenseRef-permissive-autoconf-m4 AND LicenseRef-permissive-autoconf-m4-no-warranty AND LicenseRef-permissive-configure AND LicenseRef-permissive-fsf AND LicenseRef-permissive-makefile-in
scenescape-mapping-vggt,libnuma1:2.0.16-1,Ubuntu,LicenseRef-GPL AND LicenseRef-LGPL
scenescape-mapping-vggt,libogg0:1.3.5-3,Ubuntu,BSD-3-Clause AND LicenseRef-rfc3533-license AND LicenseRef-rfc5334-license
scenescape-mapping-vggt,libopenal-data:1:1.19.1-2,Ubuntu,LicenseRef-Apache AND LicenseRef-BSD-3-clause-cmake AND LicenseRef-Expat AND GPL-2.0-only AND GPL-2.0-or-later AND GPL-3.0-only AND GPL-3.0-or-later AND LGPL-2.0-or-later AND LGPL-2.1-or-later
scenescape-mapping-vggt,libopenal1:1:1.19.1-2,Ubuntu,LicenseRef-Apache AND LicenseRef-BSD-3-clause-cmake AND LicenseRef-Expat AND GPL-2.0-only AND GPL-2.0-or-later AND GPL-3.0-only AND GPL-3.0-or-later AND LGPL-2.0-or-later AND LGPL-2.1-or-later
scenescape-mapping-vggt,libopenjp2-7:2.5.0-2+deb12u2,Ubuntu,LicenseRef-BSD-2 AND LicenseRef-BSD-3 AND Libpng AND libtiff AND LicenseRef-LIBTIFF-GLARSON AND LicenseRef-LIBTIFF-PIXAR AND MIT AND Zlib AND LicenseRef-public-domain
scenescape-mapping-vggt,libopenmpt0:0.6.9-1,Ubuntu,BSD-3-Clause AND BSL-1.0 AND LicenseRef-GNU-All-Permissive-License AND LicenseRef-GNU-All-Permissive-License-FSF AND GPL-2.0-only AND GPL-2.0-or-later AND GPL-3.0-only AND GPL-3.0-or-later AND X11
scenescape-mapping-vggt,libopus0:1.3.1-3,Ubuntu,BSD-2-Clause AND BSD-3-Clause
scenescape-mapping-vggt,libp11-kit0:0.24.1-2,Ubuntu,Apache-2.0 AND BSD-3-Clause AND ISC AND LicenseRef-ISC-IBM AND LGPL-2.1-only AND LGPL-2.1-or-later AND LicenseRef-permissive-like-automake-output AND LicenseRef-same-as-rest-of-p11kit
scenescape-mapping-vggt,libpam-modules:1.5.2-6+deb12u2,Ubuntu,BSD-3-Clause AND LicenseRef-BSD-tcp-wrappers AND Beerware AND LicenseRef-GPL AND GPL-2.0-only AND GPL-2.0-or-later AND GPL-3.0-only AND GPL-3.0-or-later AND LGPL-2.0-only AND LGPL-2.0-or-later AND LicenseRef-public-domain
scenescape-mapping-vggt,libpam-modules-bin:1.5.2-6+deb12u2,Ubuntu,BSD-3-Clause AND LicenseRef-BSD-tcp-wrappers AND Beerware AND LicenseRef-GPL AND GPL-2.0-only AND GPL-2.0-or-later AND GPL-3.0-only AND GPL-3.0-or-later AND LGPL-2.0-only AND LGPL-2.0-or-later AND LicenseRef-public-domain
scenescape-mapping-vggt,libpam-runtime:1.5.2-6+deb12u2,Ubuntu,BSD-3-Clause AND LicenseRef-BSD-tcp-wrappers AND Beerware AND LicenseRef-GPL AND GPL-2.0-only AND GPL-2.0-or-later AND GPL-3.0-only AND GPL-3.0-or-later AND LGPL-2.0-only AND LGPL-2.0-or-later AND LicenseRef-public-domain
scenescape-mapping-vggt,libpam0g:1.5.2-6+deb12u2,Ubuntu,BSD-3-Clause AND LicenseRef-BSD-tcp-wrappers AND Beerware AND LicenseRef-GPL AND GPL-2.0-only AND GPL-2.0-or-later AND GPL-3.0-only AND GPL-3.0-or-later AND LGPL-2.0-only AND LGPL-2.0-or-later AND LicenseRef-public-domain
scenescape-mapping-vggt,libpango-1.0-0:1.50.12+ds-1,Ubuntu,Apache-2.0 AND Apache-2.0 AND Bitstream-Vera AND CC0-1.0 AND LicenseRef-Chromium-BSD-style AND LicenseRef-Example AND GPL-2.0-or-later AND GPL-2.0-only AND ICU AND LGPL-2.0-only AND LGPL-2.0-or-later AND LGPL-2.1-only AND LGPL-2.1-or-later AND OFL-1.1 AND TCL AND LicenseRef-Unicode
scenescape-mapping-vggt,libpangocairo-1.0-0:1.50.12+ds-1,Ubuntu,Apache-2.0 AND Apache-2.0 AND Bitstream-Vera AND CC0-1.0 AND LicenseRef-Chromium-BSD-style AND LicenseRef-Example AND GPL-2.0-or-later AND GPL-2.0-only AND ICU AND LGPL-2.0-only AND LGPL-2.0-or-later AND LGPL-2.1-only AND LGPL-2.1-or-later AND OFL-1.1 AND TCL AND LicenseRef-Unicode
scenescape-mapping-vggt,libpangoft2-1.0-0:1.50.12+ds-1,Ubuntu,Apache-2.0 AND Apache-2.0 AND Bitstream-Vera AND CC0-1.0 AND LicenseRef-Chromium-BSD-style AND LicenseRef-Example AND GPL-2.0-or-later AND GPL-2.0-only AND ICU AND LGPL-2.0-only AND LGPL-2.0-or-later AND LGPL-2.1-only AND LGPL-2.1-or-later AND OFL-1.1 AND TCL AND LicenseRef-Unicode
scenescape-mapping-vggt,libpciaccess0:0.17-2,Ubuntu,LicenseRef-GPL
scenescape-mapping-vggt,libpcre2-8-0:10.42-1,Ubuntu,BSD-2-Clause AND BSD-3-Clause AND LicenseRef-BSD-3-clause-Cambridge AND X11 AND LicenseRef-public-domain
scenescape-mapping-vggt,libperl5.36:5.36.0-7+deb12u3,Ubuntu,LicenseRef-Artistic AND Artistic-2.0 AND Artistic-dist AND BSD-3-Clause AND LicenseRef-BSD-3-clause-GENERIC AND LicenseRef-BSD-3-clause-with-weird-numbering AND LicenseRef-BSD-4-clause-POWERDOG AND LicenseRef-BZIP AND LicenseRef-DONT-CHANGE-THE-GPL AND LicenseRef-Expat AND GPL-1.0-only AND GPL-1.0-or-later AND GPL-2.0-only AND GPL-2.0-or-later AND LicenseRef-GPL-3--WITH-BISON-EXCEPTION AND LicenseRef-HSIEH-BSD AND LicenseRef-HSIEH-DERIVATIVE AND LGPL-2.1-only AND LicenseRef-REGCOMP AND LicenseRef-REGCOMP- AND LicenseRef-RRA-KEEP-THIS-NOTICE AND LicenseRef-SDBM-PUBLIC-DOMAIN AND LicenseRef-TEXT-TABS AND LicenseRef-Unicode AND Zlib
scenescape-mapping-vggt,libpgm-5.3-0:5.3.128~dfsg-2,Ubuntu,BSD-3-Clause AND ISC AND LGPL-2.0-only AND LGPL-2.0-or-later AND LGPL-2.1-only
scenescape-mapping-vggt,libpixman-1-0:0.42.2-1,Ubuntu,NOASSERTION
scenescape-mapping-vggt,libplacebo208:4.208.0-3,Ubuntu,LicenseRef-CC0 AND LicenseRef-Expat AND LGPL-2.1-only AND LGPL-2.1-or-later AND Zlib
scenescape-mapping-vggt,libpng16-16:1.6.39-2+deb12u3,Ubuntu,Apache-2.0 AND BSD-3-Clause AND LicenseRef-BSD-like-with-advertising-clause AND GPL-2.0-only AND GPL-2.0-or-later AND LicenseRef-expat AND Libpng
scenescape-mapping-vggt,libpocketsphinx3:0.8+5prealpha+1-15,Ubuntu,LicenseRef-BSD-2 AND BSD-3-Clause AND GPL-2.0-only AND GPL-2.0-or-later
scenescape-mapping-vggt,libpostproc56:7:5.1.8-0+deb12u1,Ubuntu,BSD-1-Clause AND BSD-2-Clause AND BSD-3-Clause AND LicenseRef-BSL AND LicenseRef-Expat AND GPL-2.0-only AND GPL-2.0-or-later AND GPL-3.0-only AND GPL-3.0-or-later AND IJG AND ISC AND LGPL-2.0-or-later AND LGPL-2.1-only AND LGPL-2.1-or-later AND LicenseRef-Sundry AND Zlib AND LicenseRef-man-page AND LicenseRef-public-domain
scenescape-mapping-vggt,libpsl5:0.21.2-1,Ubuntu,LicenseRef-Chromium AND MIT AND LicenseRef-gnulib
scenescape-mapping-vggt,libpthread-stubs0-dev:0.4-1,Ubuntu,NOASSERTION
scenescape-mapping-vggt,libpulse0:16.1+dfsg1-2+b1,Ubuntu,GPL-2.0-only AND GPL-2.0-or-later AND LGPL-2.0-only AND LGPL-2.0-or-later AND LGPL-2.1-only AND LGPL-2.1-or-later AND LicenseRef-other
scenescape-mapping-vggt,libquadmath0:12.2.0-14+deb12u1,Ubuntu,LicenseRef-Artistic AND GFDL-1.2-only AND LicenseRef-GPL AND GPL-2.0-only AND GPL-3.0-only AND LicenseRef-LGPL
scenescape-mapping-vggt,librabbitmq4:0.11.0-1+deb12u1,Ubuntu,LicenseRef-BSD-Author AND LicenseRef-Expat
scenescape-mapping-vggt,librav1e0:0.5.1-6,Ubuntu,BSD-2-Clause AND BSD-2-Clause AND ISC
scenescape-mapping-vggt,libraw1394-11:2.1.2-2,Ubuntu,LicenseRef-GPL AND LicenseRef-LGPL
scenescape-mapping-vggt,libreadline8:8.2-1.3,Ubuntu,LicenseRef-GFDL AND LicenseRef-GFDL-NIV-1.3- AND GPL-2.0-only AND GPL-2.0-or-later AND GPL-3.0-only AND GPL-3.0-or-later AND LicenseRef-ISC-no-attribution
scenescape-mapping-vggt,librist4:0.2.7+dfsg-1,Ubuntu,BSD-2-Clause AND LicenseRef-Expat AND ISC AND LicenseRef-public-domain
scenescape-mapping-vggt,librsvg2-2:2.54.7+dfsg-1~deb12u1,Ubuntu,0BSD AND Apache-2.0 AND LicenseRef-Apache-2.0- AND BSD-2-Clause AND BSD-3-Clause AND LicenseRef-Boost-1.0 AND CC-BY-3.0 AND LicenseRef-CC-zero-waive-1.0-us AND LicenseRef-Expat AND FSFAP AND LGPL-2.0-only AND LGPL-2.0-or-later AND MPL-2.0 AND OFL-1.1 AND LicenseRef-Sun-permissive AND Unlicense AND Zlib
scenescape-mapping-vggt,librtmp1:2.4+20151223.gitfa8646d.1-2+b2,Ubuntu,GPL-2.0-only AND LGPL-2.1-only
scenescape-mapping-vggt,librubberband2:3.1.2+dfsg0-1,Ubuntu,BSD-3-Clause AND LicenseRef-Expat AND GPL-2.0-only AND GPL-2.0-or-later AND Zlib AND LicenseRef-other-1
scenescape-mapping-vggt,libsamplerate0:0.2.2-3,Ubuntu,BSD-2-Clause AND FSFAP AND GPL-2.0-only AND GPL-2.0-or-later AND GPL-3.0-only AND GPL-3.0-or-later
scenescape-mapping-vggt,libsasl2-2:2.1.28+dfsg-10,Ubuntu,BSD-2-Clause AND LicenseRef-BSD-2.2-clause AND BSD-3-Clause AND LicenseRef-BSD-3-clause-JANET AND LicenseRef-BSD-3-clause-PADL AND BSD-4-Clause AND LicenseRef-BSD-4-clause-KTH AND BSD-4-Clause-UC AND FSFULLR AND GPL-3.0-only AND GPL-3.0-or-later AND LicenseRef-IBM-as-is AND MIT-CMU AND LicenseRef-MIT-Export AND LicenseRef-MIT-OpenVision AND LicenseRef-OpenLDAP AND OpenSSL AND RSA-MD AND LicenseRef-SSLeay
scenescape-mapping-vggt,libsasl2-modules-db:2.1.28+dfsg-10,Ubuntu,BSD-2-Clause AND LicenseRef-BSD-2.2-clause AND BSD-3-Clause AND LicenseRef-BSD-3-clause-JANET AND LicenseRef-BSD-3-clause-PADL AND BSD-4-Clause AND LicenseRef-BSD-4-clause-KTH AND BSD-4-Clause-UC AND FSFULLR AND GPL-3.0-only AND GPL-3.0-or-later AND LicenseRef-IBM-as-is AND MIT-CMU AND LicenseRef-MIT-Export AND LicenseRef-MIT-OpenVision AND LicenseRef-OpenLDAP AND OpenSSL AND RSA-MD AND LicenseRef-SSLeay
scenescape-mapping-vggt,libsdl2-2.0-0:2.26.5+dfsg-1,Ubuntu,Apache-2.0 AND BSD-3-Clause AND LicenseRef-BSD-3-clause-chromium AND LicenseRef-BSD-3-clause-kitware AND LicenseRef-BrownUn-UnCalifornia-ErikCorry AND LicenseRef-Expat AND LicenseRef-Expat-like AND GPL-3.0-only AND LicenseRef-Gareth-McCaughan AND LGPL-2.1-only AND LGPL-2.1-or-later AND MIT-open-group AND LicenseRef-Mozilla-permissive AND LicenseRef-PublicDomain-David-Ludwig AND LicenseRef-PublicDomain-Edgar-Simo AND LicenseRef-PublicDomain-Sam-Lantinga AND LicenseRef-RSA-Data-Security AND LicenseRef-SGI-Free-Software-License-B AND SunPro AND LicenseRef-hidapi-orig AND LicenseRef-zlib-libpng-like-permissive AND LicenseRef-zlib-libpng
scenescape-mapping-vggt,libseccomp2:2.5.4-1+deb12u1,Ubuntu,LGPL-2.1-only
scenescape-mapping-vggt,libselinux1:3.4-1+b6,Ubuntu,GPL-2.0-only AND LGPL-2.1-only
scenescape-mapping-vggt,libsemanage-common:3.4-1,Ubuntu,LicenseRef-GPL AND LicenseRef-LGPL
scenescape-mapping-vggt,libsemanage2:3.4-1+b5,Ubuntu,LicenseRef-GPL AND LicenseRef-LGPL
scenescape-mapping-vggt,libsensors-config:1:3.6.0-7.1,Ubuntu,GPL-2.0-only AND LGPL-2.1-only
scenescape-mapping-vggt,libsensors5:1:3.6.0-7.1,Ubuntu,GPL-2.0-only AND LGPL-2.1-only
scenescape-mapping-vggt,libsepol2:3.4-2.1,Ubuntu,GPL-2.0-only AND GPL-2.0-or-later AND LGPL-2.1-only AND LGPL-2.1-or-later AND Zlib
scenescape-mapping-vggt,libserd-0-0:0.30.16-1,Ubuntu,ISC
scenescape-mapping-vggt,libshine3:3.1.1-2,Ubuntu,GPL-2.0-only AND GPL-2.0-or-later AND LGPL-2.0-only
scenescape-mapping-vggt,libslang2:2.3.3-3,Ubuntu,GPL-2.0-only AND GPL-2.0-or-later
scenescape-mapping-vggt,libsm6:2:1.2.3-1,Ubuntu,NOASSERTION
scenescape-mapping-vggt,libsmartcols1:2.38.1-5+deb12u3,Ubuntu,BSD-3-Clause AND BSD-4-Clause AND LicenseRef-BSLA AND GPL-2.0-only AND GPL-2.0-or-later AND GPL-3.0-only AND GPL-3.0-or-later AND LicenseRef-LGPL AND LGPL-2.0-only AND LGPL-2.0-or-later AND LGPL-2.1-only AND LGPL-2.1-or-later AND LGPL-3.0-only AND LGPL-3.0-or-later AND MIT AND LicenseRef-public-domain
scenescape-mapping-vggt,libsnappy1v5:1.1.9-3,Ubuntu,BSD-3-Clause AND CC-BY-3.0 AND CC-BY-4.0 AND MIT AND LicenseRef-public-domain
scenescape-mapping-vggt,libsndfile1:1.2.0-1+deb12u1,Ubuntu,Apache-2.0 AND BSD-2-Clause AND BSD-3-Clause AND FSFAP AND GPL-2.0-only AND GPL-2.0-or-later AND GPL-3.0-only AND GPL-3.0-or-later AND LGPL-2.0-only AND LGPL-2.0-or-later AND LGPL-2.1-only AND LGPL-2.1-or-later AND NTP AND LicenseRef-gsm AND LicenseRef-sun
scenescape-mapping-vggt,libsndio7.0:1.9.0-0.3+b2,Ubuntu,ISC AND LicenseRef-ISC-packaging
scenescape-mapping-vggt,libsodium23:1.0.18-1+deb12u1,Ubuntu,BSD-2-Clause AND LicenseRef-CC0 AND CC0-1.0 AND GPL-2.0-only AND GPL-2.0-or-later AND ISC AND MIT AND LicenseRef-public-domain
scenescape-mapping-vggt,libsord-0-0:0.16.14+git221008-1,Ubuntu,ISC
scenescape-mapping-vggt,libsoxr0:0.1.3-4,Ubuntu,LGPL-2.1-only AND LGPL-2.1-or-later AND LicenseRef-Spherepack AND LicenseRef-permissive1 AND LicenseRef-permissive2
scenescape-mapping-vggt,libspeex1:1.2.1-2,Ubuntu,BSD-3-Clause AND GFDL-1.1-or-later AND GFDL-1.2-only AND LGPL-2.0-only AND LGPL-2.0-or-later AND LicenseRef-custom-1
scenescape-mapping-vggt,libsphinxbase3:0.8+5prealpha+1-16,Ubuntu,BSD-2-Clause AND LicenseRef-BSD-2-clause-beyond AND BSD-3-Clause AND LicenseRef-BSD-3-clause-carnegie AND GPL-2.0-only AND GPL-2.0-or-later AND LicenseRef-lucent AND LicenseRef-u-o-tennesee
scenescape-mapping-vggt,libsqlite3-0:3.40.1-2+deb12u2,Ubuntu,GPL-2.0-only AND GPL-2.0-or-later AND LicenseRef-public-domain
scenescape-mapping-vggt,libsratom-0-0:0.6.14-1,Ubuntu,ISC
scenescape-mapping-vggt,libsrt1.5-gnutls:1.5.1-1+deb12u1,Ubuntu,BSD-3-Clause AND LGPL-2.1-only AND LGPL-2.1-or-later AND MPL-2.0 AND Zlib AND Unlicense
scenescape-mapping-vggt,libss2:1.47.0-2+b2,Ubuntu,Apache-2.0 AND Apache-2.0 AND BSD-3-Clause AND LicenseRef-GPL AND GPL-2.0-only AND GPL-2.0-or-later AND ISC AND Kazlib AND LGPL-2.0-only AND Latex2e
scenescape-mapping-vggt,libssh-gcrypt-4:0.10.6-0+deb12u2,Ubuntu,BSD-2-Clause AND BSD-3-Clause AND LGPL-2.1-only AND LicenseRef-LGPL-2.1--OpenSSL AND LicenseRef-public-domain
scenescape-mapping-vggt,libssh2-1:1.10.0-3+b1,Ubuntu,LicenseRef-BSD3
scenescape-mapping-vggt,libssl3:3.0.18-1~deb12u2,Ubuntu,Apache-2.0 AND LicenseRef-Artistic AND GPL-1.0-only AND GPL-1.0-or-later
scenescape-mapping-vggt,libstdc++6:12.2.0-14+deb12u1,Ubuntu,LicenseRef-Artistic AND GFDL-1.2-only AND LicenseRef-GPL AND GPL-2.0-only AND GPL-3.0-only AND LicenseRef-LGPL
scenescape-mapping-vggt,libsvtav1enc1:1.4.1+dfsg-1,Ubuntu,BSD-2-Clause AND BSD-3-Clause-Clear AND BSD-3-Clause AND LicenseRef-Expat AND ISC AND LGPL-2.1-only AND LGPL-2.1-or-later
scenescape-mapping-vggt,libswresample4:7:5.1.8-0+deb12u1,Ubuntu,BSD-1-Clause AND BSD-2-Clause AND BSD-3-Clause AND LicenseRef-BSL AND LicenseRef-Expat AND GPL-2.0-only AND GPL-2.0-or-later AND GPL-3.0-only AND GPL-3.0-or-later AND IJG AND ISC AND LGPL-2.0-or-later AND LGPL-2.1-only AND LGPL-2.1-or-later AND LicenseRef-Sundry AND Zlib AND LicenseRef-man-page AND LicenseRef-public-domain
scenescape-mapping-vggt,libswscale6:7:5.1.8-0+deb12u1,Ubuntu,BSD-1-Clause AND BSD-2-Clause AND BSD-3-Clause AND LicenseRef-BSL AND LicenseRef-Expat AND GPL-2.0-only AND GPL-2.0-or-later AND GPL-3.0-only AND GPL-3.0-or-later AND IJG AND ISC AND LGPL-2.0-or-later AND LGPL-2.1-only AND LGPL-2.1-or-later AND LicenseRef-Sundry AND Zlib AND LicenseRef-man-page AND LicenseRef-public-domain
scenescape-mapping-vggt,libsystemd0:252.39-1~deb12u1,Ubuntu,CC0-1.0 AND LicenseRef-Expat AND GPL-2.0-only AND GPL-2.0-or-later AND LGPL-2.1-only AND LGPL-2.1-or-later AND LicenseRef-public-domain
scenescape-mapping-vggt,libtasn1-6:4.19.0-2+deb12u1,Ubuntu,GFDL-1.3-only AND GPL-3.0-only AND LicenseRef-LGPL AND LGPL-2.1-only
scenescape-mapping-vggt,libthai-data:0.1.29-1,Ubuntu,GPL-2.0-only AND GPL-2.0-or-later AND LGPL-2.1-only AND LGPL-2.1-or-later
scenescape-mapping-vggt,libthai0:0.1.29-1,Ubuntu,GPL-2.0-only AND GPL-2.0-or-later AND LGPL-2.1-only AND LGPL-2.1-or-later
scenescape-mapping-vggt,libtheora0:1.1.1+dfsg.1-16.1+deb12u1,Ubuntu,BSD-3-Clause
scenescape-mapping-vggt,libtiff6:4.5.0-6+deb12u3,Ubuntu,LicenseRef-Hylafax
scenescape-mapping-vggt,libtinfo6:6.4-4,Ubuntu,BSD-3-Clause AND LicenseRef-MIT-X11 AND X11
scenescape-mapping-vggt,libtirpc-common:1.3.3+ds-1,Ubuntu,BSD-3-Clause AND GPL-2.0-only AND LGPL-2.1-only
scenescape-mapping-vggt,libtirpc3:1.3.3+ds-1,Ubuntu,BSD-3-Clause AND GPL-2.0-only AND LGPL-2.1-only
scenescape-mapping-vggt,libtwolame0:0.4.0-2,Ubuntu,LGPL-2.0-only AND LGPL-2.0-or-later
scenescape-mapping-vggt,libudev1:252.39-1~deb12u1,Ubuntu,CC0-1.0 AND LicenseRef-Expat AND GPL-2.0-only AND GPL-2.0-or-later AND LGPL-2.1-only AND LGPL-2.1-or-later AND LicenseRef-public-domain
scenescape-mapping-vggt,libudfread0:1.1.2-1,Ubuntu,GPL-2.0-only AND GPL-2.0-or-later AND LGPL-2.1-only AND LGPL-2.1-or-later
scenescape-mapping-vggt,libunistring2:1.0-2,Ubuntu,LicenseRef-FreeSoftware AND GFDL-1.2-only AND GFDL-1.2-or-later AND GPL-2.0-only AND GPL-2.0-or-later AND GPL-3.0-only AND GPL-3.0-or-later AND LGPL-3.0-only AND LGPL-3.0-or-later AND MIT
scenescape-mapping-vggt,libusb-1.0-0:2:1.0.26-1,Ubuntu,GPL-2.0-only AND LGPL-2.1-only
scenescape-mapping-vggt,libuuid1:2.38.1-5+deb12u3,Ubuntu,BSD-3-Clause AND BSD-4-Clause AND LicenseRef-BSLA AND GPL-2.0-only AND GPL-2.0-or-later AND GPL-3.0-only AND GPL-3.0-or-later AND LicenseRef-LGPL AND LGPL-2.0-only AND LGPL-2.0-or-later AND LGPL-2.1-only AND LGPL-2.1-or-later AND LGPL-3.0-only AND LGPL-3.0-or-later AND MIT AND LicenseRef-public-domain
scenescape-mapping-vggt,libva-drm2:2.17.0-1,Ubuntu,LicenseRef-Expat AND LicenseRef-Expat-advertising AND GPL-2.0-only AND GPL-2.0-or-later AND LicenseRef-other
scenescape-mapping-vggt,libva-x11-2:2.17.0-1,Ubuntu,LicenseRef-Expat AND LicenseRef-Expat-advertising AND GPL-2.0-only AND GPL-2.0-or-later AND LicenseRef-other
scenescape-mapping-vggt,libva2:2.17.0-1,Ubuntu,LicenseRef-Expat AND LicenseRef-Expat-advertising AND GPL-2.0-only AND GPL-2.0-or-later AND LicenseRef-other
scenescape-mapping-vggt,libvdpau1:1.5-2,Ubuntu,LicenseRef-Expat AND LicenseRef-other
scenescape-mapping-vggt,libvidstab1.1:1.1.0-2+b1,Ubuntu,GPL-2.0-only AND GPL-2.0-or-later
scenescape-mapping-vggt,libvorbis0a:1.3.7-1,Ubuntu,BSD-3-Clause AND LicenseRef-RFC-special
scenescape-mapping-vggt,libvorbisenc2:1.3.7-1,Ubuntu,BSD-3-Clause AND LicenseRef-RFC-special
scenescape-mapping-vggt,libvorbisfile3:1.3.7-1,Ubuntu,BSD-3-Clause AND LicenseRef-RFC-special
scenescape-mapping-vggt,libvpx7:1.12.0-1+deb12u5,Ubuntu,BSD-3-Clause AND ISC AND LicenseRef-public-domain
scenescape-mapping-vggt,libvulkan1:1.3.239.0-1,Ubuntu,Apache-2.0 AND MIT
scenescape-mapping-vggt,libwayland-client0:1.21.0-1,Ubuntu,X11
scenescape-mapping-vggt,libwayland-cursor0:1.21.0-1,Ubuntu,X11
scenescape-mapping-vggt,libwayland-egl1:1.21.0-1,Ubuntu,X11
scenescape-mapping-vggt,libwayland-server0:1.21.0-1,Ubuntu,X11
scenescape-mapping-vggt,libwebp7:1.2.4-0.2+deb12u1,Ubuntu,Apache-2.0
scenescape-mapping-vggt,libwebpmux3:1.2.4-0.2+deb12u1,Ubuntu,Apache-2.0
scenescape-mapping-vggt,libx11-6:2:1.8.4-2+deb12u2,Ubuntu,NOASSERTION
scenescape-mapping-vggt,libx11-data:2:1.8.4-2+deb12u2,Ubuntu,NOASSERTION
scenescape-mapping-vggt,libx11-dev:2:1.8.4-2+deb12u2,Ubuntu,NOASSERTION
scenescape-mapping-vggt,libx11-xcb1:2:1.8.4-2+deb12u2,Ubuntu,NOASSERTION
scenescape-mapping-vggt,libx264-164:2:0.164.3095+gitbaee400-3,Ubuntu,BSD-3-Clause AND LicenseRef-Expat AND GPL-2.0-only AND GPL-2.0-or-later AND ISC AND LGPL-2.1-or-later AND LicenseRef-public-domain
scenescape-mapping-vggt,libx265-199:3.5-2+b1,Ubuntu,LicenseRef-Expat AND GPL-2.0-only AND GPL-2.0-or-later AND ISC AND LGPL-2.1-only AND LGPL-2.1-or-later
scenescape-mapping-vggt,libxau-dev:1:1.0.9-1,Ubuntu,NOASSERTION
scenescape-mapping-vggt,libxau6:1:1.0.9-1,Ubuntu,NOASSERTION
scenescape-mapping-vggt,libxcb-dri2-0:1.15-1,Ubuntu,NOASSERTION
scenescape-mapping-vggt,libxcb-dri3-0:1.15-1,Ubuntu,NOASSERTION
scenescape-mapping-vggt,libxcb-glx0:1.15-1,Ubuntu,NOASSERTION
scenescape-mapping-vggt,libxcb-present0:1.15-1,Ubuntu,NOASSERTION
scenescape-mapping-vggt,libxcb-randr0:1.15-1,Ubuntu,NOASSERTION
scenescape-mapping-vggt,libxcb-render0:1.15-1,Ubuntu,NOASSERTION
scenescape-mapping-vggt,libxcb-shape0:1.15-1,Ubuntu,NOASSERTION
scenescape-mapping-vggt,libxcb-shm0:1.15-1,Ubuntu,NOASSERTION
scenescape-mapping-vggt,libxcb-sync1:1.15-1,Ubuntu,NOASSERTION
scenescape-mapping-vggt,libxcb-xfixes0:1.15-1,Ubuntu,NOASSERTION
scenescape-mapping-vggt,libxcb1:1.15-1,Ubuntu,NOASSERTION
scenescape-mapping-vggt,libxcb1-dev:1.15-1,Ubuntu,NOASSERTION
scenescape-mapping-vggt,libxcursor1:1:1.2.1-1,Ubuntu,NOASSERTION
scenescape-mapping-vggt,libxdmcp-dev:1:1.1.2-3,Ubuntu,NOASSERTION
scenescape-mapping-vggt,libxdmcp6:1:1.1.2-3,Ubuntu,NOASSERTION
scenescape-mapping-vggt,libxext6:2:1.3.4-1+b1,Ubuntu,NOASSERTION
scenescape-mapping-vggt,libxfixes3:1:6.0.0-2,Ubuntu,NOASSERTION
scenescape-mapping-vggt,libxi6:2:1.8-1+b1,Ubuntu,NOASSERTION
scenescape-mapping-vggt,libxkbcommon0:1.5.0-1,Ubuntu,NOASSERTION
scenescape-mapping-vggt,libxml2:2.9.14+dfsg-1.3~deb12u5,Ubuntu,ISC AND LicenseRef-MIT-1
scenescape-mapping-vggt,libxrandr2:2:1.5.2-2+b1,Ubuntu,NOASSERTION
scenescape-mapping-vggt,libxrender-dev:1:0.9.10-1.1,Ubuntu,NOASSERTION
scenescape-mapping-vggt,libxrender1:1:0.9.10-1.1,Ubuntu,NOASSERTION
scenescape-mapping-vggt,libxshmfence1:1.3-1,Ubuntu,NOASSERTION
scenescape-mapping-vggt,libxss1:1:1.2.3-1,Ubuntu,NOASSERTION
scenescape-mapping-vggt,libxv1:2:1.0.11-1.1,Ubuntu,NOASSERTION
scenescape-mapping-vggt,libxvidcore4:2:1.3.7-1,Ubuntu,GPL-2.0-only AND GPL-2.0-or-later AND LGPL-2.0-only AND LGPL-2.0-or-later
scenescape-mapping-vggt,libxxf86vm1:1:1.1.4-1+b2,Ubuntu,NOASSERTION
scenescape-mapping-vggt,libxxhash0:0.8.1-1,Ubuntu,BSD-2-Clause AND GPL-2.0-only
scenescape-mapping-vggt,libz3-4:4.8.12-3.1,Ubuntu,LicenseRef-Expat AND GPL-2.0-only AND GPL-2.0-or-later
scenescape-mapping-vggt,libzimg2:3.0.4+ds1-1,Ubuntu,GPL-3.0-only AND GPL-3.0-or-later AND LicenseRef-WTFPL-2
scenescape-mapping-vggt,libzmq5:4.3.4-6,Ubuntu,LGPL-2.0-only AND LGPL-2.0-or-later AND LGPL-3.0-only AND LGPL-3.0-or-later AND MIT
scenescape-mapping-vggt,libzstd1:1.5.4+dfsg2-5,Ubuntu,BSD-3-Clause AND LicenseRef-Expat AND GPL-2.0-only AND Zlib
scenescape-mapping-vggt,libzvbi-common:0.2.41-1,Ubuntu,BSD-2-Clause AND BSD-3-Clause AND GPL-2.0-only AND GPL-2.0-or-later AND LGPL-2.0-only AND LGPL-2.0-or-later AND LGPL-2.1-only AND LGPL-2.1-or-later AND MIT
scenescape-mapping-vggt,libzvbi0:0.2.41-1,Ubuntu,BSD-2-Clause AND BSD-3-Clause AND GPL-2.0-only AND GPL-2.0-or-later AND LGPL-2.0-only AND LGPL-2.0-or-later AND LGPL-2.1-only AND LGPL-2.1-or-later AND MIT
scenescape-mapping-vggt,lightning-utilities==0.15.3,pypi,Apache-2.0
scenescape-mapping-vggt,login:1:4.13+dfsg1-1+deb12u2,Ubuntu,BSD-3-Clause AND GPL-1.0-only AND GPL-2.0-only AND GPL-2.0-or-later AND LicenseRef-public-domain
scenescape-mapping-vggt,logsave:1.47.0-2+b2,Ubuntu,Apache-2.0 AND Apache-2.0 AND BSD-3-Clause AND LicenseRef-GPL AND GPL-2.0-only AND GPL-2.0-or-later AND ISC AND Kazlib AND LGPL-2.0-only AND Latex2e
scenescape-mapping-vggt,mapanything==1.1,pypi,NOASSERTION
scenescape-mapping-vggt,mapanything==1.1,pypi,NOASSERTION
scenescape-mapping-vggt,markdown==3.10.2,pypi,BSD-3-Clause
scenescape-mapping-vggt,markdown-it-py==4.0.0,pypi,NOASSERTION
scenescape-mapping-vggt,markupsafe==3.0.3,pypi,BSD-3-Clause
scenescape-mapping-vggt,matplotlib==3.10.8,pypi,LicenseRef-3cb2c7aa8ec1f91fe59071d47f0d875cd1381b51d1cbf3ec8e225168c552597a
scenescape-mapping-vggt,matplotlib-inline==0.2.1,pypi,NOASSERTION
scenescape-mapping-vggt,mawk:1.3.4.20200120-3.1,Ubuntu,CC-BY-3.0 AND GPL-2.0-only AND X11
scenescape-mapping-vggt,mdurl==0.1.2,pypi,NOASSERTION
scenescape-mapping-vggt,minio==7.2.20,pypi,Apache-2.0
scenescape-mapping-vggt,more-itertools==10.8.0,pypi,MIT
scenescape-mapping-vggt,mount:2.38.1-5+deb12u3,Ubuntu,BSD-3-Clause AND BSD-4-Clause AND LicenseRef-BSLA AND GPL-2.0-only AND GPL-2.0-or-later AND GPL-3.0-only AND GPL-3.0-or-later AND LicenseRef-LGPL AND LGPL-2.0-only AND LGPL-2.0-or-later AND LGPL-2.1-only AND LGPL-2.1-or-later AND LGPL-3.0-only AND LGPL-3.0-or-later AND MIT AND LicenseRef-public-domain
scenescape-mapping-vggt,mpmath==1.3.0,pypi,LicenseRef-BSD
scenescape-mapping-vggt,narwhals==2.18.0,pypi,MIT
scenescape-mapping-vggt,natsort==8.4.0,pypi,MIT
scenescape-mapping-vggt,nbformat==5.10.4,pypi,BSD-3-Clause
scenescape-mapping-vggt,ncurses-base:6.4-4,Ubuntu,BSD-3-Clause AND LicenseRef-MIT-X11 AND X11
scenescape-mapping-vggt,ncurses-bin:6.4-4,Ubuntu,BSD-3-Clause AND LicenseRef-MIT-X11 AND X11
scenescape-mapping-vggt,nest-asyncio==1.6.0,pypi,LicenseRef-BSD
scenescape-mapping-vggt,netbase:6.4,Ubuntu,GPL-2.0-only
scenescape-mapping-vggt,networkx==3.6.1,pypi,BSD-3-Clause
scenescape-mapping-vggt,numpy==2.4.3,pypi,(BSD-3-Clause AND 0BSD AND MIT AND Zlib AND CC0-1.0)
scenescape-mapping-vggt,ocl-icd-libopencl1:2.3.1-1,Ubuntu,BSD-2-Clause
scenescape-mapping-vggt,omegaconf==2.3.0,pypi,NOASSERTION
scenescape-mapping-vggt,open3d@0.19.0,npm,MIT
scenescape-mapping-vggt,open3d@0.19.0,npm,MIT
scenescape-mapping-vggt,open3d-cpu==0.19.0,pypi,MIT
scenescape-mapping-vggt,opencv-python-headless==4.10.0.84,pypi,LicenseRef-Apache-2.0
scenescape-mapping-vggt,openssl:3.0.18-1~deb12u2,Ubuntu,Apache-2.0 AND LicenseRef-Artistic AND GPL-1.0-only AND GPL-1.0-or-later
scenescape-mapping-vggt,orjson==3.11.5,pypi,(Apache-2.0 OR MIT)
scenescape-mapping-vggt,packaging==26.0,pypi,(Apache-2.0 OR BSD-2-Clause)
scenescape-mapping-vggt,packaging==26.0,pypi,(Apache-2.0 OR BSD-2-Clause)
scenescape-mapping-vggt,pandas==3.0.1,pypi,LicenseRef-6dc1ad62d707e8dda646a5461c66fff8e6497c8656e04ccee9a64d411b017d65
scenescape-mapping-vggt,parso==0.8.6,pypi,MIT
scenescape-mapping-vggt,passwd:1:4.13+dfsg1-1+deb12u2,Ubuntu,BSD-3-Clause AND GPL-1.0-only AND GPL-2.0-only AND GPL-2.0-or-later AND LicenseRef-public-domain
scenescape-mapping-vggt,perl:5.36.0-7+deb12u3,Ubuntu,LicenseRef-Artistic AND Artistic-2.0 AND Artistic-dist AND BSD-3-Clause AND LicenseRef-BSD-3-clause-GENERIC AND LicenseRef-BSD-3-clause-with-weird-numbering AND LicenseRef-BSD-4-clause-POWERDOG AND LicenseRef-BZIP AND LicenseRef-DONT-CHANGE-THE-GPL AND LicenseRef-Expat AND GPL-1.0-only AND GPL-1.0-or-later AND GPL-2.0-only AND GPL-2.0-or-later AND LicenseRef-GPL-3--WITH-BISON-EXCEPTION AND LicenseRef-HSIEH-BSD AND LicenseRef-HSIEH-DERIVATIVE AND LGPL-2.1-only AND LicenseRef-REGCOMP AND LicenseRef-REGCOMP- AND LicenseRef-RRA-KEEP-THIS-NOTICE AND LicenseRef-SDBM-PUBLIC-DOMAIN AND LicenseRef-TEXT-TABS AND LicenseRef-Unicode AND Zlib
scenescape-mapping-vggt,perl-base:5.36.0-7+deb12u3,Ubuntu,LicenseRef-Artistic AND Artistic-2.0 AND Artistic-dist AND BSD-3-Clause AND LicenseRef-BSD-3-clause-GENERIC AND LicenseRef-BSD-3-clause-with-weird-numbering AND LicenseRef-BSD-4-clause-POWERDOG AND LicenseRef-BZIP AND LicenseRef-DONT-CHANGE-THE-GPL AND LicenseRef-Expat AND GPL-1.0-only AND GPL-1.0-or-later AND GPL-2.0-only AND GPL-2.0-or-later AND LicenseRef-GPL-3--WITH-BISON-EXCEPTION AND LicenseRef-HSIEH-BSD AND LicenseRef-HSIEH-DERIVATIVE AND LGPL-2.1-only AND LicenseRef-REGCOMP AND LicenseRef-REGCOMP- AND LicenseRef-RRA-KEEP-THIS-NOTICE AND LicenseRef-SDBM-PUBLIC-DOMAIN AND LicenseRef-TEXT-TABS AND LicenseRef-Unicode AND Zlib
scenescape-mapping-vggt,perl-modules-5.36:5.36.0-7+deb12u3,Ubuntu,LicenseRef-Artistic AND Artistic-2.0 AND Artistic-dist AND BSD-3-Clause AND LicenseRef-BSD-3-clause-GENERIC AND LicenseRef-BSD-3-clause-with-weird-numbering AND LicenseRef-BSD-4-clause-POWERDOG AND LicenseRef-BZIP AND LicenseRef-DONT-CHANGE-THE-GPL AND LicenseRef-Expat AND GPL-1.0-only AND GPL-1.0-or-later AND GPL-2.0-only AND GPL-2.0-or-later AND LicenseRef-GPL-3--WITH-BISON-EXCEPTION AND LicenseRef-HSIEH-BSD AND LicenseRef-HSIEH-DERIVATIVE AND LGPL-2.1-only AND LicenseRef-REGCOMP AND LicenseRef-REGCOMP- AND LicenseRef-RRA-KEEP-THIS-NOTICE AND LicenseRef-SDBM-PUBLIC-DOMAIN AND LicenseRef-TEXT-TABS AND LicenseRef-Unicode AND Zlib
scenescape-mapping-vggt,pexpect==4.9.0,pypi,LicenseRef-ISC-license
scenescape-mapping-vggt,pillow==12.1.1,pypi,MIT-CMU
scenescape-mapping-vggt,pillow==12.1.1,pypi,NOASSERTION
scenescape-mapping-vggt,pillow-heif==1.1.1,pypi,BSD-3-Clause
scenescape-mapping-vggt,pip==26.0.1,pypi,MIT
scenescape-mapping-vggt,platformdirs==4.4.0,pypi,MIT
scenescape-mapping-vggt,platformdirs==4.9.4,pypi,MIT
scenescape-mapping-vggt,plotly==6.6.0,pypi,MIT
scenescape-mapping-vggt,plyfile==1.1.3,pypi,GPL-3.0-only
scenescape-mapping-vggt,prompt-toolkit==3.0.52,pypi,NOASSERTION
scenescape-mapping-vggt,protobuf==7.34.0,pypi,LicenseRef-3-Clause-BSD-License
scenescape-mapping-vggt,ptyprocess==0.7.0,pypi,LicenseRef-UNKNOWN
scenescape-mapping-vggt,pure-eval==0.2.3,pypi,MIT
scenescape-mapping-vggt,pyarrow==23.0.1,pypi,Apache-2.0
scenescape-mapping-vggt,pycparser==3.0,pypi,BSD-3-Clause
scenescape-mapping-vggt,pycryptodome==3.23.0,pypi,LicenseRef-BSD--Public-Domain
scenescape-mapping-vggt,pydantic==2.12.5,pypi,MIT
scenescape-mapping-vggt,pydantic-core==2.41.5,pypi,MIT
scenescape-mapping-vggt,pydub==0.25.1,pypi,MIT
scenescape-mapping-vggt,pygments==2.19.2,pypi,BSD-2-Clause
scenescape-mapping-vggt,pyparsing==3.3.2,pypi,MIT
scenescape-mapping-vggt,pyquaternion==0.9.9,pypi,MIT
scenescape-mapping-vggt,python:3.11.14,UNKNOWN,NOASSERTION
scenescape-mapping-vggt,python-box==7.3.2,pypi,MIT
scenescape-mapping-vggt,python-dateutil==2.9.0.post0,pypi,LicenseRef-Dual-License
scenescape-mapping-vggt,python-multipart==0.0.22,pypi,Apache-2.0
scenescape-mapping-vggt,pytz==2026.1.post1,pypi,MIT
scenescape-mapping-vggt,pyyaml==6.0.3,pypi,MIT
scenescape-mapping-vggt,readline-common:8.2-1.3,Ubuntu,LicenseRef-GFDL AND LicenseRef-GFDL-NIV-1.3- AND GPL-2.0-only AND GPL-2.0-or-later AND GPL-3.0-only AND GPL-3.0-or-later AND LicenseRef-ISC-no-attribution
scenescape-mapping-vggt,referencing==0.37.0,pypi,MIT
scenescape-mapping-vggt,requests==2.32.5,pypi,Apache-2.0
scenescape-mapping-vggt,rerun-sdk==0.24.1,pypi,(MIT OR Apache-2.0)
scenescape-mapping-vggt,retrying==1.4.2,pypi,Apache-2.0
scenescape-mapping-vggt,rich==14.3.3,pypi,MIT
scenescape-mapping-vggt,rpds-py==0.30.0,pypi,MIT
scenescape-mapping-vggt,safehttpx==0.1.7,pypi,NOASSERTION
scenescape-mapping-vggt,safetensors==0.7.0,pypi,NOASSERTION
scenescape-mapping-vggt,scikit-learn==1.8.0,pypi,BSD-3-Clause
scenescape-mapping-vggt,scikit_learn==1.8.0,pypi,NOASSERTION
scenescape-mapping-vggt,scipy==1.17.1,pypi,BSD-3-Clause
scenescape-mapping-vggt,sed:4.9-1,Ubuntu,BSD-4-Clause-UC AND BSL-1.0 AND GFDL-1.3-only AND LicenseRef-GFDL-NIV-1.3- AND GPL-3.0-only AND GPL-3.0-or-later AND ISC AND X11 AND LicenseRef-pcre
scenescape-mapping-vggt,semantic-version==2.10.0,pypi,LicenseRef-BSD
scenescape-mapping-vggt,setuptools==82.0.1,pypi,MIT
scenescape-mapping-vggt,shared-mime-info:2.2-1,Ubuntu,LicenseRef-GPL
scenescape-mapping-vggt,shellingham==1.5.4,pypi,LicenseRef-ISC-License
scenescape-mapping-vggt,six==1.17.0,pypi,MIT
scenescape-mapping-vggt,stack-data==0.6.3,pypi,MIT
scenescape-mapping-vggt,starlette==0.52.1,pypi,BSD-3-Clause
scenescape-mapping-vggt,sympy==1.14.0,pypi,LicenseRef-BSD
scenescape-mapping-vggt,sysvinit-utils:3.06-4,Ubuntu,GPL-2.0-only AND GPL-2.0-only AND GPL-2.0-or-later AND GPL-3.0-only AND GPL-3.0-only
scenescape-mapping-vggt,tar:1.34+dfsg-1.2+deb12u1,Ubuntu,GPL-2.0-only AND GPL-2.0-or-later AND GPL-3.0-only AND GPL-3.0-or-later AND LGPL-3.0-only AND LGPL-3.0-or-later
scenescape-mapping-vggt,tensorboard==2.20.0,pypi,LicenseRef-Apache-2.0
scenescape-mapping-vggt,tensorboard-data-server==0.7.2,pypi,LicenseRef-Apache-2.0
scenescape-mapping-vggt,termcolor==3.3.0,pypi,MIT
scenescape-mapping-vggt,threadpoolctl==3.6.0,pypi,BSD-3-Clause
scenescape-mapping-vggt,timm==1.0.25,pypi,Apache-2.0
scenescape-mapping-vggt,tomli==2.4.0,pypi,MIT
scenescape-mapping-vggt,tomlkit==0.13.3,pypi,MIT
scenescape-mapping-vggt,torch==2.9.1+cpu,pypi,BSD-3-Clause
scenescape-mapping-vggt,torchaudio==2.9.1+cpu,pypi,NOASSERTION
scenescape-mapping-vggt,torchmetrics==1.9.0,pypi,Apache-2.0
scenescape-mapping-vggt,torchvision==0.24.1+cpu,pypi,LicenseRef-BSD
scenescape-mapping-vggt,tqdm==4.67.1,pypi,(MPL-2.0 AND MIT)
scenescape-mapping-vggt,traitlets==5.14.3,pypi,BSD-3-Clause
scenescape-mapping-vggt,trimesh==4.11.0,pypi,MIT
scenescape-mapping-vggt,typer==0.24.1,pypi,MIT
scenescape-mapping-vggt,typer-slim==0.24.0,pypi,MIT
scenescape-mapping-vggt,typing-extensions==4.15.0,pypi,PSF-2.0
scenescape-mapping-vggt,typing-inspection==0.4.2,pypi,MIT
scenescape-mapping-vggt,tzdata:2025b-0+deb12u2,Ubuntu,LicenseRef-public-domain
scenescape-mapping-vggt,uniception==0.1.6,pypi,LicenseRef-BSD-3-Clause
scenescape-mapping-vggt,urllib3==2.6.3,pypi,MIT
scenescape-mapping-vggt,usr-is-merged:37~deb12u1,Ubuntu,GPL-2.0-only AND GPL-2.0-or-later
scenescape-mapping-vggt,util-linux:2.38.1-5+deb12u3,Ubuntu,BSD-3-Clause AND BSD-4-Clause AND LicenseRef-BSLA AND GPL-2.0-only AND GPL-2.0-or-later AND GPL-3.0-only AND GPL-3.0-or-later AND LicenseRef-LGPL AND LGPL-2.0-only AND LGPL-2.0-or-later AND LGPL-2.1-only AND LGPL-2.1-or-later AND LGPL-3.0-only AND LGPL-3.0-or-later AND MIT AND LicenseRef-public-domain
scenescape-mapping-vggt,util-linux-extra:2.38.1-5+deb12u3,Ubuntu,BSD-3-Clause AND BSD-4-Clause AND LicenseRef-BSLA AND GPL-2.0-only AND GPL-2.0-or-later AND GPL-3.0-only AND GPL-3.0-or-later AND LicenseRef-LGPL AND LGPL-2.0-only AND LGPL-2.0-or-later AND LGPL-2.1-only AND LGPL-2.1-or-later AND LGPL-3.0-only AND LGPL-3.0-or-later AND MIT AND LicenseRef-public-domain
scenescape-mapping-vggt,uvicorn==0.41.0,pypi,BSD-3-Clause
scenescape-mapping-vggt,wadler-lindig==0.1.7,pypi,Apache-2.0
scenescape-mapping-vggt,wcwidth==0.6.0,pypi,MIT
scenescape-mapping-vggt,werkzeug==3.1.6,pypi,BSD-3-Clause
scenescape-mapping-vggt,wheel==0.46.3,pypi,MIT
scenescape-mapping-vggt,wheel==0.46.3,pypi,MIT
scenescape-mapping-vggt,widgetsnbextension==4.0.15,pypi,LicenseRef-BSD-3-Clause-License
scenescape-mapping-vggt,x11-common:1:7.7+23,Ubuntu,LicenseRef-GPL
scenescape-mapping-vggt,x11proto-dev:2022.1-1,Ubuntu,MIT AND LicenseRef-SGI
scenescape-mapping-vggt,xkb-data:2.35.1-1,Ubuntu,NOASSERTION
scenescape-mapping-vggt,xorg-sgml-doctools:1:1.11-1.1,Ubuntu,NOASSERTION
scenescape-mapping-vggt,xtrans-dev:1.4.0-1,Ubuntu,NOASSERTION
scenescape-mapping-vggt,zipp==3.23.0,pypi,MIT
scenescape-mapping-vggt,zipp==3.23.0,pypi,MIT
scenescape-mapping-vggt,zlib1g:1:1.2.13.dfsg-1,Ubuntu,Zlib
scenescape-mapping-vggt,sbom,UNKNOWN,NOASSERTION
scenescape-model-installer,apt:2.8.3,Ubuntu,BSD-3-Clause AND LicenseRef-Expat AND GPL-2.0-only AND GPL-2.0-or-later
scenescape-model-installer,base-files:13ubuntu10.4,Ubuntu,LicenseRef-GPL
scenescape-model-installer,base-passwd:3.6.3build1,Ubuntu,GPL-2.0-only AND LicenseRef-public-domain
scenescape-model-installer,bash:5.2.21-2ubuntu4,Ubuntu,BSD-4-Clause-UC AND GFDL-1.3-only AND LicenseRef-GFDL-NIV-1.3 AND GPL-2.0-only AND GPL-2.0-or-later AND GPL-3.0-only AND GPL-3.0-or-later AND Latex2e AND LicenseRef-MIT-like AND LicenseRef-permissive
scenescape-model-installer,bsdutils:1:2.39.3-9ubuntu6.4,Ubuntu,BSD-3-Clause AND BSD-4-Clause AND LicenseRef-BSLA AND GPL-2.0-only AND GPL-2.0-or-later AND GPL-3.0-only AND GPL-3.0-or-later AND LicenseRef-LGPL AND LGPL-2.0-only AND LGPL-2.0-or-later AND LGPL-2.1-only AND LGPL-2.1-or-later AND LGPL-3.0-only AND LGPL-3.0-or-later AND MIT AND LicenseRef-public-domain
scenescape-model-installer,ca-certificates:20240203,Ubuntu,GPL-2.0-only AND GPL-2.0-or-later AND MPL-2.0
scenescape-model-installer,coreutils:9.4-3ubuntu6.1,Ubuntu,BSD-4-Clause-UC AND FSFULLR AND GFDL-1.3-only AND LicenseRef-GFDL-NIV-1.3 AND GPL-3.0-only AND GPL-3.0-or-later AND ISC
scenescape-model-installer,dash:0.5.12-6ubuntu5,Ubuntu,BSD-3-Clause AND BSD-3-Clause AND GPL-2.0-only AND GPL-2.0-or-later AND LicenseRef-public-domain
scenescape-model-installer,debconf:1.5.86ubuntu1,Ubuntu,BSD-2-Clause
scenescape-model-installer,debianutils:5.17build1,Ubuntu,GPL-2.0-only AND GPL-2.0-or-later AND SMAIL-GPL AND LicenseRef-public-domain
scenescape-model-installer,diffutils:1:3.10-1build1,Ubuntu,FSFAP AND FSFULLR AND GFDL-1.3-only AND LicenseRef-GFDL-NIV-1.3 AND GPL-2.0-only AND GPL-2.0-or-later AND GPL-3.0-only AND GPL-3.0-or-later AND LGPL-2.0-only AND LGPL-2.0-or-later AND LGPL-2.1-only AND LGPL-2.1-or-later AND LGPL-3.0-only AND LGPL-3.0-or-later AND X11 AND LicenseRef-public-domain
scenescape-model-installer,dpkg:1.22.6ubuntu6.5,Ubuntu,GPL-2.0-only AND GPL-2.0-or-later AND LicenseRef-public-domain-s-s-d
scenescape-model-installer,e2fsprogs:1.47.0-2.4~exp1ubuntu4.1,Ubuntu,Apache-2.0 AND Apache-2.0 AND BSD-3-Clause AND LicenseRef-GPL AND GPL-2.0-only AND GPL-2.0-or-later AND ISC AND Kazlib AND LGPL-2.0-only AND Latex2e
scenescape-model-installer,findutils:4.9.0-5build1,Ubuntu,BSD-3-Clause AND FSFAP AND FSFULLR AND GFDL-1.3-only AND LicenseRef-GFDL-NIV-1.3- AND LicenseRef-GPL AND GPL-2.0-only AND GPL-2.0-or-later AND GPL-3.0-only AND GPL-3.0-or-later AND ISC AND LGPL-2.0-only AND LGPL-2.0-or-later AND LGPL-2.1-only AND LGPL-2.1-or-later AND LGPL-3.0-only AND LGPL-3.0-or-later AND X11 AND LicenseRef-public-domain
scenescape-model-installer,gcc-14-base:14.2.0-4ubuntu2~24.04.1,Ubuntu,LicenseRef-Artistic AND GFDL-1.2-only AND LicenseRef-GPL AND GPL-3.0-only AND LicenseRef-LGPL
scenescape-model-installer,gpgv:2.4.4-2ubuntu17.4,Ubuntu,BSD-3-Clause AND CC0-1.0 AND LicenseRef-Expat AND GPL-2.0-or-later AND GPL-2.0-only AND GPL-3.0-only AND GPL-3.0-or-later AND LGPL-2.1-only AND LGPL-2.1-or-later AND LGPL-3.0-only AND LGPL-3.0-or-later AND LicenseRef-RFC-Reference AND LicenseRef-TinySCHEME AND LicenseRef-permissive
scenescape-model-installer,grep:3.11-4build1,Ubuntu,GPL-3.0-only AND GPL-3.0-or-later
scenescape-model-installer,gzip:1.12-1ubuntu3.1,Ubuntu,LicenseRef-FSF-manpages AND LicenseRef-GFDL-1.3--no-invariant AND LicenseRef-GFDL-3 AND GPL-3.0-only AND GPL-3.0-or-later
scenescape-model-installer,hostname:3.23+nmu2ubuntu2,Ubuntu,GPL-2.0-only
scenescape-model-installer,init-system-helpers:1.66ubuntu1,Ubuntu,BSD-3-Clause AND GPL-2.0-only AND GPL-2.0-or-later
scenescape-model-installer,libacl1:2.3.2-1build1.1,Ubuntu,GPL-2.0-only AND GPL-2.0-or-later AND LGPL-2.0-or-later AND LGPL-2.1-only
scenescape-model-installer,libapt-pkg6.0t64:2.8.3,Ubuntu,BSD-3-Clause AND LicenseRef-Expat AND GPL-2.0-only AND GPL-2.0-or-later
scenescape-model-installer,libassuan0:2.5.6-1build1,Ubuntu,LicenseRef-GAP AND LicenseRef-GAP-FSF AND GPL-2.0-only AND GPL-2.0-or-later AND GPL-3.0-only AND GPL-3.0-or-later AND LGPL-2.1-only AND LGPL-2.1-or-later AND LGPL-3.0-only AND LGPL-3.0-or-later
scenescape-model-installer,libattr1:1:2.5.2-1build1.1,Ubuntu,GPL-2.0-only AND GPL-2.0-or-later AND LGPL-2.0-or-later AND LGPL-2.1-only
scenescape-model-installer,libaudit-common:1:3.1.2-2.1build1.1,Ubuntu,GPL-1.0-only AND GPL-2.0-only AND LGPL-2.1-only
scenescape-model-installer,libaudit1:1:3.1.2-2.1build1.1,Ubuntu,GPL-1.0-only AND GPL-2.0-only AND LGPL-2.1-only
scenescape-model-installer,libblkid1:2.39.3-9ubuntu6.4,Ubuntu,BSD-3-Clause AND BSD-4-Clause AND LicenseRef-BSLA AND GPL-2.0-only AND GPL-2.0-or-later AND GPL-3.0-only AND GPL-3.0-or-later AND LicenseRef-LGPL AND LGPL-2.0-only AND LGPL-2.0-or-later AND LGPL-2.1-only AND LGPL-2.1-or-later AND LGPL-3.0-only AND LGPL-3.0-or-later AND MIT AND LicenseRef-public-domain
scenescape-model-installer,libbz2-1.0:1.0.8-5.1build0.1,Ubuntu,LicenseRef-BSD-variant AND GPL-2.0-only
scenescape-model-installer,libc-bin:2.39-0ubuntu8.7,Ubuntu,GFDL-1.3-only AND GPL-2.0-only AND LGPL-2.1-only
scenescape-model-installer,libc6:2.39-0ubuntu8.7,Ubuntu,GFDL-1.3-only AND GPL-2.0-only AND LGPL-2.1-only
scenescape-model-installer,libcap-ng0:0.8.4-2build2,Ubuntu,GPL-2.0-only AND GPL-2.0-or-later AND GPL-3.0-only AND LGPL-2.1-only AND LGPL-2.1-or-later
scenescape-model-installer,libcap2:1:2.66-5ubuntu2.2,Ubuntu,BSD-3-Clause AND GPL-2.0-only AND GPL-2.0-or-later
scenescape-model-installer,libcom-err2:1.47.0-2.4~exp1ubuntu4.1,Ubuntu,Apache-2.0 AND Apache-2.0 AND BSD-3-Clause AND LicenseRef-GPL AND GPL-2.0-only AND GPL-2.0-or-later AND ISC AND Kazlib AND LGPL-2.0-only AND Latex2e
scenescape-model-installer,libcrypt1:1:4.4.36-4build1,Ubuntu,NOASSERTION
scenescape-model-installer,libdb5.3t64:5.3.28+dfsg2-7,Ubuntu,LicenseRef-Artistic AND BSD-3-Clause AND LicenseRef-BSD-3-clause-fjord AND LicenseRef-GPL AND GPL-3.0-only AND LicenseRef-MIT-old AND MS-PL AND Sleepycat AND LicenseRef-TCL-like AND X11 AND Zlib
scenescape-model-installer,libdebconfclient0:0.271ubuntu3,Ubuntu,BSD-2-Clause AND BSD-2-Clause AND GPL-2.0-only AND GPL-2.0-or-later
scenescape-model-installer,libexpat1:2.6.1-2ubuntu0.4,Ubuntu,MIT
scenescape-model-installer,libext2fs2t64:1.47.0-2.4~exp1ubuntu4.1,Ubuntu,Apache-2.0 AND Apache-2.0 AND BSD-3-Clause AND LicenseRef-GPL AND GPL-2.0-only AND GPL-2.0-or-later AND ISC AND Kazlib AND LGPL-2.0-only AND Latex2e
scenescape-model-installer,libffi8:3.4.6-1build1,Ubuntu,LicenseRef-Expat AND LicenseRef-GPL AND GPL-2.0-or-later AND GPL-3.0-or-later AND MPL-1.1 AND X11 AND LicenseRef-public-domain
scenescape-model-installer,libgcc-s1:14.2.0-4ubuntu2~24.04.1,Ubuntu,LicenseRef-Artistic AND GFDL-1.2-only AND LicenseRef-GPL AND GPL-3.0-only AND LicenseRef-LGPL
scenescape-model-installer,libgcrypt20:1.10.3-2build1,Ubuntu,GPL-2.0-only AND LicenseRef-LGPL
scenescape-model-installer,libgmp10:2:6.3.0+dfsg-2ubuntu6.1,Ubuntu,GPL-2.0-only AND GPL-2.0-or-later AND GPL-3.0-only AND GPL-3.0-or-later AND LGPL-3.0-only AND LGPL-3.0-or-later
scenescape-model-installer,libgnutls30t64:3.8.3-1.1ubuntu3.5,Ubuntu,Apache-2.0 AND BSD-3-Clause AND LicenseRef-CC0 AND LicenseRef-Expat AND GFDL-1.3-only AND LicenseRef-GPL AND GPL-3.0-only AND LicenseRef-GPLv3- AND LicenseRef-LGPL AND LGPL-3.0-only AND LicenseRef-LGPLv2.1- AND LicenseRef-LGPLv3--or-GPLv2- AND LicenseRef-The
scenescape-model-installer,libgpg-error0:1.47-3build2.1,Ubuntu,BSD-3-Clause AND GPL-3.0-only AND GPL-3.0-or-later AND LGPL-2.1-only AND LGPL-2.1-or-later AND LicenseRef-g10-permissive
scenescape-model-installer,libhogweed6t64:3.9.1-2.2build1.1,Ubuntu,LicenseRef-Expat AND LicenseRef-GAP AND LicenseRef-GPL AND GPL-2.0-only AND GPL-2.0-or-later AND GPL-3.0-or-later AND LicenseRef-LGPL AND LGPL-2.0-only AND LGPL-2.0-or-later AND LGPL-3.0-or-later AND LicenseRef-public-domain
scenescape-model-installer,libidn2-0:2.3.7-2build1.1,Ubuntu,GPL-2.0-only AND GPL-2.0-or-later AND GPL-3.0-only AND GPL-3.0-or-later AND LGPL-3.0-only AND LGPL-3.0-or-later AND LicenseRef-Unicode
scenescape-model-installer,liblz4-1:1.9.4-1build1.1,Ubuntu,BSD-2-Clause AND GPL-2.0-only AND GPL-2.0-or-later
scenescape-model-installer,liblzma5:5.6.1+really5.4.5-1ubuntu0.2,Ubuntu,LicenseRef-Autoconf AND GPL-2.0-only AND GPL-2.0-or-later AND GPL-3.0-only AND LGPL-2.0-only AND LGPL-2.1-only AND LGPL-2.1-or-later AND LicenseRef-PD AND LicenseRef-PD-debian AND LicenseRef-config-h AND LicenseRef-noderivs AND LicenseRef-permissive-fsf AND LicenseRef-permissive-nowarranty AND LicenseRef-probably-PD
scenescape-model-installer,libmd0:1.1.0-2build1.1,Ubuntu,BSD-2-Clause AND BSD-2-Clause AND BSD-3-Clause AND LicenseRef-BSD-3-clause-Aaron-D-Gifford AND Beerware AND ISC AND LicenseRef-public-domain-md4 AND LicenseRef-public-domain-md5 AND LicenseRef-public-domain-sha1
scenescape-model-installer,libmount1:2.39.3-9ubuntu6.4,Ubuntu,BSD-3-Clause AND BSD-4-Clause AND LicenseRef-BSLA AND GPL-2.0-only AND GPL-2.0-or-later AND GPL-3.0-only AND GPL-3.0-or-later AND LicenseRef-LGPL AND LGPL-2.0-only AND LGPL-2.0-or-later AND LGPL-2.1-only AND LGPL-2.1-or-later AND LGPL-3.0-only AND LGPL-3.0-or-later AND MIT AND LicenseRef-public-domain
scenescape-model-installer,libncursesw6:6.4+20240113-1ubuntu2,Ubuntu,BSD-3-Clause AND LicenseRef-MIT-X11 AND X11
scenescape-model-installer,libnettle8t64:3.9.1-2.2build1.1,Ubuntu,LicenseRef-Expat AND LicenseRef-GAP AND LicenseRef-GPL AND GPL-2.0-only AND GPL-2.0-or-later AND GPL-3.0-or-later AND LicenseRef-LGPL AND LGPL-2.0-only AND LGPL-2.0-or-later AND LGPL-3.0-or-later AND LicenseRef-public-domain
scenescape-model-installer,libnpth0t64:1.6-3.1build1,Ubuntu,LGPL-2.1-only AND LGPL-2.1-or-later
scenescape-model-installer,libp11-kit0:0.25.3-4ubuntu2.1,Ubuntu,Apache-2.0 AND BSD-3-Clause AND FSFAP AND FSFULLR AND GPL-2.0-or-later AND GPL-3.0-or-later AND ISC AND LGPL-2.1-only AND LGPL-2.1-or-later AND X11 AND LicenseRef-customFSFUL AND LicenseRef-customFSFULLRWD
scenescape-model-installer,libpam-modules:1.5.3-5ubuntu5.5,Ubuntu,BSD-3-Clause AND LicenseRef-BSD-tcp-wrappers AND Beerware AND LicenseRef-GPL AND GPL-2.0-only AND GPL-2.0-or-later AND GPL-3.0-only AND GPL-3.0-or-later AND LGPL-2.0-only AND LGPL-2.0-or-later AND LicenseRef-public-domain
scenescape-model-installer,libpam-modules-bin:1.5.3-5ubuntu5.5,Ubuntu,BSD-3-Clause AND LicenseRef-BSD-tcp-wrappers AND Beerware AND LicenseRef-GPL AND GPL-2.0-only AND GPL-2.0-or-later AND GPL-3.0-only AND GPL-3.0-or-later AND LGPL-2.0-only AND LGPL-2.0-or-later AND LicenseRef-public-domain
scenescape-model-installer,libpam-runtime:1.5.3-5ubuntu5.5,Ubuntu,BSD-3-Clause AND LicenseRef-BSD-tcp-wrappers AND Beerware AND LicenseRef-GPL AND GPL-2.0-only AND GPL-2.0-or-later AND GPL-3.0-only AND GPL-3.0-or-later AND LGPL-2.0-only AND LGPL-2.0-or-later AND LicenseRef-public-domain
scenescape-model-installer,libpam0g:1.5.3-5ubuntu5.5,Ubuntu,BSD-3-Clause AND LicenseRef-BSD-tcp-wrappers AND Beerware AND LicenseRef-GPL AND GPL-2.0-only AND GPL-2.0-or-later AND GPL-3.0-only AND GPL-3.0-or-later AND LGPL-2.0-only AND LGPL-2.0-or-later AND LicenseRef-public-domain
scenescape-model-installer,libpcre2-8-0:10.42-4ubuntu2.1,Ubuntu,BSD-2-Clause AND BSD-3-Clause AND LicenseRef-BSD-3-clause-Cambridge AND X11 AND LicenseRef-public-domain
scenescape-model-installer,libproc2-0:2:4.0.4-4ubuntu3.2,Ubuntu,GPL-2.0-only AND GPL-2.0-or-later AND LGPL-2.0-only AND LGPL-2.0-or-later AND LGPL-2.1-only AND LGPL-2.1-or-later
scenescape-model-installer,libpsl5t64:0.21.2-1.1build1,Ubuntu,LicenseRef-Chromium AND MIT AND LicenseRef-gnulib
scenescape-model-installer,libpython3-stdlib:3.12.3-0ubuntu2.1,Ubuntu,NOASSERTION
scenescape-model-installer,libpython3.12-minimal:3.12.3-1ubuntu0.12,Ubuntu,LicenseRef-By AND GPL-2.0-only AND LicenseRef-Permission AND LicenseRef-Redistribution AND LicenseRef-This
scenescape-model-installer,libpython3.12-stdlib:3.12.3-1ubuntu0.12,Ubuntu,LicenseRef-By AND GPL-2.0-only AND LicenseRef-Permission AND LicenseRef-Redistribution AND LicenseRef-This
scenescape-model-installer,libreadline8t64:8.2-4build1,Ubuntu,LicenseRef-GFDL AND LicenseRef-GFDL-NIV-1.3- AND GPL-2.0-only AND GPL-2.0-or-later AND GPL-3.0-only AND GPL-3.0-or-later AND LicenseRef-ISC-no-attribution
scenescape-model-installer,libseccomp2:2.5.5-1ubuntu3.1,Ubuntu,LGPL-2.1-only
scenescape-model-installer,libselinux1:3.5-2ubuntu2.1,Ubuntu,GPL-2.0-only AND LicenseRef-public-domain
scenescape-model-installer,libsemanage-common:3.5-1build5,Ubuntu,GPL-2.0-only AND LGPL-2.1-only AND LGPL-2.1-or-later
scenescape-model-installer,libsemanage2:3.5-1build5,Ubuntu,GPL-2.0-only AND LGPL-2.1-only AND LGPL-2.1-or-later
scenescape-model-installer,libsepol2:3.5-2build1,Ubuntu,GPL-2.0-only AND GPL-2.0-or-later AND LGPL-2.1-only AND LGPL-2.1-or-later AND Zlib
scenescape-model-installer,libsmartcols1:2.39.3-9ubuntu6.4,Ubuntu,BSD-3-Clause AND BSD-4-Clause AND LicenseRef-BSLA AND GPL-2.0-only AND GPL-2.0-or-later AND GPL-3.0-only AND GPL-3.0-or-later AND LicenseRef-LGPL AND LGPL-2.0-only AND LGPL-2.0-or-later AND LGPL-2.1-only AND LGPL-2.1-or-later AND LGPL-3.0-only AND LGPL-3.0-or-later AND MIT AND LicenseRef-public-domain
scenescape-model-installer,libsqlite3-0:3.45.1-1ubuntu2.5,Ubuntu,GPL-2.0-only AND GPL-2.0-or-later AND LicenseRef-public-domain
scenescape-model-installer,libss2:1.47.0-2.4~exp1ubuntu4.1,Ubuntu,Apache-2.0 AND Apache-2.0 AND BSD-3-Clause AND LicenseRef-GPL AND GPL-2.0-only AND GPL-2.0-or-later AND ISC AND Kazlib AND LGPL-2.0-only AND Latex2e
scenescape-model-installer,libssl3t64:3.0.13-0ubuntu3.7,Ubuntu,Apache-2.0 AND LicenseRef-Artistic AND GPL-1.0-only AND GPL-1.0-or-later
scenescape-model-installer,libstdc++6:14.2.0-4ubuntu2~24.04.1,Ubuntu,LicenseRef-Artistic AND GFDL-1.2-only AND LicenseRef-GPL AND GPL-3.0-only AND LicenseRef-LGPL
scenescape-model-installer,libsystemd0:255.4-1ubuntu8.12,Ubuntu,CC0-1.0 AND LicenseRef-Expat AND GPL-2.0-only AND GPL-2.0-or-later AND LGPL-2.1-only AND LGPL-2.1-or-later AND LicenseRef-public-domain
scenescape-model-installer,libtasn1-6:4.19.0-3ubuntu0.24.04.2,Ubuntu,GFDL-1.3-only AND GPL-3.0-only AND LicenseRef-LGPL AND LGPL-2.1-only
scenescape-model-installer,libtinfo6:6.4+20240113-1ubuntu2,Ubuntu,BSD-3-Clause AND LicenseRef-MIT-X11 AND X11
scenescape-model-installer,libudev1:255.4-1ubuntu8.12,Ubuntu,CC0-1.0 AND LicenseRef-Expat AND GPL-2.0-only AND GPL-2.0-or-later AND LGPL-2.1-only AND LGPL-2.1-or-later AND LicenseRef-public-domain
scenescape-model-installer,libunistring5:1.1-2build1.1,Ubuntu,LicenseRef-FreeSoftware AND GFDL-1.2-only AND LicenseRef-GFDL-NIV-1.2- AND GPL-2.0-only AND GPL-2.0-or-later AND GPL-3.0-only AND GPL-3.0-or-later AND LGPL-3.0-only AND LGPL-3.0-or-later AND X11
scenescape-model-installer,libuuid1:2.39.3-9ubuntu6.4,Ubuntu,BSD-3-Clause AND BSD-4-Clause AND LicenseRef-BSLA AND GPL-2.0-only AND GPL-2.0-or-later AND GPL-3.0-only AND GPL-3.0-or-later AND LicenseRef-LGPL AND LGPL-2.0-only AND LGPL-2.0-or-later AND LGPL-2.1-only AND LGPL-2.1-or-later AND LGPL-3.0-only AND LGPL-3.0-or-later AND MIT AND LicenseRef-public-domain
scenescape-model-installer,libxxhash0:0.8.2-2build1,Ubuntu,BSD-2-Clause AND GPL-2.0-only AND GPL-2.0-or-later
scenescape-model-installer,libzstd1:1.5.5+dfsg2-2build1.1,Ubuntu,BSD-3-Clause AND LicenseRef-Expat AND GPL-2.0-only AND Zlib
scenescape-model-installer,login:1:4.13+dfsg1-4ubuntu3.2,Ubuntu,BSD-3-Clause AND GPL-1.0-only AND GPL-2.0-only AND GPL-2.0-or-later AND LicenseRef-public-domain
scenescape-model-installer,logsave:1.47.0-2.4~exp1ubuntu4.1,Ubuntu,Apache-2.0 AND Apache-2.0 AND BSD-3-Clause AND LicenseRef-GPL AND GPL-2.0-only AND GPL-2.0-or-later AND ISC AND Kazlib AND LGPL-2.0-only AND Latex2e
scenescape-model-installer,mawk:1.3.4.20240123-1build1,Ubuntu,CC-BY-3.0 AND GPL-2.0-only AND GPL-2.0-only AND X11
scenescape-model-installer,media-types:10.1.0,Ubuntu,LicenseRef-ad-hoc
scenescape-model-installer,mount:2.39.3-9ubuntu6.4,Ubuntu,BSD-3-Clause AND BSD-4-Clause AND LicenseRef-BSLA AND GPL-2.0-only AND GPL-2.0-or-later AND GPL-3.0-only AND GPL-3.0-or-later AND LicenseRef-LGPL AND LGPL-2.0-only AND LGPL-2.0-or-later AND LGPL-2.1-only AND LGPL-2.1-or-later AND LGPL-3.0-only AND LGPL-3.0-or-later AND MIT AND LicenseRef-public-domain
scenescape-model-installer,mpmath==1.3.0,pypi,LicenseRef-BSD
scenescape-model-installer,ncurses-base:6.4+20240113-1ubuntu2,Ubuntu,BSD-3-Clause AND LicenseRef-MIT-X11 AND X11
scenescape-model-installer,ncurses-bin:6.4+20240113-1ubuntu2,Ubuntu,BSD-3-Clause AND LicenseRef-MIT-X11 AND X11
scenescape-model-installer,netbase:6.4,Ubuntu,GPL-2.0-only
scenescape-model-installer,openssl:3.0.13-0ubuntu3.7,Ubuntu,NOASSERTION
scenescape-model-installer,passwd:1:4.13+dfsg1-4ubuntu3.2,Ubuntu,BSD-3-Clause AND GPL-1.0-only AND GPL-2.0-only AND GPL-2.0-or-later AND LicenseRef-public-domain
scenescape-model-installer,perl-base:5.38.2-3.2ubuntu0.2,Ubuntu,LicenseRef-Artistic AND Artistic-2.0 AND Artistic-dist AND BSD-3-Clause AND LicenseRef-BSD-3-clause-GENERIC AND LicenseRef-BSD-3-clause-with-weird-numbering AND LicenseRef-BSD-4-clause-POWERDOG AND LicenseRef-BZIP AND LicenseRef-DONT-CHANGE-THE-GPL AND LicenseRef-Expat AND FSFAP AND GPL-1.0-only AND GPL-1.0-or-later AND GPL-2.0-only AND GPL-2.0-or-later AND LicenseRef-GPL-3--WITH-BISON-EXCEPTION AND LGPL-2.1-only AND LicenseRef-REGCOMP AND LicenseRef-REGCOMP- AND LicenseRef-SDBM-PUBLIC-DOMAIN AND LicenseRef-TEXT-TABS AND LicenseRef-Unicode AND Zlib
scenescape-model-installer,pip==24.0,pypi,MIT
scenescape-model-installer,procps:2:4.0.4-4ubuntu3.2,Ubuntu,GPL-2.0-only AND GPL-2.0-or-later AND LGPL-2.0-only AND LGPL-2.0-or-later AND LGPL-2.1-only AND LGPL-2.1-or-later
scenescape-model-installer,python3:3.12.3-0ubuntu2.1,Ubuntu,NOASSERTION
scenescape-model-installer,python3-minimal:3.12.3-0ubuntu2.1,Ubuntu,NOASSERTION
scenescape-model-installer,python3-pip:24.0+dfsg-1ubuntu1.3,Ubuntu,Apache-2.0 AND LicenseRef-BSD-2 AND LicenseRef-BSD-3 AND LicenseRef-Expat AND ISC AND LGPL-2.1-only AND LGPL-2.1-or-later AND MPL-2.0 AND MPL-2.0 AND LicenseRef-Python
scenescape-model-installer,python3-pkg-resources:68.1.2-2ubuntu1.2,Ubuntu,Apache-2.0 AND BSD-3-Clause
scenescape-model-installer,python3-setuptools:68.1.2-2ubuntu1.2,Ubuntu,Apache-2.0 AND BSD-3-Clause
scenescape-model-installer,python3-wheel:0.42.0-2,Ubuntu,Apache-2.0 AND BSD-2-Clause AND LicenseRef-Expat AND GPL-3.0-only
scenescape-model-installer,python3.12:3.12.3-1ubuntu0.12,Ubuntu,LicenseRef-By AND GPL-2.0-only AND LicenseRef-Permission AND LicenseRef-Redistribution AND LicenseRef-This
scenescape-model-installer,python3.12-minimal:3.12.3-1ubuntu0.12,Ubuntu,LicenseRef-By AND GPL-2.0-only AND LicenseRef-Permission AND LicenseRef-Redistribution AND LicenseRef-This
scenescape-model-installer,readline-common:8.2-4build1,Ubuntu,LicenseRef-GFDL AND LicenseRef-GFDL-NIV-1.3- AND GPL-2.0-only AND GPL-2.0-or-later AND GPL-3.0-only AND GPL-3.0-or-later AND LicenseRef-ISC-no-attribution
scenescape-model-installer,sed:4.9-2build1,Ubuntu,BSD-4-Clause-UC AND BSL-1.0 AND GFDL-1.3-only AND LicenseRef-GFDL-NIV-1.3- AND GPL-3.0-only AND GPL-3.0-or-later AND ISC AND X11 AND LicenseRef-pcre
scenescape-model-installer,sensible-utils:0.0.22,Ubuntu,LicenseRef-All-permissive AND BSD-2-Clause AND GPL-2.0-only AND GPL-2.0-or-later AND LicenseRef-configure AND LicenseRef-installsh
scenescape-model-installer,setuptools==68.1.2,pypi,NOASSERTION
scenescape-model-installer,sysvinit-utils:3.08-6ubuntu3,Ubuntu,GPL-2.0-only AND GPL-2.0-only AND GPL-2.0-or-later AND GPL-3.0-only AND GPL-3.0-only AND LGPL-2.1-only AND LGPL-2.1-or-later
scenescape-model-installer,tar:1.35+dfsg-3build1,Ubuntu,GPL-2.0-only AND GPL-2.0-or-later AND GPL-3.0-only AND GPL-3.0-or-later AND LGPL-2.1-only AND LGPL-2.1-or-later AND LGPL-3.0-only AND LGPL-3.0-or-later
scenescape-model-installer,tzdata:2025b-0ubuntu0.24.04.1,Ubuntu,ICU AND LicenseRef-public-domain
scenescape-model-installer,ubuntu-keyring:2023.11.28.1,Ubuntu,LicenseRef-GPL
scenescape-model-installer,unminimize:0.2.1,Ubuntu,GPL-2.0-only AND GPL-2.0-or-later
scenescape-model-installer,util-linux:2.39.3-9ubuntu6.4,Ubuntu,BSD-3-Clause AND BSD-4-Clause AND LicenseRef-BSLA AND GPL-2.0-only AND GPL-2.0-or-later AND GPL-3.0-only AND GPL-3.0-or-later AND LicenseRef-LGPL AND LGPL-2.0-only AND LGPL-2.0-or-later AND LGPL-2.1-only AND LGPL-2.1-or-later AND LGPL-3.0-only AND LGPL-3.0-or-later AND MIT AND LicenseRef-public-domain
scenescape-model-installer,wget:1.21.4-1ubuntu4.1,Ubuntu,GFDL-1.2-only AND GPL-3.0-only
scenescape-model-installer,wheel==0.42.0,pypi,NOASSERTION
scenescape-model-installer,zlib1g:1:1.3.dfsg-3.1ubuntu2.1,Ubuntu,Zlib
scenescape-model-installer,sbom,UNKNOWN,NOASSERTION
scenescape-tracker,base-files:13.8+deb13u3,Ubuntu,LicenseRef-GPL AND GPL-2.0-or-later AND LicenseRef-verbatim
scenescape-tracker,gcc-14-base:14.2.0-19,Ubuntu,LicenseRef-Artistic AND GFDL-1.2-only AND LicenseRef-GPL AND GPL-3.0-only AND LicenseRef-LGPL
scenescape-tracker,libc6:2.41-12+deb13u1,Ubuntu,BSD-2-Clause AND LicenseRef-BSD-3-clause-Berkeley AND LicenseRef-BSD-3-clause-Carnegie AND LicenseRef-BSD-3-clause-Oracle AND LicenseRef-BSD-3-clause-WIDE AND LicenseRef-BSD-like-Spencer AND BSL-1.0 AND LicenseRef-CORE-MATH AND LicenseRef-Carnegie AND LicenseRef-DEC AND FSFAP AND GPL-2.0-only AND GPL-2.0-or-later AND LicenseRef-GPL-2--with-link-exception AND GPL-3.0-only AND GPL-3.0-or-later AND LicenseRef-IBM AND ISC AND LicenseRef-Inner-Net AND LGPL-2.0-only AND LGPL-2.0-or-later AND LGPL-2.1-only AND LGPL-2.1-or-later AND LicenseRef-LGPL-2.1--with-link-exception AND LGPL-3.0-only AND LGPL-3.0-or-later AND LicenseRef-MIT-like-Lord AND LicenseRef-PCRE AND SunPro AND Unicode-DFS-2016 AND LicenseRef-Univ-Coimbra AND LicenseRef-public-domain
scenescape-tracker,libgcc-s1:14.2.0-19,Ubuntu,LicenseRef-Artistic AND GFDL-1.2-only AND LicenseRef-GPL AND GPL-3.0-only AND LicenseRef-LGPL
scenescape-tracker,libgomp1:14.2.0-19,Ubuntu,LicenseRef-Artistic AND GFDL-1.2-only AND LicenseRef-GPL AND GPL-3.0-only AND LicenseRef-LGPL
scenescape-tracker,libssl3t64:3.5.4-1~deb13u2,Ubuntu,Apache-2.0 AND LicenseRef-Artistic AND GPL-1.0-only AND GPL-1.0-or-later
scenescape-tracker,libstdc++6:14.2.0-19,Ubuntu,LicenseRef-Artistic AND GFDL-1.2-only AND LicenseRef-GPL AND GPL-3.0-only AND LicenseRef-LGPL
scenescape-tracker,libzstd1:1.5.7+dfsg-1,Ubuntu,BSD-3-Clause AND LicenseRef-Expat AND GPL-2.0-only AND Zlib
scenescape-tracker,media-types:13.0.0,Ubuntu,LicenseRef-ad-hoc
scenescape-tracker,netbase:6.5,Ubuntu,GPL-2.0-only
scenescape-tracker,tzdata:2025b-4+deb13u1,Ubuntu,LicenseRef-public-domain
scenescape-tracker,zlib1g:1:1.3.dfsg+really1.3.1-1+b1,Ubuntu,Zlib
scenescape-tracker,sbom,UNKNOWN,NOASSERTION
